Region;Product/service;01'2019;02'2019;03'2019;04'2019;05'2019;06'2019;07'2019;08'2019;09'2019;10'2019;11'2019;12'2019
DOLNOSLASKIE;apple juice;105.8;111.2;105.8;101.6;99.2;101.0;102.6;102.1;101.6;105.1;105.9;105.1
KUJAWSKO-POMORSKIE;apple juice;106.9;105.3;103.5;108.5;109.4;107.0;106.1;100.8;100.8;101.5;106.4;99.7
LODZKIE;apple juice;101.8;101.8;99.5;100.8;97.2;98.7;100.5;95.0;99.7;97.8;96.9;108.4
LUBELSKIE;apple juice;107.9;105.4;100.0;99.5;101.0;104.5;106.9;106.4;106.7;101.3;104.4;107.0
LUBUSKIE;apple juice;109.7;107.1;98.1;111.0;99.7;104.0;100.0;103.2;94.9;96.2;99.5;98.7
MALOPOLSKIE;apple juice;103.1;101.2;111.0;105.0;107.0;105.1;102.8;101.0;105.5;101.0;104.5;96.6
MAZOWIECKIE;apple juice;102.7;97.2;101.3;100.5;94.8;96.6;97.1;95.9;95.6;97.8;100.0;104.8
OPOLSKIE;apple juice;110.8;103.3;112.8;98.9;94.5;100.6;99.4;107.2;106.8;114.6;104.3;100.3
PODKARPACKIE;apple juice;104.5;104.8;100.2;103.5;103.0;105.2;102.0;102.5;108.7;98.8;102.2;100.7
PODLASKIE;apple juice;110.8;104.3;111.9;108.6;94.4;101.6;101.8;101.6;108.0;107.0;106.0;102.4
POMORSKIE;apple juice;101.1;103.2;100.8;95.0;105.3;100.8;102.1;105.5;109.8;104.7;102.6;112.4
SLASKIE;apple juice;92.1;99.5;98.4;100.0;97.0;101.1;105.0;100.8;101.1;101.3;103.8;108.2
SWIETOKRZYSKIE;apple juice;107.6;104.1;102.0;96.9;97.5;101.4;101.1;102.2;98.1;98.1;96.8;105.7
WARMINÉSKO-MAZURSKIE;apple juice;98.4;101.3;102.9;108.0;105.2;106.8;107.2;108.1;114.0;106.5;101.5;101.0
WIELKOPOLSKIE;apple juice;106.0;101.8;101.6;98.7;102.0;101.3;103.1;103.4;101.3;98.0;93.9;95.9
ZACHODNIOPOMORSKIE;apple juice;106.7;107.7;110.6;103.4;98.5;103.3;104.1;101.7;104.2;101.3;101.3;99.5
DOLNOSLASKIE;apples;62.6;63.3;63.0;61.3;61.5;62.7;65.2;92.2;122.7;145.0;170.8;162.8
KUJAWSKO-POMORSKIE;apples;64.0;64.1;57.6;55.2;56.4;58.9;61.9;96.7;111.7;133.2;161.9;156.6
LODZKIE;apples;56.3;57.8;56.2;57.1;54.1;60.8;61.9;102.4;140.0;164.6;170.3;168.1
LUBELSKIE;apples;59.0;63.2;62.4;58.8;61.9;59.8;68.6;104.0;128.5;145.5;157.3;155.7
LUBUSKIE;apples;61.4;61.8;61.4;63.8;69.0;71.5;74.7;94.6;133.1;145.9;162.4;148.7
MALOPOLSKIE;apples;54.4;56.1;54.4;53.1;53.3;56.6;66.7;95.0;146.6;145.4;183.4;175.7
MAZOWIECKIE;apples;61.1;59.4;52.8;49.8;54.0;58.2;64.2;96.8;134.0;141.0;162.9;168.7
OPOLSKIE;apples;55.7;54.4;54.1;52.0;49.7;57.1;58.7;89.0;127.3;151.8;175.9;175.2
PODKARPACKIE;apples;48.7;50.7;50.6;45.8;46.5;50.8;60.6;94.4;133.8;138.1;146.2;158.4
PODLASKIE;apples;60.0;59.3;63.9;61.9;58.3;59.6;64.1;82.2;129.0;136.4;147.3;157.6
POMORSKIE;apples;66.6;68.1;68.3;65.5;62.1;60.9;63.8;84.8;112.3;140.9;144.0;157.1
SLASKIE;apples;64.1;65.3;62.4;61.8;63.3;59.7;62.3;86.5;113.3;135.0;147.3;146.0
SWIETOKRZYSKIE;apples;69.2;70.4;64.1;60.9;54.5;61.6;72.6;87.3;113.2;124.9;131.6;139.4
WARMINÉSKO-MAZURSKIE;apples;66.1;65.3;59.8;59.4;62.0;67.2;68.4;94.7;121.5;126.4;143.0;157.8
WIELKOPOLSKIE;apples;65.0;62.8;64.1;62.6;60.0;61.1;64.4;86.5;113.6;139.5;155.8;160.3
ZACHODNIOPOMORSKIE;apples;60.9;59.1;58.3;56.8;59.3;61.2;69.7;83.3;115.6;141.2;155.9;172.8
DOLNOSLASKIE;beef meat;105.5;102.4;100.1;99.6;104.4;103.7;102.6;102.0;101.8;101.1;102.2;103.0
KUJAWSKO-POMORSKIE;beef meat;101.2;97.1;98.9;105.1;107.5;104.0;100.2;102.4;99.3;98.3;99.7;103.0
LODZKIE;beef meat;101.1;103.7;101.2;102.6;106.0;102.6;101.6;104.3;104.7;104.8;103.3;102.3
LUBELSKIE;beef meat;104.9;102.9;104.0;99.6;100.7;100.5;101.6;99.5;97.9;98.4;98.3;99.3
LUBUSKIE;beef meat;104.3;102.5;99.4;94.6;91.2;96.0;100.9;96.0;93.4;95.2;99.2;96.5
MALOPOLSKIE;beef meat;100.9;99.1;99.0;100.2;100.6;98.1;106.2;104.5;106.1;105.6;107.3;106.9
MAZOWIECKIE;beef meat;101.1;102.5;101.0;101.3;102.0;103.4;102.6;100.0;100.0;98.7;100.9;103.3
OPOLSKIE;beef meat;99.1;99.6;100.4;101.3;108.3;107.9;103.8;102.9;102.9;99.6;102.9;103.4
PODKARPACKIE;beef meat;104.3;104.7;109.2;107.2;108.5;109.2;106.3;99.4;104.8;104.5;101.5;101.1
PODLASKIE;beef meat;100.3;101.3;103.5;104.2;105.7;105.9;101.7;102.5;102.5;104.0;108.1;106.1
POMORSKIE;beef meat;98.6;93.8;96.7;95.8;96.1;95.2;96.7;98.7;97.7;91.7;92.4;94.0
SLASKIE;beef meat;98.0;99.4;99.9;96.6;100.4;100.7;101.8;102.0;100.4;104.3;102.8;107.8
SWIETOKRZYSKIE;beef meat;101.5;98.5;106.1;102.8;103.3;106.2;106.2;101.2;102.7;103.6;107.8;111.2
WARMINÉSKO-MAZURSKIE;beef meat;101.4;91.8;100.7;100.8;102.3;106.2;100.0;106.3;103.0;94.1;111.1;97.0
WIELKOPOLSKIE;beef meat;100.3;102.2;99.8;96.8;98.7;99.6;99.2;95.3;96.9;93.4;99.3;99.0
ZACHODNIOPOMORSKIE;beef meat;101.7;94.2;99.6;99.2;99.0;97.5;98.0;98.5;97.5;95.9;96.1;96.2
DOLNOSLASKIE;beer;105.6;105.2;106.3;109.6;111.6;108.7;106.8;103.7;103.4;101.7;102.7;100.3
KUJAWSKO-POMORSKIE;beer;100.3;101.7;102.1;107.7;103.1;106.0;106.6;106.0;106.2;100.3;106.3;107.1
LODZKIE;beer;106.2;99.6;101.1;101.8;101.4;108.2;104.5;105.5;105.9;106.1;106.4;108.0
LUBELSKIE;beer;108.3;106.0;109.7;105.9;105.6;106.4;106.5;106.1;102.7;103.3;105.0;102.6
LUBUSKIE;beer;100.7;103.6;101.1;98.9;100.7;103.2;103.2;104.4;106.5;101.4;104.9;104.7
MALOPOLSKIE;beer;109.9;112.6;109.6;106.2;105.6;106.1;108.1;104.1;104.9;103.8;101.0;100.7
MAZOWIECKIE;beer;102.1;107.4;107.7;106.5;105.1;105.4;105.1;107.0;102.0;102.0;102.3;104.8
OPOLSKIE;beer;109.4;104.0;106.5;105.0;102.8;106.3;105.9;107.0;108.4;108.1;105.2;103.1
PODKARPACKIE;beer;105.1;105.4;104.6;108.3;108.2;110.1;109.5;109.5;107.6;102.4;104.6;103.8
PODLASKIE;beer;107.1;106.1;107.0;105.3;106.2;105.4;104.3;103.0;102.3;99.3;103.7;108.0
POMORSKIE;beer;105.4;103.8;104.5;105.2;104.8;107.6;106.9;106.8;107.0;108.2;105.4;108.6
SLASKIE;beer;102.5;99.6;100.4;100.0;102.5;105.3;104.8;101.0;102.8;103.2;103.9;101.8
SWIETOKRZYSKIE;beer;109.3;110.0;109.5;102.2;105.9;102.1;104.6;105.1;95.4;100.0;102.8;105.7
WARMINÉSKO-MAZURSKIE;beer;105.4;105.1;108.5;103.9;101.8;105.7;104.6;103.8;99.7;101.4;103.8;107.1
WIELKOPOLSKIE;beer;105.8;105.4;106.2;104.7;103.2;102.5;103.2;102.1;103.8;99.7;102.1;100.3
ZACHODNIOPOMORSKIE;beer;102.8;105.7;104.2;99.7;100.7;102.7;101.7;103.0;105.4;104.7;104.8;100.0
DOLNOSLASKIE;bus ticket;103.4;103.4;103.4;103.4;103.4;103.4;103.4;101.1;101.1;101.1;101.1;101.1
KUJAWSKO-POMORSKIE;bus ticket;100.0;100.0;100.0;100.0;100.0;100.0;100.0;100.0;100.0;100.0;100.0;100.0
LODZKIE;bus ticket;100.0;100.0;100.0;101.5;101.5;101.5;101.5;101.5;101.5;101.5;101.5;101.5
LUBELSKIE;bus ticket;100.0;100.0;100.0;100.0;100.0;100.0;100.0;100.0;100.0;100.0;100.0;100.0
LUBUSKIE;bus ticket;100.0;100.0;100.0;100.0;100.0;107.5;107.5;107.5;107.5;107.5;107.5;107.5
MALOPOLSKIE;bus ticket;101.8;101.8;101.8;101.8;108.2;108.2;108.2;108.2;111.5;103.5;103.5;110.2
MAZOWIECKIE;bus ticket;101.2;102.2;98.8;98.8;99.4;99.7;100.6;100.6;101.5;101.5;101.5;101.5
OPOLSKIE;bus ticket;100.0;100.0;100.0;100.0;100.0;100.0;100.0;100.0;100.0;98.2;98.2;98.2
PODKARPACKIE;bus ticket;102.1;103.4;103.4;101.3;104.6;104.6;103.3;105.8;105.8;105.8;105.8;110.4
PODLASKIE;bus ticket;103.9;103.9;103.9;103.9;103.9;103.9;103.9;103.9;103.9;102.1;102.1;102.1
POMORSKIE;bus ticket;100.0;100.0;100.0;101.8;101.8;101.8;101.8;101.8;101.8;101.8;101.8;101.8
SLASKIE;bus ticket;100.0;100.0;100.0;98.4;98.4;98.4;98.4;98.4;98.4;98.4;100.0;100.0
SWIETOKRZYSKIE;bus ticket;100.0;100.0;100.0;100.0;100.0;100.0;100.0;100.0;100.0;100.0;100.0;100.0
WARMINÉSKO-MAZURSKIE;bus ticket;94.6;94.6;94.6;94.6;94.6;94.6;99.6;99.6;101.3;101.3;101.3;100.0
WIELKOPOLSKIE;bus ticket;100.3;97.3;97.3;97.3;97.3;97.3;97.3;97.3;99.7;102.3;104.8;104.8
ZACHODNIOPOMORSKIE;bus ticket;100.0;100.0;100.0;100.0;100.0;100.0;100.0;100.0;97.6;97.6;97.6;97.6
DOLNOSLASKIE;butter;108.8;115.2;103.6;104.0;101.0;88.5;86.0;88.7;87.6;85.2;87.9;91.9
KUJAWSKO-POMORSKIE;butter;99.7;105.0;101.9;98.9;96.0;92.6;86.1;83.2;82.8;82.6;86.9;84.4
LODZKIE;butter;105.8;109.1;106.4;99.5;101.2;87.6;84.4;86.3;86.7;85.7;85.1;88.1
LUBELSKIE;butter;101.7;101.2;104.1;100.2;98.9;95.7;94.5;89.7;93.1;88.4;88.8;85.9
LUBUSKIE;butter;102.3;106.6;109.1;116.8;105.8;105.2;94.6;92.1;85.5;83.7;83.5;82.3
MALOPOLSKIE;butter;103.8;116.4;103.2;105.5;94.9;81.7;78.4;80.8;78.7;78.6;79.4;84.3
MAZOWIECKIE;butter;99.8;102.4;102.0;98.2;98.8;89.8;85.3;81.4;85.8;86.1;87.7;86.5
OPOLSKIE;butter;103.7;105.9;98.8;100.2;87.2;76.7;82.2;83.5;78.2;84.3;78.2;83.5
PODKARPACKIE;butter;106.2;106.9;97.0;95.5;100.3;90.1;86.7;86.0;85.4;84.8;87.4;83.8
PODLASKIE;butter;93.7;110.2;111.3;103.0;103.3;92.4;84.0;76.9;87.9;89.9;87.5;87.5
POMORSKIE;butter;94.4;103.8;108.3;97.1;105.2;91.1;87.5;90.5;87.3;89.1;92.6;87.6
SLASKIE;butter;98.6;113.2;112.1;103.5;101.9;86.1;83.9;83.8;84.1;84.4;82.6;85.3
SWIETOKRZYSKIE;butter;96.3;94.5;97.1;102.1;100.5;91.5;92.2;94.8;91.9;93.2;88.8;87.8
WARMINÉSKO-MAZURSKIE;butter;107.6;106.1;102.1;98.5;95.9;85.3;83.0;82.1;82.1;85.2;86.9;88.3
WIELKOPOLSKIE;butter;100.3;104.4;106.2;111.3;102.8;96.5;93.4;91.5;92.8;87.7;89.7;90.1
ZACHODNIOPOMORSKIE;butter;107.6;100.8;109.9;94.8;96.6;86.5;84.0;79.6;79.0;79.3;81.8;82.9
DOLNOSLASKIE;carrots;146.5;139.6;137.2;121.0;108.0;93.6;95.3;104.9;97.3;87.7;81.0;81.3
KUJAWSKO-POMORSKIE;carrots;139.4;134.6;136.4;117.3;115.7;93.5;105.3;117.1;109.3;102.8;101.1;96.9
LODZKIE;carrots;143.2;152.6;140.6;116.0;111.6;93.7;101.5;114.4;97.2;91.4;87.7;93.0
LUBELSKIE;carrots;126.0;125.8;120.5;112.4;109.7;97.3;109.4;104.8;109.6;95.4;98.1;92.5
LUBUSKIE;carrots;141.1;145.7;139.3;118.8;122.9;89.2;106.1;116.0;108.6;100.0;86.5;88.1
MALOPOLSKIE;carrots;171.4;168.9;157.9;117.1;108.3;90.0;98.0;96.5;88.1;78.4;74.9;78.7
MAZOWIECKIE;carrots;146.1;132.9;133.8;112.6;105.4;90.5;100.6;109.1;101.9;93.5;87.3;90.7
OPOLSKIE;carrots;149.5;129.8;131.6;116.8;113.9;98.1;97.8;103.2;101.2;91.9;88.3;88.8
PODKARPACKIE;carrots;156.3;146.6;132.9;116.0;115.4;92.0;91.9;108.8;93.0;86.7;77.5;80.9
PODLASKIE;carrots;126.3;125.7;119.0;108.7;112.7;96.8;103.8;113.2;93.1;92.8;89.8;91.3
POMORSKIE;carrots;123.1;122.4;124.9;109.3;104.6;100.8;94.4;95.1;99.6;98.6;90.9;92.9
SLASKIE;carrots;152.7;145.7;137.5;120.0;111.1;98.2;101.1;113.0;102.7;90.2;89.7;90.5
SWIETOKRZYSKIE;carrots;120.8;126.3;123.5;116.0;115.9;92.8;96.1;105.9;98.6;89.5;94.2;88.2
WARMINÉSKO-MAZURSKIE;carrots;119.4;126.4;120.2;104.8;108.5;85.0;101.6;112.1;102.6;89.8;95.2;94.3
WIELKOPOLSKIE;carrots;127.3;134.5;130.8;123.2;125.8;101.3;106.9;113.4;107.3;97.5;93.2;98.9
ZACHODNIOPOMORSKIE;carrots;126.4;130.4;126.2;121.2;120.7;95.3;107.3;108.5;104.2;96.5;97.0;100.7
DOLNOSLASKIE;chicken;101.9;101.3;106.4;111.2;110.3;102.0;102.3;103.9;100.5;105.4;106.7;112.2
KUJAWSKO-POMORSKIE;chicken;100.3;102.1;111.7;110.3;114.4;105.8;105.7;105.3;106.4;109.9;112.2;116.0
LODZKIE;chicken;97.9;100.6;102.9;104.8;106.7;99.5;100.8;96.0;94.6;100.1;100.9;107.4
LUBELSKIE;chicken;106.9;105.0;105.3;117.3;114.0;112.8;109.7;107.6;102.0;106.2;108.0;105.5
LUBUSKIE;chicken;100.8;102.8;112.0;104.3;106.8;103.3;106.1;100.6;101.1;105.9;104.5;107.6
MALOPOLSKIE;chicken;89.7;97.0;101.3;104.7;104.0;98.3;99.1;99.9;99.7;95.4;102.3;120.6
MAZOWIECKIE;chicken;96.0;100.9;103.4;103.4;105.4;100.3;99.6;97.7;98.2;101.4;104.1;106.5
OPOLSKIE;chicken;97.4;97.6;103.6;104.5;103.9;103.0;104.5;102.8;101.1;101.1;104.3;108.8
PODKARPACKIE;chicken;93.2;92.6;98.0;103.5;107.8;104.3;104.4;102.8;100.9;97.4;103.6;106.7
PODLASKIE;chicken;90.6;96.6;99.3;106.9;104.4;103.6;105.3;95.8;95.9;100.2;101.1;112.3
POMORSKIE;chicken;83.6;87.6;98.3;97.5;96.8;92.6;96.5;92.9;92.6;102.3;100.5;109.7
SLASKIE;chicken;100.4;96.7;92.7;101.1;104.5;101.9;101.5;99.6;102.0;97.9;103.3;105.8
SWIETOKRZYSKIE;chicken;86.4;96.8;102.2;99.0;95.1;95.6;102.9;108.4;97.5;103.9;103.0;105.1
WARMINÉSKO-MAZURSKIE;chicken;99.4;101.3;101.7;109.7;114.1;105.2;105.0;103.2;100.5;104.0;109.8;108.3
WIELKOPOLSKIE;chicken;95.7;99.2;101.2;101.6;106.8;96.2;98.8;99.1;97.3;102.6;101.7;104.8
ZACHODNIOPOMORSKIE;chicken;96.7;96.6;100.7;103.8;109.5;103.0;100.1;100.9;100.4;106.2;107.6;106.5
DOLNOSLASKIE;chocolate;102.0;99.5;104.5;105.1;99.0;97.3;100.5;103.5;104.2;102.7;101.7;100.7
KUJAWSKO-POMORSKIE;chocolate;107.2;106.4;109.3;104.8;105.7;106.0;104.0;109.0;105.9;101.5;108.9;103.9
LODZKIE;chocolate;105.2;101.9;108.8;108.6;103.5;108.5;110.5;112.1;113.2;112.8;108.3;102.9
LUBELSKIE;chocolate;102.3;107.2;102.1;104.5;97.9;98.4;104.0;99.7;105.0;105.5;104.9;105.7
LUBUSKIE;chocolate;105.5;110.5;107.5;112.6;101.7;102.2;107.7;117.1;113.1;110.7;106.3;98.9
MALOPOLSKIE;chocolate;105.1;107.7;106.3;100.0;92.9;101.0;100.5;105.2;107.2;100.5;105.5;101.0
MAZOWIECKIE;chocolate;102.4;99.7;101.9;100.3;101.3;105.6;105.5;111.3;105.7;108.0;109.3;110.1
OPOLSKIE;chocolate;101.1;106.7;103.4;109.2;109.8;106.8;104.9;108.6;107.6;92.6;100.3;101.8
PODKARPACKIE;chocolate;100.5;103.0;101.4;102.5;101.4;93.8;98.2;98.6;100.0;103.3;104.3;101.6
PODLASKIE;chocolate;106.0;104.9;103.6;106.9;107.6;106.0;107.0;107.0;106.2;100.5;103.1;99.7
POMORSKIE;chocolate;108.4;111.1;110.4;107.6;107.4;105.5;108.1;103.5;109.8;102.1;97.4;97.4
SLASKIE;chocolate;103.9;105.5;107.7;104.4;98.2;101.5;103.8;109.5;102.6;103.5;101.3;104.1
SWIETOKRZYSKIE;chocolate;105.8;95.3;106.1;100.5;103.3;89.9;99.5;104.1;104.0;112.3;99.7;99.0
WARMINÉSKO-MAZURSKIE;chocolate;104.4;96.4;103.0;100.8;105.8;94.1;100.2;98.3;99.0;103.8;105.0;98.0
WIELKOPOLSKIE;chocolate;104.9;109.0;106.7;106.3;103.5;105.4;106.5;111.0;104.9;108.1;102.8;108.7
ZACHODNIOPOMORSKIE;chocolate;108.3;99.7;108.4;106.6;108.3;105.8;107.4;107.1;105.0;99.2;104.8;102.6
DOLNOSLASKIE;cigarettes;98.9;99.4;99.5;99.2;99.2;99.4;99.4;99.6;99.6;99.5;101.2;101.6
KUJAWSKO-POMORSKIE;cigarettes;97.7;98.8;98.8;98.8;98.8;99.2;99.7;99.7;99.7;99.9;101.7;102.7
LODZKIE;cigarettes;98.2;99.3;99.2;98.7;99.2;99.2;99.5;99.7;99.6;99.6;99.8;101.3
LUBELSKIE;cigarettes;97.5;98.6;97.7;98.2;98.4;98.4;99.4;99.3;98.6;100.0;102.0;102.2
LUBUSKIE;cigarettes;97.2;98.6;99.5;99.2;99.2;99.4;99.2;99.4;99.1;99.9;101.2;102.0
MALOPOLSKIE;cigarettes;100.1;98.0;99.4;99.4;99.3;99.2;98.9;99.1;99.1;99.4;100.8;101.4
MAZOWIECKIE;cigarettes;99.9;99.7;98.5;98.1;98.4;99.2;99.2;99.2;99.2;99.7;100.6;100.9
OPOLSKIE;cigarettes;96.5;97.5;97.5;97.5;99.1;99.6;99.6;99.8;99.8;100.8;105.3;105.3
PODKARPACKIE;cigarettes;97.0;96.4;97.5;97.5;98.7;98.9;99.0;99.5;99.6;100.6;101.2;101.2
PODLASKIE;cigarettes;97.6;100.3;99.0;99.0;99.3;99.4;99.2;99.6;99.7;99.7;102.0;102.8
POMORSKIE;cigarettes;96.3;98.6;98.5;98.6;98.5;98.9;99.0;99.4;99.4;99.4;101.0;104.4
SLASKIE;cigarettes;98.0;98.1;99.0;99.0;98.7;98.9;99.1;99.4;99.5;99.5;101.4;100.9
SWIETOKRZYSKIE;cigarettes;99.4;99.4;99.4;99.4;99.4;99.6;99.9;99.9;99.7;99.8;100.9;101.2
WARMINÉSKO-MAZURSKIE;cigarettes;98.4;98.9;98.9;98.7;98.7;98.9;99.1;99.1;99.6;99.8;100.5;101.5
WIELKOPOLSKIE;cigarettes;98.4;98.4;98.4;98.8;98.9;99.1;99.4;99.4;100.1;100.2;102.2;102.6
ZACHODNIOPOMORSKIE;cigarettes;93.1;95.3;97.5;97.5;97.5;97.5;98.9;99.4;99.6;100.9;102.7;104.0
DOLNOSLASKIE;cinema ticket;105.0;105.7;105.7;101.5;101.0;100.6;100.1;104.1;100.2;100.1;96.5;96.4
KUJAWSKO-POMORSKIE;cinema ticket;95.7;96.2;94.8;94.8;94.8;94.3;94.3;94.3;104.7;104.7;104.9;112.4
LODZKIE;cinema ticket;100.3;100.0;98.8;98.8;99.1;99.1;98.7;100.8;99.9;98.8;98.0;98.1
LUBELSKIE;cinema ticket;100.7;103.9;104.8;104.6;105.6;105.6;105.6;105.6;105.6;105.6;105.6;105.6
LUBUSKIE;cinema ticket;104.4;104.8;104.8;104.8;104.8;108.6;108.6;108.6;104.0;102.5;100.3;100.6
MALOPOLSKIE;cinema ticket;103.1;103.1;103.6;103.6;101.7;101.6;102.1;102.6;102.6;102.6;101.1;101.7
MAZOWIECKIE;cinema ticket;106.2;106.7;103.8;103.8;103.8;103.8;103.5;103.5;103.8;102.1;97.9;97.9
OPOLSKIE;cinema ticket;110.2;110.7;110.7;110.7;110.7;109.7;109.7;109.7;103.6;103.6;103.6;104.0
PODKARPACKIE;cinema ticket;101.8;101.8;101.8;101.2;101.0;101.0;101.0;101.0;101.6;101.6;101.6;101.6
PODLASKIE;cinema ticket;101.4;101.8;104.7;104.7;104.7;104.7;104.7;104.7;104.0;104.0;104.0;102.0
POMORSKIE;cinema ticket;98.4;98.4;85.1;84.9;84.9;83.9;83.9;83.6;87.3;87.6;88.1;87.7
SLASKIE;cinema ticket;99.3;100.5;100.5;100.3;100.3;100.3;100.3;100.3;100.3;100.7;104.3;104.3
SWIETOKRZYSKIE;cinema ticket;101.1;102.2;102.2;102.2;102.2;101.1;101.1;101.1;101.1;101.1;86.6;86.6
WARMINÉSKO-MAZURSKIE;cinema ticket;100.0;101.0;101.9;101.9;101.9;101.9;101.9;101.9;101.0;102.0;102.0;102.0
WIELKOPOLSKIE;cinema ticket;102.7;102.6;102.6;103.2;103.2;102.9;102.9;103.5;104.1;104.1;104.3;104.3
ZACHODNIOPOMORSKIE;cinema ticket;99.8;99.8;102.4;102.9;103.4;103.4;103.4;103.4;99.1;99.1;100.4;101.8
DOLNOSLASKIE;coffee;100.9;99.9;99.7;101.9;95.8;102.4;96.3;98.4;96.0;94.1;98.1;96.7
KUJAWSKO-POMORSKIE;coffee;107.8;110.6;109.5;105.9;103.0;102.6;102.8;102.1;100.8;104.3;102.2;98.0
LODZKIE;coffee;103.6;99.3;98.9;97.4;95.3;99.7;96.5;98.4;98.9;96.8;96.5;92.3
LUBELSKIE;coffee;104.3;97.6;95.8;92.8;97.8;102.3;97.5;104.8;99.0;102.6;97.2;98.6
LUBUSKIE;coffee;111.7;116.7;115.7;105.7;101.9;103.7;103.2;105.0;96.5;106.8;103.8;106.9
MALOPOLSKIE;coffee;104.5;102.6;99.1;101.3;99.9;99.9;100.8;101.5;102.4;105.0;102.8;98.6
MAZOWIECKIE;coffee;100.5;102.7;100.4;99.9;100.8;98.5;98.5;96.7;99.2;97.1;99.1;98.7
OPOLSKIE;coffee;112.8;115.6;108.4;114.3;110.7;110.8;106.3;105.8;104.5;110.6;109.2;109.4
PODKARPACKIE;coffee;104.5;103.9;106.3;101.2;97.9;98.1;100.8;100.3;100.1;100.4;98.0;100.3
PODLASKIE;coffee;109.1;105.1;103.9;103.4;101.8;102.7;101.2;98.5;98.2;98.7;98.3;99.3
POMORSKIE;coffee;104.9;106.0;106.2;103.5;103.1;104.9;99.7;100.5;97.3;99.3;100.7;97.6
SLASKIE;coffee;98.8;97.8;97.2;96.6;98.9;99.9;98.5;97.0;98.7;99.9;98.7;98.9
SWIETOKRZYSKIE;coffee;104.2;100.5;97.7;96.5;96.7;96.2;96.2;90.0;93.1;94.3;93.5;91.7
WARMINÉSKO-MAZURSKIE;coffee;107.4;105.7;106.8;105.4;107.7;108.7;104.5;106.1;105.8;104.6;105.2;109.1
WIELKOPOLSKIE;coffee;111.7;109.8;108.0;104.9;106.6;105.3;107.1;105.1;101.7;100.5;100.7;98.3
ZACHODNIOPOMORSKIE;coffee;106.7;103.7;101.7;99.6;97.9;102.0;102.1;102.0;102.5;107.4;101.7;106.6
DOLNOSLASKIE;cold water by municipal water-system;102.8;102.8;102.8;102.8;102.8;102.7;105.2;104.8;104.6;104.6;103.9;103.9
KUJAWSKO-POMORSKIE;cold water by municipal water-system;101.5;101.5;101.5;101.5;101.5;100.6;101.2;101.2;101.2;101.2;102.6;102.6
LODZKIE;cold water by municipal water-system;102.7;105.9;105.9;105.9;105.9;104.5;104.2;104.2;104.2;104.2;104.5;104.5
LUBELSKIE;cold water by municipal water-system;97.8;97.8;97.8;97.5;97.5;100.0;101.0;101.0;101.0;101.9;101.9;101.9
LUBUSKIE;cold water by municipal water-system;102.0;102.0;102.0;102.0;102.0;100.9;101.5;101.3;101.7;101.7;101.7;101.7
MALOPOLSKIE;cold water by municipal water-system;102.6;102.6;102.6;102.6;103.1;104.4;104.7;103.2;103.2;103.2;103.2;103.2
MAZOWIECKIE;cold water by municipal water-system;97.6;97.6;97.3;97.8;97.8;102.3;101.7;102.0;101.7;101.7;101.9;101.9
OPOLSKIE;cold water by municipal water-system;103.1;103.1;103.1;103.1;103.1;103.6;102.0;102.0;100.3;100.3;101.0;101.0
PODKARPACKIE;cold water by municipal water-system;103.4;103.4;103.4;103.4;103.4;103.6;102.9;102.9;102.9;102.9;101.9;101.9
PODLASKIE;cold water by municipal water-system;101.8;101.8;101.8;101.8;101.8;102.7;102.7;102.7;102.7;102.7;102.7;102.7
POMORSKIE;cold water by municipal water-system;99.7;99.7;99.7;99.7;100.9;100.3;100.9;101.2;101.2;100.9;100.9;100.9
SLASKIE;cold water by municipal water-system;101.7;101.9;101.9;101.9;101.9;102.3;102.9;102.5;102.5;102.5;102.3;102.3
SWIETOKRZYSKIE;cold water by municipal water-system;101.7;101.7;101.7;101.7;101.7;101.2;101.2;101.2;100.7;101.5;101.5;101.5
WARMINÉSKO-MAZURSKIE;cold water by municipal water-system;103.3;103.3;103.3;104.3;104.3;104.9;103.8;103.8;103.8;104.4;104.4;104.4
WIELKOPOLSKIE;cold water by municipal water-system;102.1;102.1;101.6;101.8;101.8;101.8;101.0;101.3;101.5;101.5;101.5;101.5
ZACHODNIOPOMORSKIE;cold water by municipal water-system;100.5;101.5;101.7;101.7;101.7;101.7;103.0;102.2;105.1;105.1;105.1;105.1
DOLNOSLASKIE;cottage cheese;96.4;96.2;99.3;97.6;99.8;97.8;101.0;101.5;101.6;104.3;103.6;107.6
KUJAWSKO-POMORSKIE;cottage cheese;96.5;98.7;99.7;100.8;99.4;100.6;102.1;104.0;103.4;101.6;100.6;102.3
LODZKIE;cottage cheese;103.1;104.9;104.1;100.8;101.0;103.7;100.1;101.2;99.4;98.4;101.7;103.9
LUBELSKIE;cottage cheese;102.0;106.6;105.3;105.2;104.8;108.5;106.5;102.2;103.4;107.4;111.9;103.2
LUBUSKIE;cottage cheese;106.8;102.9;107.5;106.1;107.1;103.9;104.5;104.1;104.3;105.7;107.0;106.1
MALOPOLSKIE;cottage cheese;98.8;101.6;101.6;99.0;99.2;100.6;100.1;100.4;101.3;99.6;100.4;103.9
MAZOWIECKIE;cottage cheese;100.4;102.6;101.8;101.9;99.3;101.6;102.2;105.1;105.0;106.6;104.6;104.2
OPOLSKIE;cottage cheese;99.4;97.0;97.0;98.2;98.2;98.2;101.6;103.1;99.6;100.9;100.1;100.4
PODKARPACKIE;cottage cheese;100.5;101.1;100.9;100.4;99.3;100.0;100.6;100.9;100.9;104.7;100.9;97.9
PODLASKIE;cottage cheese;99.2;99.2;98.4;98.4;99.9;98.8;98.4;96.4;101.0;101.9;100.8;98.1
POMORSKIE;cottage cheese;103.2;106.4;104.2;97.4;96.8;98.0;105.6;102.1;102.5;100.8;105.5;102.4
SLASKIE;cottage cheese;103.1;105.6;105.7;105.1;102.1;100.6;106.4;109.4;108.7;105.6;109.9;109.3
SWIETOKRZYSKIE;cottage cheese;98.4;98.4;95.9;98.7;99.2;97.1;99.1;100.2;100.2;100.2;99.7;99.0
WARMINÉSKO-MAZURSKIE;cottage cheese;104.6;102.5;106.7;103.1;104.2;106.8;111.8;109.6;110.1;106.3;112.0;107.4
WIELKOPOLSKIE;cottage cheese;98.1;99.0;97.8;99.7;99.3;97.6;95.0;97.1;98.7;99.6;102.3;104.1
ZACHODNIOPOMORSKIE;cottage cheese;96.5;98.2;102.6;102.1;100.2;99.1;101.4;102.9;100.9;102.6;105.3;109.4
DOLNOSLASKIE;cows' milk fat 2.5%;99.3;100.0;106.3;101.5;100.0;98.5;101.9;105.0;103.0;98.9;101.5;101.8
KUJAWSKO-POMORSKIE;cows' milk fat 2.5%;101.2;101.6;100.8;100.0;101.6;102.0;100.0;98.4;98.8;100.4;98.8;102.0
LODZKIE;cows' milk fat 2.5%;104.1;102.1;102.5;106.0;105.2;105.9;104.1;100.4;98.4;105.3;102.8;107.8
LUBELSKIE;cows' milk fat 2.5%;104.0;103.2;101.6;101.2;96.9;103.2;97.7;100.0;102.3;101.9;103.1;101.5
LUBUSKIE;cows' milk fat 2.5%;102.1;99.6;101.6;101.2;100.8;105.0;102.0;99.6;104.6;102.9;102.5;104.5
MALOPOLSKIE;cows' milk fat 2.5%;99.6;102.3;105.1;103.5;101.5;102.7;103.5;102.7;101.9;101.1;103.0;102.6
MAZOWIECKIE;cows' milk fat 2.5%;101.2;101.2;102.8;100.0;105.6;103.2;101.6;102.7;100.8;101.1;102.3;102.7
OPOLSKIE;cows' milk fat 2.5%;102.8;100.0;96.8;95.5;108.7;109.2;103.2;104.1;101.8;98.6;98.6;106.7
PODKARPACKIE;cows' milk fat 2.5%;98.9;100.0;98.2;97.8;101.1;98.2;100.0;99.3;100.4;99.6;99.3;101.1
PODLASKIE;cows' milk fat 2.5%;100.8;102.6;98.7;99.6;102.6;103.0;102.6;100.4;98.3;98.7;100.0;108.6
POMORSKIE;cows' milk fat 2.5%;100.0;103.0;101.3;95.4;100.8;100.0;98.8;97.2;96.8;103.0;100.0;102.5
SLASKIE;cows' milk fat 2.5%;101.2;100.8;103.3;101.2;101.6;104.0;99.6;99.2;99.6;99.6;98.1;101.6
SWIETOKRZYSKIE;cows' milk fat 2.5%;97.6;97.2;98.4;100.8;100.0;100.0;98.8;100.4;98.0;99.2;96.4;101.3
WARMINÉSKO-MAZURSKIE;cows' milk fat 2.5%;102.0;100.8;102.5;97.3;101.2;100.4;98.1;102.0;100.0;98.1;99.2;102.7
WIELKOPOLSKIE;cows' milk fat 2.5%;102.7;98.3;99.1;100.0;99.1;100.4;100.4;104.0;103.6;103.1;105.3;105.3
ZACHODNIOPOMORSKIE;cows' milk fat 2.5%;93.6;94.0;98.3;95.2;97.6;98.8;101.7;100.8;104.9;108.8;105.3;106.4
DOLNOSLASKIE;cows' milk fat 3.5%;97.9;97.9;97.2;95.5;97.2;97.2;95.5;99.6;99.3;101.8;104.7;102.2
KUJAWSKO-POMORSKIE;cows' milk fat 3.5%;100.4;99.3;99.6;101.1;98.2;96.5;98.9;100.4;100.0;97.2;99.6;100.4
LODZKIE;cows' milk fat 3.5%;102.3;97.4;97.8;102.7;100.4;98.1;96.7;97.1;98.5;99.3;99.6;98.9
LUBELSKIE;cows' milk fat 3.5%;94.1;99.0;91.8;94.7;93.3;98.0;98.0;99.0;100.7;101.0;100.0;100.3
LUBUSKIE;cows' milk fat 3.5%;98.9;95.7;94.4;98.8;100.8;101.9;101.2;102.4;100.0;96.6;102.3;104.7
MALOPOLSKIE;cows' milk fat 3.5%;93.9;94.2;97.8;95.6;98.5;99.6;99.3;99.3;101.5;100.4;101.1;102.6
MAZOWIECKIE;cows' milk fat 3.5%;100.4;100.0;98.2;100.0;99.3;101.1;100.4;100.0;100.7;99.7;100.4;102.8
OPOLSKIE;cows' milk fat 3.5%;93.5;97.7;101.9;101.1;104.2;103.4;103.4;104.3;107.9;102.6;106.9;104.9
PODKARPACKIE;cows' milk fat 3.5%;94.2;100.0;97.5;94.4;99.7;101.4;97.5;99.3;100.4;101.4;101.1;101.8
PODLASKIE;cows' milk fat 3.5%;95.4;93.8;90.6;96.6;94.7;95.9;98.6;102.5;100.0;99.0;100.0;105.3
POMORSKIE;cows' milk fat 3.5%;96.0;97.6;96.8;97.1;101.7;98.0;99.6;97.6;100.4;101.2;104.5;106.6
SLASKIE;cows' milk fat 3.5%;96.4;98.9;95.6;97.1;95.7;93.9;97.5;98.5;97.5;98.2;101.1;105.2
SWIETOKRZYSKIE;cows' milk fat 3.5%;98.8;95.5;92.1;95.4;89.8;90.6;97.6;94.8;93.9;95.6;95.7;102.4
WARMINÉSKO-MAZURSKIE;cows' milk fat 3.5%;98.6;97.6;90.7;94.9;91.3;101.4;100.7;95.4;99.6;99.6;103.2;103.6
WIELKOPOLSKIE;cows' milk fat 3.5%;99.3;97.0;95.2;98.1;96.6;94.8;97.0;98.1;101.1;100.0;103.4;103.0
ZACHODNIOPOMORSKIE;cows' milk fat 3.5%;97.3;98.9;96.5;94.6;95.8;93.4;98.0;99.6;104.0;104.0;102.4;100.0
DOLNOSLASKIE;disel oil;109.6;111.3;113.0;110.7;103.5;101.9;100.2;100.6;99.2;96.7;93.7;98.3
KUJAWSKO-POMORSKIE;disel oil;109.1;111.3;113.5;110.2;104.0;103.1;101.4;100.8;99.0;96.5;93.5;98.3
LODZKIE;disel oil;108.7;109.7;113.2;110.7;105.1;102.8;100.8;100.8;98.6;95.9;93.9;98.2
LUBELSKIE;disel oil;109.7;111.5;113.5;111.2;104.0;102.6;101.4;101.2;99.4;96.7;94.0;98.6
LUBUSKIE;disel oil;108.0;108.9;110.7;109.5;103.4;103.0;100.8;100.2;99.0;97.1;94.2;97.9
MALOPOLSKIE;disel oil;108.4;108.9;111.9;110.9;104.8;102.6;100.8;100.8;99.2;96.3;93.6;98.6
MAZOWIECKIE;disel oil;110.1;111.1;112.2;109.7;104.2;102.6;101.4;101.4;99.0;96.5;93.6;97.7
OPOLSKIE;disel oil;109.5;112.1;112.8;111.5;104.9;103.4;101.8;102.4;100.0;97.9;93.2;99.4
PODKARPACKIE;disel oil;108.6;110.5;113.4;112.0;104.0;103.6;101.0;100.4;99.2;96.5;93.8;99.4
PODLASKIE;disel oil;109.7;111.9;114.3;112.4;104.8;102.6;101.6;101.6;99.2;96.5;93.6;99.2
POMORSKIE;disel oil;110.8;112.1;115.3;111.8;104.6;102.4;100.0;100.0;99.2;96.9;94.0;98.1
SLASKIE;disel oil;107.6;109.3;112.2;110.1;104.4;103.2;100.6;100.2;98.6;96.3;94.1;99.4
SWIETOKRZYSKIE;disel oil;107.7;110.1;112.1;107.8;104.2;103.0;100.8;100.2;98.2;95.9;93.8;99.8
WARMINÉSKO-MAZURSKIE;disel oil;108.6;110.7;114.4;111.0;104.2;102.8;101.0;100.6;98.6;95.4;93.1;97.9
WIELKOPOLSKIE;disel oil;109.9;112.0;114.3;111.0;104.0;102.4;100.8;101.6;99.2;96.3;93.4;97.1
ZACHODNIOPOMORSKIE;disel oil;111.2;111.7;112.8;111.7;105.2;103.1;102.0;102.4;99.8;97.5;93.8;96.8
DOLNOSLASKIE;doctor consultation;106.6;106.6;106.0;106.6;106.6;105.9;105.9;105.9;105.3;106.4;107.9;107.9
KUJAWSKO-POMORSKIE;doctor consultation;103.4;102.7;102.7;102.7;104.0;104.0;104.0;104.0;104.0;106.0;105.9;105.9
LODZKIE;doctor consultation;104.6;104.5;107.3;107.3;107.9;107.9;109.3;109.3;111.9;111.9;113.1;113.1
LUBELSKIE;doctor consultation;99.1;100.9;100.9;102.7;100.9;100.9;100.9;100.9;102.2;102.2;102.2;104.9
LUBUSKIE;doctor consultation;117.3;114.9;114.9;114.9;114.9;114.9;114.9;117.2;114.8;114.8;109.3;109.3
MALOPOLSKIE;doctor consultation;108.1;118.4;117.3;117.3;117.3;115.5;117.8;117.8;128.2;126.0;125.4;125.4
MAZOWIECKIE;doctor consultation;104.0;103.6;103.6;103.6;102.8;103.6;103.9;104.7;104.3;105.4;105.8;107.1
OPOLSKIE;doctor consultation;106.6;112.3;112.3;116.7;116.7;116.7;116.7;116.7;116.7;116.7;116.7;114.2
PODKARPACKIE;doctor consultation;108.5;108.5;108.5;106.5;106.5;106.3;107.1;107.1;111.6;106.7;105.8;105.8
PODLASKIE;doctor consultation;103.4;103.4;103.4;102.2;102.2;102.2;102.2;103.3;104.4;103.3;103.3;103.3
POMORSKIE;doctor consultation;103.7;103.7;102.9;103.3;104.7;103.2;103.2;103.2;105.4;105.4;105.4;106.8
SLASKIE;doctor consultation;102.9;106.5;102.9;102.9;102.9;102.9;102.9;102.9;103.5;103.5;102.3;102.3
SWIETOKRZYSKIE;doctor consultation;103.8;103.8;103.8;100.0;100.0;101.9;101.9;101.9;105.6;105.6;105.6;109.3
WARMINÉSKO-MAZURSKIE;doctor consultation;103.9;103.9;111.8;114.7;114.7;114.7;114.7;112.5;114.4;119.2;119.2;119.2
WIELKOPOLSKIE;doctor consultation;108.1;110.5;110.5;113.6;113.6;113.1;113.1;112.0;113.4;113.2;111.7;111.7
ZACHODNIOPOMORSKIE;doctor consultation;109.0;109.0;113.5;115.1;119.1;119.1;114.5;118.4;114.3;114.3;115.7;115.7
DOLNOSLASKIE;dried sausage;101.9;101.3;99.5;100.3;101.9;102.8;105.0;105.4;105.3;109.0;108.7;110.7
KUJAWSKO-POMORSKIE;dried sausage;100.4;103.6;103.6;107.3;108.6;110.6;113.1;113.4;112.2;112.3;112.0;113.5
LODZKIE;dried sausage;97.2;99.5;100.5;100.3;99.1;103.1;100.5;103.2;100.7;109.1;108.0;108.3
LUBELSKIE;dried sausage;95.9;101.5;101.7;99.9;101.8;97.3;94.3;92.7;96.1;96.5;97.7;101.8
LUBUSKIE;dried sausage;96.2;101.5;101.9;102.8;105.3;108.8;105.5;101.6;110.8;105.3;112.0;105.8
MALOPOLSKIE;dried sausage;98.9;94.7;95.7;95.5;110.7;108.0;111.5;93.9;99.9;108.4;115.8;114.1
MAZOWIECKIE;dried sausage;99.8;101.0;99.7;97.8;102.4;102.1;105.5;105.9;105.2;109.6;111.7;115.6
OPOLSKIE;dried sausage;104.2;104.2;103.7;104.2;103.2;103.2;105.4;106.3;103.2;105.9;106.8;114.0
PODKARPACKIE;dried sausage;101.8;95.7;96.2;95.2;115.7;103.0;102.3;109.2;109.4;110.8;117.6;116.7
PODLASKIE;dried sausage;100.6;95.6;97.8;98.6;100.5;99.9;101.1;97.3;102.6;107.1;108.3;110.1
POMORSKIE;dried sausage;102.9;101.9;101.6;103.7;104.7;109.8;109.8;111.8;111.3;111.7;113.1;113.1
SLASKIE;dried sausage;103.8;103.4;102.4;103.8;104.8;104.7;112.4;116.6;122.7;123.2;119.0;116.8
SWIETOKRZYSKIE;dried sausage;114.5;112.3;106.3;109.9;116.6;117.2;126.3;116.0;120.5;115.5;114.7;111.8
WARMINÉSKO-MAZURSKIE;dried sausage;96.4;100.6;99.7;96.9;107.9;105.3;105.3;108.2;105.6;102.5;105.4;113.8
WIELKOPOLSKIE;dried sausage;97.1;98.7;98.0;102.4;102.7;102.1;103.4;103.0;104.8;104.8;111.7;114.0
ZACHODNIOPOMORSKIE;dried sausage;103.4;103.4;103.9;106.8;112.9;111.9;113.1;113.7;115.9;115.2;114.7;117.3
DOLNOSLASKIE;food mixer;98.4;103.3;103.1;98.5;104.2;99.9;95.9;99.8;97.1;98.2;101.4;103.6
KUJAWSKO-POMORSKIE;food mixer;102.7;104.4;106.8;105.0;104.5;104.5;102.6;102.0;99.5;100.5;101.2;95.6
LODZKIE;food mixer;106.0;103.7;106.4;105.3;102.4;97.8;98.0;99.3;99.0;98.0;100.6;101.2
LUBELSKIE;food mixer;103.6;103.8;99.6;96.6;98.6;102.3;105.2;103.8;100.9;102.8;103.1;101.2
LUBUSKIE;food mixer;94.0;96.6;105.5;102.4;101.0;101.5;100.7;103.8;101.0;103.2;100.5;98.5
MALOPOLSKIE;food mixer;106.8;109.6;109.1;104.5;104.5;105.1;105.7;104.1;106.3;110.0;104.5;102.4
MAZOWIECKIE;food mixer;101.3;104.1;103.6;99.6;98.9;102.1;99.8;97.1;97.1;96.8;96.8;94.9
OPOLSKIE;food mixer;98.4;100.0;100.0;100.6;100.9;98.0;100.8;107.3;109.3;111.7;112.5;125.8
PODKARPACKIE;food mixer;98.9;100.3;101.5;101.9;103.9;102.8;100.8;98.7;98.7;98.7;99.1;105.9
PODLASKIE;food mixer;98.0;96.8;101.0;96.8;103.8;97.9;104.1;105.5;101.3;103.2;103.1;101.5
POMORSKIE;food mixer;103.9;101.3;105.2;99.6;105.0;102.1;101.0;98.5;99.4;98.6;96.4;105.7
SLASKIE;food mixer;105.4;102.4;103.7;101.4;102.3;98.5;96.5;96.7;99.2;98.2;99.1;103.7
SWIETOKRZYSKIE;food mixer;101.1;103.9;102.6;101.1;95.2;97.9;97.1;97.4;99.5;106.6;109.9;103.8
WARMINÉSKO-MAZURSKIE;food mixer;111.8;115.4;118.4;116.9;113.0;107.7;110.8;101.0;102.3;103.4;105.0;106.2
WIELKOPOLSKIE;food mixer;108.3;106.4;107.8;104.0;104.5;99.5;99.2;100.3;97.7;96.9;99.2;98.8
ZACHODNIOPOMORSKIE;food mixer;102.0;101.9;108.0;105.6;97.3;97.3;104.0;98.5;97.7;105.8;107.0;108.8
DOLNOSLASKIE;frotte cotton towel;98.9;98.0;97.2;99.4;99.6;99.6;99.1;98.6;98.6;96.7;98.7;97.6
KUJAWSKO-POMORSKIE;frotte cotton towel;97.9;97.2;98.5;98.5;99.5;98.7;99.5;99.8;97.6;98.6;97.1;99.3
LODZKIE;frotte cotton towel;104.5;105.7;99.3;99.0;99.7;99.7;98.5;98.6;106.2;107.8;109.2;106.3
LUBELSKIE;frotte cotton towel;97.7;93.7;101.4;101.9;101.9;101.9;104.0;101.1;104.8;101.9;101.2;98.8
LUBUSKIE;frotte cotton towel;96.2;108.3;99.7;99.0;100.6;100.3;100.3;101.1;112.5;111.4;110.3;110.9
MALOPOLSKIE;frotte cotton towel;107.9;107.5;108.3;106.9;106.1;106.1;104.9;102.8;102.8;100.8;100.8;100.8
MAZOWIECKIE;frotte cotton towel;99.5;98.6;95.1;95.2;95.2;96.2;97.5;97.9;96.2;98.4;101.6;101.3
OPOLSKIE;frotte cotton towel;100.6;111.5;99.7;92.5;95.1;95.0;118.6;95.0;98.4;94.9;93.5;91.0
PODKARPACKIE;frotte cotton towel;107.1;106.7;103.4;101.1;101.1;101.5;99.6;99.2;99.0;97.0;94.3;95.1
PODLASKIE;frotte cotton towel;101.1;100.6;104.2;102.3;99.8;99.7;97.9;99.3;93.8;94.8;95.2;93.2
POMORSKIE;frotte cotton towel;99.7;97.4;97.1;98.2;98.2;95.1;96.2;96.2;98.1;99.4;99.4;99.4
SLASKIE;frotte cotton towel;104.0;104.1;100.7;104.3;103.8;108.9;105.0;103.4;104.4;105.5;103.9;101.3
SWIETOKRZYSKIE;frotte cotton towel;98.0;97.6;97.6;99.9;99.9;109.3;109.3;113.7;112.8;111.3;111.3;115.0
WARMINÉSKO-MAZURSKIE;frotte cotton towel;91.5;95.1;89.3;88.5;94.6;94.3;94.7;89.8;91.1;96.3;105.6;104.1
WIELKOPOLSKIE;frotte cotton towel;102.7;104.7;105.4;102.4;102.8;102.0;101.8;101.9;101.7;101.7;97.9;101.3
ZACHODNIOPOMORSKIE;frotte cotton towel;102.8;107.5;102.6;95.8;96.3;104.5;110.6;104.1;109.0;106.8;104.0;104.0
DOLNOSLASKIE;hake fish;101.9;101.9;101.3;102.4;103.5;103.7;103.6;103.6;103.9;101.4;100.7;101.0
KUJAWSKO-POMORSKIE;hake fish;109.2;109.3;111.0;111.3;110.2;109.0;110.1;109.1;103.2;103.2;102.4;105.4
LODZKIE;hake fish;102.1;101.7;101.0;105.4;107.7;104.3;106.1;105.8;105.3;105.6;106.1;105.5
LUBELSKIE;hake fish;101.6;102.7;102.8;103.6;103.2;105.2;104.0;103.0;103.4;102.8;102.5;103.3
LUBUSKIE;hake fish;102.1;102.6;102.6;100.2;100.2;100.2;99.3;104.2;106.2;103.5;103.0;105.0
MALOPOLSKIE;hake fish;93.7;97.8;100.2;100.2;100.3;101.0;99.4;104.6;106.9;107.5;108.2;110.2
MAZOWIECKIE;hake fish;97.2;101.4;105.3;100.3;102.7;104.4;106.4;109.3;109.1;110.2;112.3;116.2
OPOLSKIE;hake fish;102.3;109.3;107.0;105.5;108.1;104.9;109.5;103.4;99.9;107.7;108.6;100.8
PODKARPACKIE;hake fish;102.0;96.7;96.4;103.1;104.5;101.1;102.4;106.2;103.3;102.9;104.1;105.9
PODLASKIE;hake fish;103.1;104.6;104.2;104.2;105.0;105.0;107.3;107.2;108.6;108.3;107.5;107.0
POMORSKIE;hake fish;96.2;86.1;90.3;89.2;87.7;87.4;88.4;89.3;93.9;94.5;100.6;107.0
SLASKIE;hake fish;105.3;107.6;106.9;106.9;106.1;105.3;100.9;104.4;104.1;110.3;111.0;107.4
SWIETOKRZYSKIE;hake fish;102.8;110.2;109.8;105.3;104.1;111.5;109.6;102.0;109.9;108.1;113.6;108.9
WARMINÉSKO-MAZURSKIE;hake fish;103.5;101.4;103.3;104.4;108.2;108.2;106.8;110.0;109.6;108.7;107.3;111.0
WIELKOPOLSKIE;hake fish;104.3;106.0;106.8;107.7;108.2;108.3;108.7;108.7;107.5;106.5;106.4;105.6
ZACHODNIOPOMORSKIE;hake fish;94.3;93.8;93.5;94.6;96.4;93.0;92.1;94.6;94.9;100.6;100.6;104.4
DOLNOSLASKIE;hard coal;99.7;100.0;100.1;100.2;99.9;100.4;99.5;100.8;100.5;100.6;100.1;100.4
KUJAWSKO-POMORSKIE;hard coal;98.8;99.2;99.5;99.5;100.4;101.5;101.1;100.1;100.3;100.9;100.7;101.0
LODZKIE;hard coal;99.9;100.4;99.6;99.5;100.4;102.1;101.4;100.7;101.3;100.9;100.5;100.2
LUBELSKIE;hard coal;104.1;103.3;103.7;103.4;102.8;102.4;102.0;102.2;100.2;99.8;100.4;99.5
LUBUSKIE;hard coal;98.3;98.3;100.4;98.7;96.9;98.0;98.8;100.3;101.4;101.4;101.6;102.2
MALOPOLSKIE;hard coal;99.6;99.7;99.8;98.6;98.4;99.8;100.6;99.0;99.5;98.2;98.3;99.2
MAZOWIECKIE;hard coal;101.2;101.5;101.4;100.8;101.0;101.6;102.9;101.3;98.1;97.2;98.3;98.2
OPOLSKIE;hard coal;96.1;97.7;97.6;99.3;98.9;99.1;99.4;99.0;99.0;99.6;100.5;100.0
PODKARPACKIE;hard coal;97.9;98.6;99.7;99.8;99.8;99.6;99.4;98.4;98.6;98.7;98.1;98.0
PODLASKIE;hard coal;101.5;104.0;102.3;102.4;103.1;103.8;102.4;102.1;99.9;96.7;96.8;97.5
POMORSKIE;hard coal;103.4;102.3;101.7;99.8;97.8;98.0;98.1;97.3;97.3;98.2;98.6;98.5
SLASKIE;hard coal;98.9;99.2;100.2;100.5;99.9;99.4;99.5;99.0;99.2;98.8;99.7;99.5
SWIETOKRZYSKIE;hard coal;100.4;100.9;98.7;98.4;96.3;96.6;96.2;96.2;96.2;95.6;96.7;94.0
WARMINÉSKO-MAZURSKIE;hard coal;100.2;100.2;100.8;101.2;99.0;98.7;98.0;97.6;96.3;96.1;97.1;97.2
WIELKOPOLSKIE;hard coal;100.1;100.5;100.0;100.9;101.4;101.1;100.5;101.3;101.0;100.2;100.6;100.5
ZACHODNIOPOMORSKIE;hard coal;102.7;100.0;100.5;99.1;98.8;97.1;96.7;97.2;98.5;97.2;97.6;96.7
DOLNOSLASKIE;heating of dwellings;100.0;101.7;101.7;98.8;98.8;98.3;98.3;98.3;98.3;98.3;98.3;98.3
KUJAWSKO-POMORSKIE;heating of dwellings;104.9;104.9;104.9;106.9;106.9;106.9;106.9;106.9;106.9;108.3;105.8;105.8
LODZKIE;heating of dwellings;102.5;103.0;103.0;102.7;102.7;102.7;103.2;103.2;103.2;101.3;102.0;102.0
LUBELSKIE;heating of dwellings;101.6;101.9;101.9;102.6;116.5;116.5;116.5;116.5;112.0;102.2;106.0;106.0
LUBUSKIE;heating of dwellings;103.1;103.1;103.1;103.1;103.1;103.1;103.1;103.1;103.1;103.6;100.4;101.1
MALOPOLSKIE;heating of dwellings;101.1;101.1;101.1;101.1;100.3;100.6;100.6;100.6;100.6;100.6;100.6;101.4
MAZOWIECKIE;heating of dwellings;92.5;91.4;91.4;93.0;93.0;91.5;96.8;96.8;96.8;95.6;96.6;96.6
OPOLSKIE;heating of dwellings;94.5;94.5;94.5;100.9;105.4;106.6;106.6;106.6;108.6;108.6;108.6;108.6
PODKARPACKIE;heating of dwellings;100.6;100.6;100.6;100.0;100.0;100.0;100.0;100.0;100.0;101.2;101.2;101.2
PODLASKIE;heating of dwellings;94.1;94.1;94.1;98.2;98.2;98.2;98.2;98.2;99.6;99.8;99.8;98.6
POMORSKIE;heating of dwellings;100.5;100.5;102.8;102.8;112.7;105.1;106.2;106.2;106.2;103.8;103.8;103.8
SLASKIE;heating of dwellings;100.2;100.2;98.8;98.3;98.3;98.3;98.3;98.3;98.3;98.3;98.1;98.1
SWIETOKRZYSKIE;heating of dwellings;98.4;99.0;99.0;99.7;99.7;99.7;99.7;99.7;99.7;101.1;102.4;102.4
WARMINÉSKO-MAZURSKIE;heating of dwellings;104.2;106.3;106.3;106.3;108.8;108.0;107.6;107.6;105.1;104.7;104.7;104.7
WIELKOPOLSKIE;heating of dwellings;103.8;103.3;100.4;100.4;100.4;100.4;100.4;100.9;100.4;102.9;102.9;102.9
ZACHODNIOPOMORSKIE;heating of dwellings;101.7;109.3;109.3;109.6;109.6;109.6;109.6;109.6;109.6;109.6;108.8;108.3
DOLNOSLASKIE;hot water;102.9;103.5;102.9;102.9;103.1;105.1;105.0;105.5;103.7;102.6;102.8;102.8
KUJAWSKO-POMORSKIE;hot water;100.7;100.5;100.5;102.2;102.2;102.2;102.2;101.8;101.7;102.0;102.0;102.0
LODZKIE;hot water;103.4;103.9;103.9;100.2;99.6;99.6;100.8;101.8;102.1;101.7;101.8;101.8
LUBELSKIE;hot water;100.5;101.0;101.0;101.0;99.9;99.9;99.9;99.9;100.2;101.6;106.7;106.7
LUBUSKIE;hot water;99.9;102.7;102.2;102.2;102.2;102.2;102.2;102.2;104.0;104.0;102.8;105.1
MALOPOLSKIE;hot water;105.0;105.4;103.0;102.4;102.4;102.4;103.9;103.2;103.2;101.1;102.2;102.2
MAZOWIECKIE;hot water;101.1;101.3;101.3;100.1;100.1;99.7;100.1;101.1;100.2;101.5;101.5;101.5
OPOLSKIE;hot water;99.8;99.6;99.9;99.8;100.0;101.1;98.3;100.1;99.2;100.4;98.5;97.9
PODKARPACKIE;hot water;97.6;97.6;97.6;97.8;97.8;97.8;97.8;98.5;98.5;98.1;100.7;100.7
PODLASKIE;hot water;104.1;104.1;102.6;104.6;104.6;104.6;104.6;104.6;105.3;105.3;105.3;102.5
POMORSKIE;hot water;100.4;100.1;99.3;101.7;102.5;102.5;102.6;102.6;102.6;101.8;101.8;101.8
SLASKIE;hot water;101.4;101.2;101.2;100.7;100.7;101.1;104.5;104.2;104.2;104.6;104.0;104.0
SWIETOKRZYSKIE;hot water;101.2;101.2;101.2;111.0;111.0;111.0;110.5;110.5;111.7;111.9;112.2;112.2
WARMINÉSKO-MAZURSKIE;hot water;100.4;103.8;105.3;105.3;105.3;105.3;105.3;105.3;105.1;103.7;103.7;103.7
WIELKOPOLSKIE;hot water;104.5;104.4;104.9;103.4;103.4;102.9;102.8;102.6;102.3;102.3;103.7;103.7
ZACHODNIOPOMORSKIE;hot water;97.6;97.8;97.8;97.8;97.8;97.8;97.8;102.3;102.3;102.3;102.7;102.7
DOLNOSLASKIE;kid's trousers;81.3;86.8;91.2;92.9;94.3;102.0;110.2;109.5;114.1;110.2;109.1;118.3
KUJAWSKO-POMORSKIE;kid's trousers;96.7;94.4;92.9;90.0;99.0;89.2;85.0;99.1;108.8;104.0;104.2;105.9
LODZKIE;kid's trousers;103.3;96.5;106.8;97.7;98.0;98.7;95.3;94.3;105.9;108.8;96.9;108.9
LUBELSKIE;kid's trousers;101.5;105.4;100.1;98.5;99.7;103.6;102.2;103.0;102.3;105.6;103.4;102.0
LUBUSKIE;kid's trousers;110.3;93.8;103.7;110.6;97.8;100.8;83.0;75.5;87.3;98.8;76.1;97.8
MALOPOLSKIE;kid's trousers;92.6;94.9;94.3;90.6;88.9;85.4;85.5;85.4;90.0;95.3;97.8;95.0
MAZOWIECKIE;kid's trousers;104.8;96.4;96.4;97.5;100.3;98.2;98.2;95.7;96.0;95.9;99.0;96.6
OPOLSKIE;kid's trousers;116.4;98.8;107.5;94.5;107.3;120.7;116.3;96.1;95.0;107.9;101.1;111.1
PODKARPACKIE;kid's trousers;91.9;85.6;90.9;93.1;93.1;94.2;96.9;95.2;93.8;98.6;102.7;106.0
PODLASKIE;kid's trousers;101.1;107.8;104.5;94.7;96.6;95.9;96.6;96.6;93.0;89.2;88.7;88.7
POMORSKIE;kid's trousers;85.8;88.7;95.1;92.0;93.2;103.1;99.6;97.8;104.7;104.7;112.8;114.4
SLASKIE;kid's trousers;103.5;103.1;105.0;102.8;101.9;101.4;99.1;100.4;109.8;113.9;110.8;113.2
SWIETOKRZYSKIE;kid's trousers;83.9;97.4;111.1;94.7;97.8;111.6;95.0;101.6;89.4;100.9;104.6;101.6
WARMINÉSKO-MAZURSKIE;kid's trousers;97.7;98.9;99.9;91.9;97.0;117.0;106.0;129.3;99.5;103.8;102.9;118.0
WIELKOPOLSKIE;kid's trousers;97.4;99.8;103.1;102.9;104.8;108.3;104.8;105.7;106.7;101.8;102.6;102.4
ZACHODNIOPOMORSKIE;kid's trousers;78.4;88.3;89.5;84.2;89.6;87.4;83.8;77.6;88.1;99.8;90.5;92.5
DOLNOSLASKIE;lemons;99.5;96.8;101.7;94.9;79.1;69.3;76.8;76.3;75.9;103.4;112.0;124.7
KUJAWSKO-POMORSKIE;lemons;96.3;95.9;98.6;98.6;91.5;79.6;87.1;85.6;77.2;91.6;109.2;103.1
LODZKIE;lemons;99.5;100.3;98.9;93.2;83.3;72.9;74.8;75.5;72.0;98.3;110.4;111.3
LUBELSKIE;lemons;94.1;94.8;92.3;86.9;83.8;80.9;86.6;78.9;80.6;111.3;106.5;95.6
LUBUSKIE;lemons;88.4;92.1;81.6;98.3;84.5;85.9;95.0;90.8;74.4;109.9;131.8;119.7
MALOPOLSKIE;lemons;96.9;89.3;91.9;93.2;76.2;67.8;69.0;68.9;74.4;94.9;115.4;116.0
MAZOWIECKIE;lemons;99.2;94.2;92.2;93.3;89.8;79.1;80.2;76.6;74.6;96.7;107.8;110.4
OPOLSKIE;lemons;100.8;110.1;99.2;93.2;80.0;69.6;75.4;73.7;75.1;85.5;95.7;96.1
PODKARPACKIE;lemons;92.7;94.8;88.1;88.2;81.0;76.4;84.6;76.7;82.0;110.3;118.9;97.0
PODLASKIE;lemons;89.3;90.7;92.4;86.3;85.3;80.7;85.1;77.5;80.1;135.3;107.7;110.2
POMORSKIE;lemons;97.7;97.2;96.3;82.0;81.7;74.8;83.1;77.1;73.4;99.0;103.7;108.0
SLASKIE;lemons;102.0;105.9;98.5;89.8;97.0;85.0;90.5;86.4;77.7;97.6;106.4;123.5
SWIETOKRZYSKIE;lemons;94.5;93.8;96.5;87.4;84.7;79.9;87.8;84.1;81.6;108.5;105.7;113.3
WARMINÉSKO-MAZURSKIE;lemons;95.8;90.7;99.1;87.8;82.9;75.5;81.8;80.3;80.8;95.4;111.9;118.0
WIELKOPOLSKIE;lemons;93.2;96.7;99.0;99.7;85.9;76.8;83.5;76.6;74.1;96.2;106.8;115.4
ZACHODNIOPOMORSKIE;lemons;101.1;99.1;100.0;94.0;85.6;70.8;78.2;82.7;85.3;98.8;109.1;110.9
DOLNOSLASKIE;margarine;94.8;96.8;95.2;92.7;88.7;90.2;90.0;89.4;92.7;93.1;96.3;98.4
KUJAWSKO-POMORSKIE;margarine;99.7;100.0;96.0;99.2;98.3;101.4;98.3;102.5;102.2;107.3;102.3;102.9
LODZKIE;margarine;93.4;100.9;104.2;103.0;98.8;102.6;95.5;98.6;102.0;109.4;103.8;110.4
LUBELSKIE;margarine;98.0;103.8;102.6;103.1;96.7;98.4;103.1;104.6;103.1;101.4;101.7;104.5
LUBUSKIE;margarine;94.9;98.5;98.7;100.0;102.8;104.8;108.1;105.5;102.5;103.5;106.5;106.5
MALOPOLSKIE;margarine;91.2;92.2;104.8;97.1;100.8;96.5;97.8;102.0;106.4;101.1;103.4;104.7
MAZOWIECKIE;margarine;93.4;94.9;96.4;102.0;102.9;103.1;95.5;92.7;95.1;95.4;95.8;101.6
OPOLSKIE;margarine;94.0;98.2;100.5;93.3;90.9;93.6;93.6;88.8;107.0;96.2;99.7;119.5
PODKARPACKIE;margarine;100.0;102.4;105.4;97.0;98.1;95.7;102.9;103.1;98.8;99.6;97.7;95.3
PODLASKIE;margarine;101.4;118.4;110.2;111.8;108.3;114.2;86.0;85.7;86.1;89.9;84.7;86.6
POMORSKIE;margarine;107.5;110.8;106.9;102.5;101.7;101.5;97.6;95.9;94.9;96.8;101.3;98.2
SLASKIE;margarine;98.4;101.3;96.2;95.9;93.7;95.1;90.3;83.3;80.1;84.4;83.3;96.9
SWIETOKRZYSKIE;margarine;106.0;101.1;97.8;94.4;91.1;102.1;95.4;110.5;109.9;101.6;99.5;100.3
WARMINÉSKO-MAZURSKIE;margarine;103.9;99.2;99.7;102.3;102.9;104.9;98.3;99.7;97.8;102.1;97.2;94.9
WIELKOPOLSKIE;margarine;97.1;99.4;96.7;97.9;98.2;97.3;97.6;104.6;103.9;100.3;106.4;110.4
ZACHODNIOPOMORSKIE;margarine;96.8;98.4;98.0;99.4;97.1;96.2;100.3;104.2;102.9;102.5;107.5;107.9
DOLNOSLASKIE;men's cotton undershirt;98.1;95.2;95.2;95.2;95.9;99.6;97.5;97.7;97.7;96.6;100.1;100.4
KUJAWSKO-POMORSKIE;men's cotton undershirt;101.2;101.2;101.6;101.1;99.1;96.2;95.9;96.4;96.5;91.7;92.3;94.1
LODZKIE;men's cotton undershirt;92.8;96.1;94.2;94.0;100.0;99.0;99.3;101.7;98.0;95.7;96.4;98.1
LUBELSKIE;men's cotton undershirt;97.6;95.6;95.6;98.8;99.6;101.0;99.5;99.2;100.3;97.2;99.1;98.9
LUBUSKIE;men's cotton undershirt;97.5;97.5;96.1;97.5;98.6;97.9;97.9;97.9;107.0;106.6;106.6;107.0
MALOPOLSKIE;men's cotton undershirt;103.8;106.2;104.0;93.2;97.5;96.4;103.3;107.3;99.6;100.6;101.3;99.3
MAZOWIECKIE;men's cotton undershirt;79.5;80.6;94.5;92.7;92.7;94.8;95.8;97.3;99.0;96.9;95.8;96.2
OPOLSKIE;men's cotton undershirt;102.0;102.0;101.3;102.0;102.0;103.9;103.2;105.2;103.9;103.2;103.2;103.2
PODKARPACKIE;men's cotton undershirt;100.3;100.3;101.3;102.0;102.0;102.0;103.3;103.6;103.6;102.6;103.6;103.9
PODLASKIE;men's cotton undershirt;96.4;96.4;101.4;101.4;101.4;101.4;101.4;104.2;104.2;102.7;103.7;100.0
POMORSKIE;men's cotton undershirt;97.3;97.3;96.6;101.7;102.0;100.2;101.6;101.7;100.1;103.2;98.8;100.7
SLASKIE;men's cotton undershirt;92.8;93.4;91.6;91.8;97.8;97.0;99.1;102.8;102.5;104.6;107.7;109.3
SWIETOKRZYSKIE;men's cotton undershirt;105.6;105.6;104.8;98.3;98.3;98.3;105.2;105.2;100.4;100.4;100.4;113.0
WARMINÉSKO-MAZURSKIE;men's cotton undershirt;111.5;112.0;109.5;110.4;110.6;114.8;115.6;113.4;111.7;114.1;114.1;108.7
WIELKOPOLSKIE;men's cotton undershirt;104.5;102.5;102.6;104.6;101.6;105.0;102.7;101.6;104.1;106.1;103.5;103.6
ZACHODNIOPOMORSKIE;men's cotton undershirt;87.4;82.9;96.9;96.9;96.1;94.5;94.5;92.9;94.7;94.7;94.4;98.0
DOLNOSLASKIE;men's hair-cutting;103.4;103.6;107.0;107.0;108.5;109.3;109.3;109.3;110.3;113.8;116.2;117.8
KUJAWSKO-POMORSKIE;men's hair-cutting;101.7;101.7;104.7;104.7;104.7;104.7;104.6;104.6;104.2;105.1;106.0;106.0
LODZKIE;men's hair-cutting;107.0;109.7;111.5;110.2;110.2;109.0;109.0;109.0;110.9;110.9;110.8;112.3
LUBELSKIE;men's hair-cutting;102.3;102.3;102.3;103.7;102.3;104.5;104.5;106.8;106.8;106.8;106.8;106.8
LUBUSKIE;men's hair-cutting;107.5;109.7;116.7;116.7;116.7;118.1;118.1;123.7;123.7;120.0;122.7;122.7
MALOPOLSKIE;men's hair-cutting;104.7;104.7;102.3;102.3;102.3;102.3;104.2;103.0;103.0;98.8;98.8;99.3
MAZOWIECKIE;men's hair-cutting;101.9;104.3;104.9;104.5;104.5;104.2;106.1;106.6;106.4;106.9;106.3;107.1
OPOLSKIE;men's hair-cutting;107.1;104.9;102.7;102.7;102.7;102.7;102.7;102.7;102.7;102.7;102.7;102.7
PODKARPACKIE;men's hair-cutting;110.8;110.8;109.0;107.9;104.1;105.0;108.6;108.6;108.6;106.9;108.5;108.5
PODLASKIE;men's hair-cutting;111.7;113.5;112.1;114.4;121.8;121.8;121.8;124.1;123.4;121.3;122.0;120.0
POMORSKIE;men's hair-cutting;103.9;101.7;104.2;104.2;104.2;104.0;105.8;105.8;105.8;105.8;105.8;106.4
SLASKIE;men's hair-cutting;110.8;115.1;116.8;116.8;118.3;118.3;118.9;117.8;118.8;121.1;117.2;116.4
SWIETOKRZYSKIE;men's hair-cutting;101.1;106.5;109.8;109.8;109.8;109.8;109.8;109.8;109.8;109.8;111.8;111.8
WARMINÉSKO-MAZURSKIE;men's hair-cutting;106.1;106.1;106.1;103.3;106.0;106.0;106.0;104.8;104.8;105.3;104.8;103.7
WIELKOPOLSKIE;men's hair-cutting;108.3;108.2;106.8;109.2;109.2;109.2;109.2;109.8;111.3;110.7;110.7;111.0
ZACHODNIOPOMORSKIE;men's hair-cutting;115.5;113.2;113.2;113.2;110.7;110.7;114.2;112.0;109.0;107.0;108.8;107.3
DOLNOSLASKIE;men's low leather shoes;100.0;99.7;103.1;109.1;110.2;111.5;110.6;108.7;108.0;97.7;101.2;103.4
KUJAWSKO-POMORSKIE;men's low leather shoes;102.4;102.4;100.5;103.2;100.0;105.1;101.7;101.7;102.1;101.9;101.6;98.5
LODZKIE;men's low leather shoes;103.0;106.4;106.5;104.4;100.4;101.7;100.5;103.9;97.9;103.5;100.6;95.4
LUBELSKIE;men's low leather shoes;101.5;101.9;103.4;100.6;98.7;100.2;100.6;101.0;102.8;103.3;103.3;101.9
LUBUSKIE;men's low leather shoes;89.4;90.7;92.6;94.3;96.0;98.5;103.6;101.8;100.9;105.1;97.5;104.4
MALOPOLSKIE;men's low leather shoes;101.1;102.0;102.4;103.0;99.6;99.8;105.0;108.5;98.7;102.3;101.2;101.6
MAZOWIECKIE;men's low leather shoes;103.2;100.2;95.5;97.1;97.3;97.7;96.4;96.4;96.6;100.9;96.4;96.1
OPOLSKIE;men's low leather shoes;104.7;103.9;101.5;101.5;103.1;103.1;100.8;100.8;85.4;84.0;86.0;86.0
PODKARPACKIE;men's low leather shoes;104.5;104.9;109.6;109.9;110.3;104.6;110.5;109.1;110.2;110.2;106.5;111.4
PODLASKIE;men's low leather shoes;104.0;104.4;105.0;105.0;105.0;109.2;113.0;113.0;99.9;104.9;103.9;103.1
POMORSKIE;men's low leather shoes;109.3;111.1;105.8;101.3;104.1;104.1;104.1;104.1;103.0;100.9;101.1;98.3
SLASKIE;men's low leather shoes;101.4;101.4;101.1;101.1;101.8;104.2;104.2;104.5;104.5;103.5;103.3;103.3
SWIETOKRZYSKIE;men's low leather shoes;101.7;100.0;100.0;93.5;99.4;99.4;105.1;105.1;105.1;99.4;91.2;99.4
WARMINÉSKO-MAZURSKIE;men's low leather shoes;99.3;100.2;100.2;100.2;99.5;99.0;99.0;99.4;98.4;98.4;98.4;100.9
WIELKOPOLSKIE;men's low leather shoes;98.8;98.2;101.6;101.7;101.6;101.2;98.0;98.2;101.7;99.4;99.1;99.3
ZACHODNIOPOMORSKIE;men's low leather shoes;102.6;102.6;96.9;96.9;99.5;96.4;96.4;95.3;94.5;93.4;96.3;93.6
DOLNOSLASKIE;men's shirt;104.6;102.9;98.9;100.8;101.3;103.4;104.0;104.8;106.3;104.1;104.3;104.8
KUJAWSKO-POMORSKIE;men's shirt;96.2;96.2;94.3;94.3;94.7;95.0;95.1;95.1;95.9;109.3;108.4;108.4
LODZKIE;men's shirt;102.6;102.9;103.4;102.0;102.7;102.7;101.9;104.7;104.0;104.0;104.0;104.0
LUBELSKIE;men's shirt;105.8;105.8;108.9;108.9;107.1;106.2;106.2;106.2;104.6;104.6;102.9;104.0
LUBUSKIE;men's shirt;93.1;93.1;94.3;106.5;105.3;110.0;110.0;113.0;121.1;119.6;119.3;120.0
MALOPOLSKIE;men's shirt;102.9;106.7;106.7;106.7;106.7;107.4;107.9;107.9;108.3;108.3;108.0;101.3
MAZOWIECKIE;men's shirt;94.9;95.1;103.0;103.0;103.3;103.2;100.6;100.0;103.9;101.5;104.3;101.4
OPOLSKIE;men's shirt;119.5;107.4;118.8;115.3;115.3;101.3;103.6;103.6;102.0;104.9;95.7;85.8
PODKARPACKIE;men's shirt;89.8;90.7;101.6;101.2;101.4;101.7;102.0;102.0;103.2;103.0;103.1;104.2
PODLASKIE;men's shirt;104.3;106.4;103.5;108.2;108.2;110.4;110.4;113.9;115.0;109.9;109.9;110.9
POMORSKIE;men's shirt;102.1;105.6;100.9;105.4;104.6;106.6;106.6;104.8;102.9;99.9;100.2;100.2
SLASKIE;men's shirt;103.7;106.4;103.5;100.0;108.9;103.8;101.7;100.3;98.2;109.0;103.9;99.9
SWIETOKRZYSKIE;men's shirt;99.3;99.3;109.9;110.7;110.7;110.7;110.7;110.7;110.7;110.7;110.7;111.7
WARMINÉSKO-MAZURSKIE;men's shirt;128.0;128.3;118.6;114.0;118.3;118.3;107.9;113.9;109.9;110.0;110.5;110.5
WIELKOPOLSKIE;men's shirt;99.7;100.8;100.3;99.1;104.5;104.5;103.2;105.9;107.5;107.4;107.4;106.1
ZACHODNIOPOMORSKIE;men's shirt;90.6;92.2;101.8;104.5;104.2;108.6;115.2;113.2;122.4;122.4;122.4;119.9
DOLNOSLASKIE;men's suit;100.4;99.9;94.9;95.6;93.4;93.4;103.9;103.9;99.5;99.5;96.9;92.6
KUJAWSKO-POMORSKIE;men's suit;97.0;97.0;91.2;91.2;91.7;94.7;99.4;96.2;96.2;116.7;120.4;120.4
LODZKIE;men's suit;106.4;115.9;115.9;115.9;111.8;113.1;113.1;113.1;110.3;109.1;109.1;102.3
LUBELSKIE;men's suit;109.1;109.0;107.7;92.7;93.7;95.9;94.3;98.5;94.3;94.3;100.9;104.7
LUBUSKIE;men's suit;101.1;101.1;102.3;102.3;101.9;100.0;94.3;94.3;96.3;99.1;96.6;96.6
MALOPOLSKIE;men's suit;94.2;91.8;91.5;93.5;94.3;92.8;98.5;102.7;105.0;105.6;101.8;101.5
MAZOWIECKIE;men's suit;86.8;88.1;97.3;92.9;86.0;92.6;93.8;94.8;101.1;101.1;100.3;94.3
OPOLSKIE;men's suit;111.5;108.5;122.4;105.7;105.7;105.7;105.7;103.5;98.8;101.0;75.9;69.6
PODKARPACKIE;men's suit;99.6;99.6;99.0;99.4;100.9;101.3;101.0;101.0;101.0;101.4;101.9;104.6
PODLASKIE;men's suit;101.6;101.6;102.4;102.4;102.4;102.4;100.8;100.8;104.1;104.1;103.3;101.3
POMORSKIE;men's suit;99.6;99.6;100.6;101.1;100.7;100.7;98.0;97.9;99.0;97.3;98.7;95.4
SLASKIE;men's suit;99.3;98.5;103.3;106.4;91.0;96.3;101.5;105.7;112.4;106.1;102.6;100.8
SWIETOKRZYSKIE;men's suit;100.7;103.1;107.4;107.4;107.4;107.4;107.4;107.4;106.6;106.6;106.6;106.6
WARMINÉSKO-MAZURSKIE;men's suit;88.9;88.4;113.5;115.2;116.9;116.9;116.1;107.5;106.1;95.0;100.1;108.5
WIELKOPOLSKIE;men's suit;104.3;105.6;106.2;104.8;101.8;101.8;105.8;104.7;105.8;103.8;102.4;104.1
ZACHODNIOPOMORSKIE;men's suit;90.8;93.6;91.6;91.6;94.8;96.9;94.8;94.6;94.5;94.5;99.1;99.7
DOLNOSLASKIE;men's suit dry-cleaning;106.4;104.4;106.3;105.3;105.5;105.9;105.2;105.6;105.0;105.0;105.6;105.6
KUJAWSKO-POMORSKIE;men's suit dry-cleaning;109.0;107.9;107.9;107.2;107.0;107.0;106.4;106.4;105.9;104.2;104.8;104.8
LODZKIE;men's suit dry-cleaning;104.5;105.5;107.7;105.5;106.3;105.7;105.3;105.3;106.6;106.6;107.8;107.1
LUBELSKIE;men's suit dry-cleaning;100.0;100.0;102.5;102.5;105.7;105.7;102.9;102.9;102.9;102.9;102.9;102.9
LUBUSKIE;men's suit dry-cleaning;107.1;107.1;107.1;107.1;107.1;107.1;104.1;104.1;102.2;106.7;106.7;104.0
MALOPOLSKIE;men's suit dry-cleaning;101.7;102.8;103.1;103.1;104.5;105.7;105.7;105.7;105.7;107.6;106.8;105.9
MAZOWIECKIE;men's suit dry-cleaning;103.9;103.7;104.1;105.4;105.2;104.6;105.4;104.1;104.1;104.0;104.4;104.2
OPOLSKIE;men's suit dry-cleaning;113.8;113.8;113.8;113.8;110.1;107.8;107.8;107.8;107.4;108.0;108.0;108.0
PODKARPACKIE;men's suit dry-cleaning;103.4;103.4;103.4;102.9;102.9;103.2;103.2;103.1;106.4;106.4;105.9;107.4
PODLASKIE;men's suit dry-cleaning;105.5;107.4;107.4;108.9;108.9;108.9;108.9;108.9;108.9;108.9;106.6;107.8
POMORSKIE;men's suit dry-cleaning;107.0;105.8;105.8;106.7;104.7;106.0;107.9;107.9;105.5;106.6;106.6;106.6
SLASKIE;men's suit dry-cleaning;107.4;108.7;109.0;109.0;109.5;109.5;109.5;110.1;110.1;108.5;108.4;107.6
SWIETOKRZYSKIE;men's suit dry-cleaning;110.4;107.7;107.7;114.7;113.6;117.5;117.5;114.1;114.1;114.1;114.1;114.1
WARMINÉSKO-MAZURSKIE;men's suit dry-cleaning;106.8;107.0;107.6;108.9;110.0;110.0;109.5;109.5;108.6;109.2;105.5;105.5
WIELKOPOLSKIE;men's suit dry-cleaning;104.6;104.9;104.9;104.8;104.2;104.2;104.2;103.4;103.0;103.0;102.5;103.2
ZACHODNIOPOMORSKIE;men's suit dry-cleaning;104.6;104.4;104.4;104.4;104.4;104.4;104.8;104.8;102.9;102.9;102.5;102.9
DOLNOSLASKIE;microwave oven;101.1;99.2;100.6;96.8;96.0;99.0;95.1;101.0;99.8;101.4;100.0;101.2
KUJAWSKO-POMORSKIE;microwave oven;102.4;104.3;103.5;101.2;102.0;96.8;98.4;106.1;103.0;97.3;95.3;98.9
LODZKIE;microwave oven;101.1;100.9;98.7;94.3;98.0;96.5;95.9;91.9;91.4;95.1;97.9;103.0
LUBELSKIE;microwave oven;96.2;98.3;99.9;97.7;105.8;101.9;103.0;105.4;106.1;108.2;109.2;111.6
LUBUSKIE;microwave oven;104.8;101.8;101.8;102.6;100.7;98.3;101.2;99.3;96.7;99.2;98.6;99.3
MALOPOLSKIE;microwave oven;96.5;93.3;97.5;98.3;97.1;96.8;100.3;102.6;103.3;103.1;104.0;100.5
MAZOWIECKIE;microwave oven;100.8;100.1;100.9;100.8;101.5;103.3;103.3;104.4;106.3;104.3;103.8;101.8
OPOLSKIE;microwave oven;87.1;87.7;89.9;86.8;96.8;96.1;95.3;100.9;96.6;96.6;98.7;94.2
PODKARPACKIE;microwave oven;104.2;106.0;106.2;108.0;106.2;105.2;107.4;109.7;109.5;101.7;100.3;99.5
PODLASKIE;microwave oven;99.4;96.7;105.4;101.5;101.9;100.1;103.7;102.6;106.7;105.0;104.7;102.4
POMORSKIE;microwave oven;98.5;100.3;100.5;99.6;99.6;101.4;102.4;99.9;102.6;107.3;103.7;104.8
SLASKIE;microwave oven;103.0;102.3;102.7;102.9;100.4;98.6;99.7;98.7;98.8;100.0;99.7;98.3
SWIETOKRZYSKIE;microwave oven;95.7;99.1;100.9;97.9;99.2;97.7;97.5;95.2;94.3;97.1;94.6;97.8
WARMINÉSKO-MAZURSKIE;microwave oven;103.2;117.5;115.9;115.9;110.3;116.0;112.6;109.1;112.4;114.1;114.1;105.3
WIELKOPOLSKIE;microwave oven;99.7;101.0;101.6;100.9;103.7;99.7;99.7;100.0;100.4;102.8;102.2;103.8
ZACHODNIOPOMORSKIE;microwave oven;102.3;97.0;110.4;107.6;101.5;98.0;98.1;98.7;98.2;101.3;102.2;101.0
DOLNOSLASKIE;non-segregated waste collection;100.0;100.0;102.5;106.7;113.8;113.8;113.8;122.4;142.3;143.8;143.8;143.8
KUJAWSKO-POMORSKIE;non-segregated waste collection;106.5;106.5;113.6;118.6;118.6;121.3;121.3;121.3;121.3;121.3;121.3;121.3
LODZKIE;non-segregated waste collection;116.0;116.0;119.5;129.8;140.0;140.0;145.4;148.3;146.8;146.8;147.7;147.5
LUBELSKIE;non-segregated waste collection;100.0;100.0;111.9;132.2;132.2;132.2;132.2;144.7;144.7;144.7;144.7;144.7
LUBUSKIE;non-segregated waste collection;107.8;107.8;104.0;107.3;107.3;115.1;125.3;125.3;125.3;125.3;125.3;125.3
MALOPOLSKIE;non-segregated waste collection;110.7;110.7;114.6;116.9;114.7;126.1;126.1;126.1;126.1;132.4;132.4;132.4
MAZOWIECKIE;non-segregated waste collection;116.1;116.1;116.5;130.2;130.2;130.2;135.8;152.1;152.1;155.0;155.0;155.0
OPOLSKIE;non-segregated waste collection;111.5;111.5;129.3;129.3;129.3;129.3;140.7;136.8;136.8;136.8;136.8;136.8
PODKARPACKIE;non-segregated waste collection;121.0;121.0;132.6;154.7;154.7;159.2;163.2;163.2;163.2;163.2;165.6;165.6
PODLASKIE;non-segregated waste collection;102.7;102.7;102.7;127.7;127.7;127.7;127.7;127.7;133.9;144.5;144.5;144.5
POMORSKIE;non-segregated waste collection;96.8;96.8;100.3;102.1;101.8;106.2;106.2;106.2;106.2;109.7;109.7;118.0
SLASKIE;non-segregated waste collection;114.1;114.1;118.0;109.8;112.7;111.7;116.1;116.1;121.6;121.6;121.6;121.6
SWIETOKRZYSKIE;non-segregated waste collection;100.0;100.0;100.0;117.7;135.3;135.3;135.3;135.3;147.1;147.1;147.1;147.1
WARMINÉSKO-MAZURSKIE;non-segregated waste collection;103.7;103.7;126.6;145.0;145.0;145.0;145.0;145.0;145.0;154.0;154.0;154.0
WIELKOPOLSKIE;non-segregated waste collection;100.0;100.0;107.9;113.4;116.5;118.4;127.7;132.7;142.0;142.0;142.0;142.0
ZACHODNIOPOMORSKIE;non-segregated waste collection;101.1;101.1;111.4;113.8;113.8;113.8;143.7;139.8;139.8;139.8;139.8;139.8
DOLNOSLASKIE;onions;147.9;171.1;173.4;178.3;208.9;205.5;170.3;156.5;153.5;129.6;127.6;109.6
KUJAWSKO-POMORSKIE;onions;133.5;162.9;170.0;175.2;190.7;150.3;142.2;147.8;147.3;144.3;141.4;127.9
LODZKIE;onions;183.0;196.7;207.6;209.2;248.0;178.4;157.9;145.7;137.0;137.8;120.4;110.8
LUBELSKIE;onions;133.6;156.3;177.8;191.9;210.2;202.6;151.1;153.8;146.9;124.5;117.9;122.1
LUBUSKIE;onions;145.7;165.7;173.3;174.2;213.1;183.5;172.0;132.7;151.0;131.7;114.8;110.5
MALOPOLSKIE;onions;187.9;214.6;227.4;232.7;269.2;243.9;191.0;134.7;139.1;119.6;97.3;100.4
MAZOWIECKIE;onions;164.1;189.0;194.2;211.6;232.3;241.0;192.5;151.0;139.4;141.7;116.6;111.9
OPOLSKIE;onions;157.3;162.2;182.9;182.5;208.9;182.4;171.9;170.5;144.6;144.4;115.1;104.5
PODKARPACKIE;onions;165.2;190.5;200.5;199.5;236.6;246.0;188.0;152.4;143.2;123.5;110.2;100.0
PODLASKIE;onions;175.1;186.6;223.1;229.0;253.4;271.8;147.8;150.2;151.7;129.1;108.9;111.9
POMORSKIE;onions;130.4;151.0;159.0;157.8;179.9;203.0;173.9;162.2;166.1;154.5;132.1;129.5
SLASKIE;onions;177.0;203.7;195.9;208.0;226.6;263.1;186.4;170.7;144.1;129.3;119.0;111.9
SWIETOKRZYSKIE;onions;166.3;186.1;189.9;213.0;246.2;241.6;163.9;124.4;136.3;121.4;109.1;83.5
WARMINÉSKO-MAZURSKIE;onions;163.1;167.8;177.7;188.3;230.6;203.2;132.1;150.2;145.3;134.5;129.7;110.3
WIELKOPOLSKIE;onions;151.2;173.6;179.9;177.4;219.1;201.6;166.3;164.2;130.8;119.1;109.1;104.8
ZACHODNIOPOMORSKIE;onions;141.6;162.9;167.2;166.4;195.0;169.0;152.8;154.8;139.3;138.1;125.3;116.6
DOLNOSLASKIE;oranges;91.7;94.6;94.3;98.3;97.1;91.5;101.0;91.0;90.3;100.6;104.3;103.2
KUJAWSKO-POMORSKIE;oranges;97.4;85.5;95.6;95.8;98.1;99.0;100.0;97.0;96.1;95.1;102.0;104.2
LODZKIE;oranges;96.3;98.3;98.7;102.9;101.6;105.2;100.0;98.5;99.7;99.4;104.5;105.8
LUBELSKIE;oranges;107.5;97.7;90.8;101.6;98.6;100.0;97.1;93.5;101.6;101.6;97.9;101.7
LUBUSKIE;oranges;101.0;99.6;105.0;97.1;106.0;112.3;116.8;111.3;103.4;88.4;101.3;110.9
MALOPOLSKIE;oranges;94.3;89.7;95.2;91.7;92.7;95.8;96.0;91.7;95.6;96.8;104.9;110.4
MAZOWIECKIE;oranges;94.8;94.3;95.1;95.3;96.8;99.7;90.3;99.2;93.6;95.5;104.7;110.5
OPOLSKIE;oranges;75.0;87.9;88.5;92.4;86.5;93.8;89.5;99.3;87.1;91.2;94.1;103.2
PODKARPACKIE;oranges;103.0;104.9;99.8;101.0;103.5;105.7;101.8;92.7;97.4;99.5;102.2;96.3
PODLASKIE;oranges;89.2;91.0;83.4;96.8;92.2;94.1;100.2;93.4;91.4;86.5;95.5;98.0
POMORSKIE;oranges;87.1;82.7;85.6;88.6;89.9;90.8;88.7;87.9;90.2;92.5;103.6;113.3
SLASKIE;oranges;89.1;89.8;87.8;95.5;96.1;100.9;92.7;90.7;95.3;97.1;96.3;102.5
SWIETOKRZYSKIE;oranges;94.1;98.3;94.0;100.6;111.4;107.2;95.4;94.8;94.2;92.9;100.0;90.9
WARMINÉSKO-MAZURSKIE;oranges;104.2;93.9;103.2;106.3;107.3;106.7;106.1;91.6;96.7;88.5;92.1;105.0
WIELKOPOLSKIE;oranges;99.4;92.3;97.4;98.6;105.6;102.6;98.2;94.6;100.0;103.8;102.8;108.1
ZACHODNIOPOMORSKIE;oranges;90.8;91.7;94.3;102.2;100.4;110.1;107.4;102.9;103.4;111.4;102.5;109.4
DOLNOSLASKIE;pearl-barley groats;93.7;96.6;97.8;97.8;95.9;101.2;102.7;104.4;103.5;107.7;105.6;105.1
KUJAWSKO-POMORSKIE;pearl-barley groats;95.5;97.0;97.5;99.0;99.5;99.5;90.8;92.8;97.6;96.7;106.8;104.7
LODZKIE;pearl-barley groats;107.3;104.0;105.1;107.6;115.1;115.0;114.4;112.3;108.4;112.0;104.9;108.0
LUBELSKIE;pearl-barley groats;100.4;101.7;106.3;112.7;112.7;105.2;105.2;105.2;102.5;94.5;94.1;94.6
LUBUSKIE;pearl-barley groats;90.3;90.5;88.0;90.7;94.1;94.1;92.1;97.4;96.5;99.1;98.2;99.6
MALOPOLSKIE;pearl-barley groats;100.0;100.0;98.9;98.9;98.9;100.0;96.0;102.3;101.2;102.7;103.5;99.6
MAZOWIECKIE;pearl-barley groats;109.3;109.1;104.3;101.5;103.1;104.2;103.9;102.3;102.7;101.9;102.6;100.0
OPOLSKIE;pearl-barley groats;112.3;116.7;115.5;115.5;113.3;116.3;117.3;114.5;109.8;111.9;120.1;120.2
PODKARPACKIE;pearl-barley groats;98.6;102.5;103.6;102.1;100.0;100.0;101.1;101.1;104.0;106.3;107.7;108.4
PODLASKIE;pearl-barley groats;102.0;100.8;95.4;96.5;100.8;98.4;100.4;107.3;109.0;109.7;107.6;103.2
POMORSKIE;pearl-barley groats;113.7;117.3;116.7;117.6;117.3;118.9;117.1;112.8;113.8;115.0;113.3;103.3
SLASKIE;pearl-barley groats;102.2;101.7;101.7;103.9;97.0;96.2;101.3;100.0;101.7;101.7;103.0;101.7
SWIETOKRZYSKIE;pearl-barley groats;102.6;109.6;104.5;112.8;107.6;113.4;117.9;112.7;113.2;104.4;116.4;117.0
WARMINÉSKO-MAZURSKIE;pearl-barley groats;103.3;107.5;107.5;107.4;105.0;101.5;101.8;106.7;108.6;108.1;107.3;105.0
WIELKOPOLSKIE;pearl-barley groats;98.9;98.9;99.5;98.4;97.4;97.4;98.4;100.5;97.9;97.9;101.1;103.2
ZACHODNIOPOMORSKIE;pearl-barley groats;103.2;98.1;110.8;109.4;109.3;104.8;101.8;106.5;99.4;98.9;100.6;108.3
DOLNOSLASKIE;petrol 95;101.9;103.0;104.5;107.7;104.0;102.7;101.0;100.4;97.7;96.7;97.1;101.2
KUJAWSKO-POMORSKIE;petrol 95;103.1;105.1;104.9;107.8;104.0;103.9;102.3;101.4;97.7;96.3;96.3;100.2
LODZKIE;petrol 95;101.7;102.6;105.2;107.8;104.0;102.4;100.6;100.4;97.5;96.5;97.0;101.0
LUBELSKIE;petrol 95;102.5;103.6;105.6;108.9;104.3;103.7;102.5;101.6;98.2;96.9;97.6;100.8
LUBUSKIE;petrol 95;101.3;102.2;103.5;105.9;103.8;103.5;101.2;100.2;97.7;96.7;96.5;100.0
MALOPOLSKIE;petrol 95;100.2;100.9;103.0;106.7;104.4;102.7;101.2;100.4;97.9;96.5;97.0;102.9
MAZOWIECKIE;petrol 95;102.5;103.6;104.5;107.5;104.2;103.9;101.8;101.0;97.9;96.7;97.1;100.6
OPOLSKIE;petrol 95;103.4;105.6;104.8;110.5;104.4;104.4;102.2;102.2;98.8;97.5;97.0;100.6
PODKARPACKIE;petrol 95;100.8;103.0;103.9;109.1;103.8;103.7;101.8;100.8;97.7;96.9;97.4;102.0
PODLASKIE;petrol 95;103.2;105.2;106.3;110.4;105.2;103.1;101.6;101.0;98.0;96.7;96.7;101.2
POMORSKIE;petrol 95;101.3;103.0;103.9;108.6;103.8;102.3;100.8;99.8;97.5;96.3;96.9;101.6
SLASKIE;petrol 95;99.6;100.9;102.8;107.4;104.4;103.3;100.8;99.8;97.7;96.9;97.4;103.1
SWIETOKRZYSKIE;petrol 95;100.0;101.1;103.7;106.7;103.8;103.0;101.0;100.0;97.7;97.4;98.2;104.0
WARMINÉSKO-MAZURSKIE;petrol 95;100.2;102.1;104.3;107.7;103.8;103.1;101.2;100.2;97.5;95.9;96.5;101.6
WIELKOPOLSKIE;petrol 95;101.1;103.2;104.3;107.7;103.2;102.5;101.0;100.6;97.3;96.5;96.7;100.6
ZACHODNIOPOMORSKIE;petrol 95;103.0;103.8;104.3;108.8;104.2;103.3;102.2;102.2;98.4;97.1;97.4;100.6
DOLNOSLASKIE;porcelain soup plate;111.8;112.2;113.2;113.8;118.2;117.5;117.6;120.4;112.7;107.1;110.9;114.1
KUJAWSKO-POMORSKIE;porcelain soup plate;101.5;104.1;103.1;103.6;103.1;105.2;103.4;103.5;103.5;101.4;100.3;101.1
LODZKIE;porcelain soup plate;105.2;105.7;105.3;105.5;106.7;106.6;107.0;106.4;101.1;98.6;95.8;95.0
LUBELSKIE;porcelain soup plate;96.7;97.1;97.1;102.2;102.5;102.5;102.5;101.9;101.0;108.1;108.8;110.8
LUBUSKIE;porcelain soup plate;108.1;108.5;104.4;104.5;104.5;104.5;103.3;103.3;106.0;102.9;100.4;100.4
MALOPOLSKIE;porcelain soup plate;92.9;94.1;104.8;104.9;103.4;104.7;103.3;103.5;103.5;102.1;105.3;105.4
MAZOWIECKIE;porcelain soup plate;109.4;104.0;100.9;100.9;101.7;101.1;101.3;102.5;104.7;110.9;108.7;107.5
OPOLSKIE;porcelain soup plate;104.4;104.4;104.4;102.8;102.8;102.8;103.5;103.5;103.5;103.5;103.5;103.2
PODKARPACKIE;porcelain soup plate;101.4;101.1;101.2;101.3;97.2;97.2;97.6;99.4;99.1;99.1;99.1;102.4
PODLASKIE;porcelain soup plate;103.4;102.9;102.6;102.6;101.0;103.3;96.4;96.4;96.4;97.6;98.5;95.9
POMORSKIE;porcelain soup plate;110.2;110.1;107.4;110.6;110.1;98.4;96.4;96.4;100.2;102.2;99.7;101.8
SLASKIE;porcelain soup plate;103.7;105.5;100.6;95.0;92.8;100.7;99.9;99.5;99.2;105.1;107.2;106.8
SWIETOKRZYSKIE;porcelain soup plate;103.3;102.7;104.2;104.2;103.2;102.1;102.1;102.1;102.1;102.1;102.1;102.1
WARMINÉSKO-MAZURSKIE;porcelain soup plate;100.7;101.5;101.4;101.1;102.3;102.3;102.3;102.9;102.4;103.2;99.6;99.6
WIELKOPOLSKIE;porcelain soup plate;104.0;103.9;104.0;105.1;104.9;102.5;102.7;103.2;103.0;103.3;102.8;102.7
ZACHODNIOPOMORSKIE;porcelain soup plate;100.2;92.0;92.0;93.8;95.2;94.9;99.9;100.2;102.2;96.0;97.1;97.9
DOLNOSLASKIE;pork;97.4;102.7;101.3;110.4;125.1;115.1;111.8;110.9;111.7;113.1;114.8;122.2
KUJAWSKO-POMORSKIE;pork;102.0;107.4;98.6;114.8;119.7;118.7;121.2;114.7;113.7;114.1;116.8;126.6
LODZKIE;pork;100.2;101.8;97.9;108.3;119.2;114.7;117.6;113.9;114.6;113.4;116.9;128.6
LUBELSKIE;pork;96.8;103.5;99.6;107.5;116.6;113.8;112.9;112.8;108.2;111.6;113.4;128.9
LUBUSKIE;pork;96.9;99.9;103.1;120.0;123.0;110.6;114.7;117.6;110.3;110.3;108.9;120.7
MALOPOLSKIE;pork;104.1;104.6;100.1;112.6;117.2;111.8;112.7;112.0;111.5;109.7;110.0;120.9
MAZOWIECKIE;pork;99.2;95.9;96.3;108.8;111.5;113.9;115.2;115.6;115.9;113.6;117.0;126.7
OPOLSKIE;pork;102.9;102.2;97.7;111.9;117.6;116.4;106.6;104.4;113.6;111.7;120.7;120.3
PODKARPACKIE;pork;99.4;97.0;100.4;103.2;105.9;107.8;108.0;108.4;104.1;109.7;117.0;119.1
PODLASKIE;pork;104.5;101.7;97.1;114.4;122.5;117.4;115.5;112.2;112.2;107.4;113.4;131.2
POMORSKIE;pork;105.7;107.2;104.3;112.5;117.8;113.9;113.1;111.2;110.4;110.4;110.5;116.2
SLASKIE;pork;101.7;103.8;98.3;113.3;116.7;109.5;112.8;108.5;107.5;112.9;114.7;125.6
SWIETOKRZYSKIE;pork;98.8;97.7;94.6;117.1;121.2;117.1;118.0;119.1;114.1;112.9;116.1;124.4
WARMINÉSKO-MAZURSKIE;pork;104.0;103.9;99.2;113.5;127.8;113.9;115.9;113.3;109.9;111.1;113.9;129.8
WIELKOPOLSKIE;pork;104.3;101.6;100.7;113.0;119.3;116.4;115.1;113.9;110.1;108.0;115.6;123.9
ZACHODNIOPOMORSKIE;pork;102.0;104.2;102.7;113.1;126.9;116.7;116.5;115.9;116.5;112.5;110.6;120.1
DOLNOSLASKIE;pork ham;101.2;99.0;101.0;103.2;107.6;109.2;108.0;106.3;106.5;112.0;110.5;112.9
KUJAWSKO-POMORSKIE;pork ham;105.7;106.1;104.6;109.8;109.8;112.3;116.0;111.1;110.5;113.4;111.8;112.1
LODZKIE;pork ham;99.4;101.4;107.3;112.1;102.4;102.3;103.3;103.6;111.4;113.9;112.8;112.8
LUBELSKIE;pork ham;108.8;111.0;114.2;113.4;114.2;108.8;112.0;111.2;115.7;117.7;116.3;120.4
LUBUSKIE;pork ham;91.1;94.6;98.0;93.8;91.6;99.0;92.8;91.6;97.1;94.4;99.6;96.2
MALOPOLSKIE;pork ham;95.3;95.6;94.1;94.8;95.9;96.5;96.0;98.2;102.2;101.2;103.8;111.2
MAZOWIECKIE;pork ham;105.1;102.8;105.8;106.2;110.2;111.1;109.3;109.9;111.0;110.4;110.3;108.6
OPOLSKIE;pork ham;108.0;108.0;108.0;109.5;110.0;110.2;110.2;104.2;105.1;105.1;105.1;107.7
PODKARPACKIE;pork ham;97.6;96.6;100.4;102.2;104.0;102.4;106.4;105.2;112.0;108.4;107.6;108.2
PODLASKIE;pork ham;103.8;100.4;101.3;105.8;113.7;109.5;114.0;111.7;109.2;109.7;108.6;120.9
POMORSKIE;pork ham;108.0;107.4;104.9;102.9;105.8;108.2;108.2;110.2;109.2;108.0;108.3;107.0
SLASKIE;pork ham;102.9;99.7;100.5;101.1;102.9;102.4;103.6;102.4;104.7;106.6;105.9;111.7
SWIETOKRZYSKIE;pork ham;103.8;102.2;103.4;108.7;110.1;111.5;110.0;110.7;110.1;110.5;107.6;126.0
WARMINÉSKO-MAZURSKIE;pork ham;98.1;101.3;104.4;107.7;109.4;113.1;110.0;111.0;116.1;117.2;115.3;125.5
WIELKOPOLSKIE;pork ham;106.2;102.2;103.7;106.9;108.2;106.0;108.8;107.8;106.9;108.0;107.0;110.2
ZACHODNIOPOMORSKIE;pork ham;101.6;101.9;102.3;103.7;105.1;107.9;108.5;107.8;109.3;114.2;113.1;113.6
DOLNOSLASKIE;potatoes;144.1;177.9;175.0;201.6;227.0;193.8;194.4;198.6;188.4;178.0;182.6;162.9
KUJAWSKO-POMORSKIE;potatoes;144.9;167.3;187.6;201.9;208.5;182.7;202.9;203.0;190.2;183.6;172.6;163.4
LODZKIE;potatoes;148.0;162.0;166.0;193.3;244.3;220.0;205.1;211.1;189.3;186.0;181.5;172.3
LUBELSKIE;potatoes;159.6;155.7;167.2;181.1;242.2;184.6;199.4;202.1;209.6;181.1;179.0;161.7
LUBUSKIE;potatoes;145.0;165.2;188.1;209.8;233.3;200.0;213.2;200.0;211.4;182.2;167.4;165.6
MALOPOLSKIE;potatoes;162.7;182.1;209.3;217.7;257.5;175.6;246.8;211.6;195.2;187.1;177.5;157.3
MAZOWIECKIE;potatoes;154.7;165.6;186.7;194.6;199.4;206.9;203.2;204.7;189.7;173.6;167.3;154.1
OPOLSKIE;potatoes;144.4;167.9;180.5;191.5;225.2;184.9;189.1;215.0;197.9;185.8;186.5;163.9
PODKARPACKIE;potatoes;149.1;158.0;175.0;187.7;187.0;168.1;205.8;244.1;224.4;208.1;193.0;177.4
PODLASKIE;potatoes;176.4;189.9;199.1;205.7;240.2;209.4;191.1;192.3;183.6;186.1;174.3;166.7
POMORSKIE;potatoes;137.3;148.2;171.9;178.8;179.4;171.5;183.5;169.4;172.9;192.9;156.6;148.3
SLASKIE;potatoes;155.6;170.0;174.8;206.5;259.6;234.8;250.4;239.2;221.0;198.3;192.1;170.1
SWIETOKRZYSKIE;potatoes;158.5;181.7;179.6;201.9;176.3;214.7;210.4;207.1;192.5;196.2;190.8;153.5
WARMINÉSKO-MAZURSKIE;potatoes;136.9;148.0;150.8;180.3;203.1;191.2;211.0;200.0;180.0;166.0;157.6;148.8
WIELKOPOLSKIE;potatoes;144.0;161.7;190.8;206.3;250.9;198.7;242.1;234.5;206.3;200.0;179.7;160.7
ZACHODNIOPOMORSKIE;potatoes;150.0;166.4;194.9;188.4;209.5;173.0;198.7;187.8;179.6;196.6;173.9;159.2
DOLNOSLASKIE;rape oil;95.1;99.2;103.0;97.5;101.9;105.4;110.5;102.9;109.2;106.6;105.5;108.3
KUJAWSKO-POMORSKIE;rape oil;99.5;98.3;100.8;91.7;93.9;98.3;104.1;101.6;101.7;104.3;97.3;104.9
LODZKIE;rape oil;98.0;99.0;99.8;99.4;97.2;99.7;107.4;107.8;107.2;105.1;105.1;108.8
LUBELSKIE;rape oil;100.0;103.6;107.4;94.3;97.0;101.7;100.3;104.6;108.9;102.9;103.9;102.4
LUBUSKIE;rape oil;102.0;99.3;98.9;93.1;101.5;102.1;108.8;109.5;110.8;108.7;108.0;106.0
MALOPOLSKIE;rape oil;97.5;99.8;100.8;102.0;102.5;103.0;107.4;103.0;102.8;99.5;101.4;107.2
MAZOWIECKIE;rape oil;101.3;101.6;101.4;102.4;102.9;100.0;99.5;100.5;106.0;101.8;105.7;101.4
OPOLSKIE;rape oil;100.0;104.2;105.4;100.8;104.3;107.8;112.5;110.4;115.8;111.5;108.7;113.9
PODKARPACKIE;rape oil;102.9;99.1;101.9;100.0;99.8;100.5;102.0;103.1;103.0;101.9;100.2;105.0
PODLASKIE;rape oil;91.5;98.1;107.8;102.2;102.5;112.9;112.0;104.5;112.7;108.7;108.2;113.0
POMORSKIE;rape oil;101.0;102.7;101.5;101.5;102.9;103.8;104.8;103.3;105.5;104.5;104.7;109.3
SLASKIE;rape oil;96.4;100.7;100.2;96.6;97.9;99.3;102.3;100.9;100.2;100.2;103.3;112.5
SWIETOKRZYSKIE;rape oil;105.8;102.9;99.5;102.6;105.0;101.4;98.4;97.4;101.4;93.7;102.4;104.1
WARMINÉSKO-MAZURSKIE;rape oil;105.6;106.0;111.8;105.4;109.4;113.8;107.9;111.5;116.3;100.0;105.1;112.1
WIELKOPOLSKIE;rape oil;100.0;100.3;100.7;101.6;100.8;100.0;102.9;103.8;106.3;101.5;97.4;102.3
ZACHODNIOPOMORSKIE;rape oil;95.1;98.3;101.4;99.1;101.4;105.7;103.2;102.6;101.7;101.2;109.2;110.5
DOLNOSLASKIE;regional newspaper;107.1;107.1;107.1;107.1;107.1;107.1;107.1;107.1;110.0;110.0;110.0;110.0
KUJAWSKO-POMORSKIE;regional newspaper;114.1;114.1;107.9;107.5;107.5;107.5;107.5;107.5;110.8;110.8;111.1;111.1
LODZKIE;regional newspaper;109.8;109.4;109.0;109.0;109.0;106.6;106.6;106.6;107.0;107.0;115.0;116.8
LUBELSKIE;regional newspaper;98.8;98.8;99.6;104.9;104.9;105.8;105.8;105.7;104.0;104.4;103.2;102.4
LUBUSKIE;regional newspaper;102.4;102.1;103.8;103.8;105.9;104.8;104.4;105.1;106.6;106.2;105.4;107.1
MALOPOLSKIE;regional newspaper;102.4;102.8;108.4;109.1;109.1;109.1;109.1;109.1;106.8;108.2;106.8;106.8
MAZOWIECKIE;regional newspaper;102.3;103.5;102.3;103.5;105.8;105.8;105.0;106.7;109.8;109.8;109.8;109.8
OPOLSKIE;regional newspaper;110.0;106.1;106.1;106.1;106.1;105.7;106.1;106.1;106.1;102.8;109.7;106.1
PODKARPACKIE;regional newspaper;111.9;109.8;109.3;109.3;109.3;109.3;109.3;109.3;109.3;109.3;108.5;108.5
PODLASKIE;regional newspaper;104.0;104.0;104.0;104.0;104.0;104.0;104.0;103.2;103.2;103.2;103.6;104.0
POMORSKIE;regional newspaper;108.2;107.8;106.9;108.5;112.0;111.5;111.1;111.1;111.1;111.5;111.5;111.5
SLASKIE;regional newspaper;101.1;101.1;99.6;99.6;99.6;99.6;99.6;104.7;107.0;104.5;102.2;102.2
SWIETOKRZYSKIE;regional newspaper;109.7;110.5;107.3;107.3;107.3;107.3;107.3;107.3;107.2;107.6;107.6;107.6
WARMINÉSKO-MAZURSKIE;regional newspaper;119.4;118.3;115.2;115.2;115.2;113.2;112.8;112.3;112.3;112.3;112.3;111.8
WIELKOPOLSKIE;regional newspaper;101.1;101.1;99.6;99.6;99.6;99.6;99.6;104.7;107.0;104.5;102.2;102.2
ZACHODNIOPOMORSKIE;regional newspaper;105.0;105.0;105.0;108.5;110.1;106.7;106.3;107.5;107.5;107.9;107.9;109.6
DOLNOSLASKIE;resoling men's shoes;105.0;105.0;105.6;102.4;103.6;104.2;103.0;103.0;103.0;103.0;103.0;103.0
KUJAWSKO-POMORSKIE;resoling men's shoes;101.8;101.8;102.1;102.1;102.0;102.0;102.0;104.3;104.0;104.7;104.7;104.7
LODZKIE;resoling men's shoes;107.3;106.5;102.5;102.5;103.7;104.5;104.5;103.6;103.7;105.2;105.1;105.6
LUBELSKIE;resoling men's shoes;103.7;103.7;106.0;106.0;104.3;104.3;104.3;103.4;104.0;102.9;102.9;102.9
LUBUSKIE;resoling men's shoes;101.6;101.2;101.2;101.2;101.9;101.9;101.9;101.9;101.9;100.0;100.0;100.0
MALOPOLSKIE;resoling men's shoes;100.5;100.5;100.5;100.5;103.9;107.5;108.6;106.5;106.5;109.2;108.2;109.5
MAZOWIECKIE;resoling men's shoes;102.1;103.3;104.5;104.5;104.5;109.1;107.4;107.3;108.6;111.9;111.2;112.3
OPOLSKIE;resoling men's shoes;104.9;103.0;103.0;103.0;103.0;103.0;103.0;103.0;103.0;103.0;103.0;103.0
PODKARPACKIE;resoling men's shoes;100.6;100.2;100.2;99.8;101.0;101.0;101.0;101.0;101.0;101.0;101.0;101.0
PODLASKIE;resoling men's shoes;100.5;100.5;101.9;105.7;105.7;105.7;105.7;105.7;105.7;105.7;105.7;105.7
POMORSKIE;resoling men's shoes;99.7;99.3;100.0;101.5;101.9;101.9;101.9;101.9;101.9;101.9;101.9;101.9
SLASKIE;resoling men's shoes;101.8;103.5;103.5;102.7;102.7;103.3;103.3;103.3;103.5;105.0;112.6;117.2
SWIETOKRZYSKIE;resoling men's shoes;108.5;108.5;108.5;108.5;108.5;108.5;106.3;106.3;102.8;100.8;101.6;101.6
WARMINÉSKO-MAZURSKIE;resoling men's shoes;102.2;108.6;109.7;109.7;109.7;109.7;111.3;111.3;111.3;111.3;111.3;108.9
WIELKOPOLSKIE;resoling men's shoes;99.6;101.7;101.7;102.2;101.9;101.9;101.9;101.0;101.7;104.5;103.8;103.8
ZACHODNIOPOMORSKIE;resoling men's shoes;102.3;102.3;102.5;102.5;103.4;103.4;103.4;101.1;97.8;97.8;100.8;100.8
DOLNOSLASKIE;rice;103.4;101.8;100.3;102.1;101.3;101.8;101.0;103.4;102.8;103.4;102.6;97.1
KUJAWSKO-POMORSKIE;rice;106.5;107.0;108.7;108.7;110.1;106.3;106.9;103.1;100.5;103.9;99.7;102.6
LODZKIE;rice;102.5;101.6;100.5;103.0;104.9;108.1;110.8;105.4;103.0;104.7;106.1;106.4
LUBELSKIE;rice;98.2;101.4;101.4;107.9;112.0;115.4;113.3;114.8;104.6;108.1;104.1;107.5
LUBUSKIE;rice;104.5;104.8;105.7;107.1;104.8;101.1;109.5;101.7;98.1;98.6;99.4;97.5
MALOPOLSKIE;rice;98.7;96.8;97.9;101.3;101.9;103.5;104.6;106.1;106.5;102.2;101.9;104.3
MAZOWIECKIE;rice;102.0;103.8;103.6;104.8;103.5;102.8;110.7;110.9;109.5;110.0;107.3;106.0
OPOLSKIE;rice;96.1;97.5;96.1;98.9;104.5;104.5;105.6;104.8;104.8;107.8;112.0;110.5
PODKARPACKIE;rice;98.5;99.5;100.3;102.8;109.6;106.8;111.5;113.8;114.8;114.2;114.5;113.8
PODLASKIE;rice;90.9;93.5;91.1;94.7;97.7;102.2;110.9;106.8;98.5;108.4;108.6;105.3
POMORSKIE;rice;101.6;104.9;105.4;99.2;101.1;98.1;97.1;97.1;96.2;95.7;97.9;97.7
SLASKIE;rice;100.0;103.4;106.5;104.2;105.8;110.0;109.0;109.0;107.0;108.7;111.3;111.9
SWIETOKRZYSKIE;rice;100.6;101.4;93.9;99.4;99.2;100.3;103.7;102.2;103.9;103.3;103.3;100.0
WARMINÉSKO-MAZURSKIE;rice;90.3;90.6;90.6;89.0;90.9;97.9;101.5;103.8;102.3;106.7;106.9;108.6
WIELKOPOLSKIE;rice;99.4;103.5;105.7;105.6;106.1;105.0;105.3;106.2;103.8;106.4;105.9;104.5
ZACHODNIOPOMORSKIE;rice;96.9;96.9;100.5;103.1;97.1;104.7;105.8;105.8;106.9;106.9;109.6;104.0
DOLNOSLASKIE;roast-beef;103.3;103.5;103.9;103.3;100.4;101.6;101.8;100.1;102.2;103.5;106.7;107.3
KUJAWSKO-POMORSKIE;roast-beef;102.5;99.6;100.6;105.5;105.2;106.2;107.2;105.4;104.6;99.8;99.6;103.3
LODZKIE;roast-beef;98.3;98.8;98.0;100.7;100.5;99.3;99.2;99.5;100.0;100.9;99.8;99.6
LUBELSKIE;roast-beef;107.9;99.3;99.2;98.2;98.0;99.3;97.1;95.5;96.2;97.7;98.2;98.8
LUBUSKIE;roast-beef;99.4;94.1;95.9;97.6;101.0;94.1;95.4;97.4;101.5;99.8;102.0;99.3
MALOPOLSKIE;roast-beef;103.9;103.3;102.5;102.6;101.8;101.8;101.8;102.5;100.6;103.8;101.0;101.3
MAZOWIECKIE;roast-beef;105.2;103.9;102.2;100.9;102.1;99.0;97.6;96.6;95.7;97.8;97.0;97.2
OPOLSKIE;roast-beef;104.3;104.1;104.3;104.3;105.4;102.2;102.7;101.0;101.0;101.0;100.4;102.1
PODKARPACKIE;roast-beef;106.8;107.5;107.5;105.0;105.0;105.5;105.2;105.1;105.1;109.7;102.8;98.5
PODLASKIE;roast-beef;97.0;100.4;99.9;102.4;99.9;99.9;102.4;101.9;101.9;96.6;98.0;96.6
POMORSKIE;roast-beef;105.6;102.5;101.1;103.3;105.0;100.6;100.3;100.9;103.1;98.2;97.9;98.7
SLASKIE;roast-beef;99.8;99.4;97.5;98.3;98.1;100.8;99.7;97.5;99.5;100.2;99.2;101.7
SWIETOKRZYSKIE;roast-beef;100.0;98.7;98.7;98.7;98.7;98.7;98.7;98.7;98.7;98.7;100.0;99.6
WARMINÉSKO-MAZURSKIE;roast-beef;97.8;101.2;101.3;100.5;108.9;100.0;101.1;102.1;100.0;101.8;99.3;99.3
WIELKOPOLSKIE;roast-beef;98.8;99.8;100.2;98.0;98.3;97.5;99.0;99.1;99.4;100.5;102.0;102.2
ZACHODNIOPOMORSKIE;roast-beef;96.7;95.0;98.5;100.4;106.7;96.0;101.5;98.9;103.0;104.6;102.8;105.4
DOLNOSLASKIE;segregated waste collection;100.0;101.9;101.9;104.2;108.6;108.6;108.6;115.7;126.9;129.2;129.2;129.2
KUJAWSKO-POMORSKIE;segregated waste collection;106.2;118.7;111.2;116.4;116.4;119.1;119.1;119.1;119.1;119.1;119.1;119.1
LODZKIE;segregated waste collection;116.4;116.4;118.0;123.6;132.0;132.0;136.7;139.9;138.5;138.5;138.5;155.9
LUBELSKIE;segregated waste collection;100.0;106.5;106.5;122.3;122.3;122.3;122.3;131.9;131.9;131.9;131.9;131.9
LUBUSKIE;segregated waste collection;109.9;106.7;106.7;108.5;108.5;115.0;124.8;124.8;124.8;124.8;124.8;124.8
MALOPOLSKIE;segregated waste collection;109.7;109.7;111.0;115.9;113.1;123.5;123.5;129.0;129.0;133.3;133.3;133.3
MAZOWIECKIE;segregated waste collection;109.2;110.7;110.4;122.7;122.7;122.7;127.8;139.9;139.9;142.9;142.9;142.9
OPOLSKIE;segregated waste collection;108.3;117.2;128.7;128.7;128.7;128.7;135.1;130.9;130.9;130.9;130.9;130.9
PODKARPACKIE;segregated waste collection;122.1;116.5;126.1;140.2;140.2;144.7;147.7;147.7;147.7;147.7;149.5;149.5
PODLASKIE;segregated waste collection;102.3;102.3;102.3;115.8;115.8;115.8;115.8;115.8;121.2;129.3;129.3;129.3
POMORSKIE;segregated waste collection;100.0;100.0;101.4;103.5;105.8;107.9;107.9;107.9;107.9;107.9;107.9;113.4
SLASKIE;segregated waste collection;104.0;103.4;108.0;107.2;109.6;109.6;113.9;113.9;118.2;118.2;118.2;118.2
SWIETOKRZYSKIE;segregated waste collection;100.0;100.0;100.0;109.2;118.5;118.5;118.5;118.5;127.9;127.9;127.9;127.9
WARMINÉSKO-MAZURSKIE;segregated waste collection;106.5;104.3;108.5;120.9;120.9;120.9;120.9;120.9;120.9;124.7;124.7;124.7
WIELKOPOLSKIE;segregated waste collection;100.0;105.0;107.7;110.0;114.7;114.5;121.5;125.0;132.5;132.5;132.5;132.5
ZACHODNIOPOMORSKIE;segregated waste collection;101.4;106.6;106.6;106.6;106.6;106.6;115.8;117.4;117.4;117.4;117.4;117.4
DOLNOSLASKIE;sink fixture;94.9;95.9;94.4;94.2;101.0;104.3;106.3;102.7;108.9;106.6;104.0;105.1
KUJAWSKO-POMORSKIE;sink fixture;108.1;107.6;108.0;109.7;110.2;112.6;111.1;105.9;108.3;105.8;104.3;104.9
LODZKIE;sink fixture;104.5;104.5;104.3;102.2;102.1;102.3;101.8;101.6;101.8;101.2;101.1;95.4
LUBELSKIE;sink fixture;102.1;99.5;93.3;90.9;91.4;91.4;90.8;88.0;88.0;89.3;95.8;93.9
LUBUSKIE;sink fixture;116.3;117.4;118.8;118.8;118.8;117.2;117.3;118.9;117.7;120.8;110.9;108.2
MALOPOLSKIE;sink fixture;103.2;102.8;103.7;103.5;103.5;101.5;93.6;93.6;92.1;92.0;90.2;92.4
MAZOWIECKIE;sink fixture;102.1;104.7;106.1;100.2;101.2;100.7;103.6;103.2;102.1;102.9;102.6;107.0
OPOLSKIE;sink fixture;91.9;99.9;99.9;100.0;103.5;104.5;104.5;98.2;98.7;99.6;97.4;99.7
PODKARPACKIE;sink fixture;114.2;114.2;114.0;112.4;112.4;112.9;112.8;100.1;100.1;97.7;101.4;101.4
PODLASKIE;sink fixture;101.6;91.0;91.4;92.4;100.0;99.7;99.7;101.2;99.9;99.5;100.5;100.1
POMORSKIE;sink fixture;108.3;106.7;107.4;104.8;104.2;104.2;104.3;100.2;97.9;100.3;97.7;99.5
SLASKIE;sink fixture;115.3;113.4;110.4;111.8;111.8;107.0;98.5;96.5;100.1;98.5;97.6;100.1
SWIETOKRZYSKIE;sink fixture;97.8;98.5;94.5;94.5;96.6;96.6;97.6;99.9;95.4;95.4;95.4;89.0
WARMINÉSKO-MAZURSKIE;sink fixture;103.2;107.1;106.1;106.4;106.2;106.2;106.4;107.7;110.1;110.1;111.6;107.4
WIELKOPOLSKIE;sink fixture;100.0;100.0;100.7;99.2;101.2;99.8;99.2;101.0;101.8;102.7;102.0;100.9
ZACHODNIOPOMORSKIE;sink fixture;112.8;113.3;111.8;111.5;109.6;108.0;108.0;106.6;103.3;102.8;102.8;103.4
DOLNOSLASKIE;smoked sausage;100.7;97.7;99.7;103.7;101.5;107.0;103.1;110.4;107.5;108.4;111.7;115.9
KUJAWSKO-POMORSKIE;smoked sausage;101.7;100.4;99.6;100.5;104.8;109.7;111.2;110.2;109.0;111.6;111.2;114.1
LODZKIE;smoked sausage;102.3;102.4;105.7;106.1;105.3;106.2;106.4;106.6;109.2;109.3;110.4;113.2
LUBELSKIE;smoked sausage;109.8;104.5;107.5;114.9;116.1;117.3;116.0;120.1;119.9;118.1;123.2;127.4
LUBUSKIE;smoked sausage;106.1;106.7;102.7;116.1;113.1;118.4;118.9;119.3;117.9;115.8;120.1;114.4
MALOPOLSKIE;smoked sausage;101.4;101.6;102.0;104.6;107.0;105.4;111.7;113.7;112.8;109.4;112.0;111.0
MAZOWIECKIE;smoked sausage;99.0;99.1;97.3;99.5;102.1;101.4;100.5;104.7;102.7;107.3;107.9;110.7
OPOLSKIE;smoked sausage;95.3;101.2;102.0;100.2;105.6;106.6;108.9;112.2;113.6;112.5;111.4;105.5
PODKARPACKIE;smoked sausage;100.1;98.5;98.0;101.0;99.3;100.9;101.5;102.0;105.6;106.8;107.7;112.3
PODLASKIE;smoked sausage;88.9;90.9;96.3;97.3;104.0;105.7;112.1;115.0;118.9;115.6;113.9;120.9
POMORSKIE;smoked sausage;110.5;109.8;109.0;111.5;111.7;116.6;119.0;115.6;111.0;112.5;113.6;107.9
SLASKIE;smoked sausage;100.2;100.9;102.8;102.1;106.5;108.5;107.3;108.9;114.7;117.9;116.5;112.9
SWIETOKRZYSKIE;smoked sausage;92.3;102.6;101.2;93.4;100.7;101.8;102.4;116.0;106.2;104.1;107.4;115.1
WARMINÉSKO-MAZURSKIE;smoked sausage;95.4;99.9;96.0;101.8;103.1;100.6;106.3;106.2;109.1;109.4;112.0;110.1
WIELKOPOLSKIE;smoked sausage;105.4;105.3;107.0;109.6;111.4;109.4;108.2;107.8;107.6;108.0;102.6;111.7
ZACHODNIOPOMORSKIE;smoked sausage;101.3;101.8;98.9;97.7;101.5;101.6;101.7;106.0;105.7;108.9;107.3;117.9
DOLNOSLASKIE;sour cream fat 18%;104.2;101.5;99.5;100.0;99.5;108.9;104.7;105.2;101.5;101.6;104.1;103.1
KUJAWSKO-POMORSKIE;sour cream fat 18%;104.7;102.6;103.1;104.8;102.6;96.9;102.1;100.5;100.0;103.7;101.0;103.1
LODZKIE;sour cream fat 18%;102.9;103.4;105.8;107.0;105.7;101.7;100.6;106.7;107.8;107.3;106.7;112.7
LUBELSKIE;sour cream fat 18%;102.7;100.0;99.0;101.6;103.2;103.2;100.5;101.0;102.5;102.1;104.7;104.1
LUBUSKIE;sour cream fat 18%;101.2;103.0;102.4;102.4;104.9;104.9;102.5;101.8;105.5;101.8;103.0;97.6
MALOPOLSKIE;sour cream fat 18%;100.5;104.4;102.2;109.4;106.5;105.9;101.0;101.0;100.0;102.6;104.9;110.0
MAZOWIECKIE;sour cream fat 18%;97.7;99.4;102.4;102.4;101.2;98.8;98.8;101.8;102.9;102.9;102.9;102.3
OPOLSKIE;sour cream fat 18%;98.3;96.2;96.7;97.8;101.1;103.4;98.3;100.0;100.6;106.4;102.8;107.9
PODKARPACKIE;sour cream fat 18%;98.4;101.6;100.5;101.1;103.9;102.2;100.5;103.3;101.6;101.1;96.3;100.5
PODLASKIE;sour cream fat 18%;100.0;100.5;106.9;104.0;105.1;102.2;104.4;98.9;101.6;99.5;99.5;99.5
POMORSKIE;sour cream fat 18%;104.4;101.1;103.3;103.3;103.3;105.0;101.6;102.2;103.3;102.2;102.2;108.5
SLASKIE;sour cream fat 18%;98.9;107.1;106.0;106.6;104.9;104.8;104.3;103.7;105.9;104.8;100.5;107.2
SWIETOKRZYSKIE;sour cream fat 18%;104.4;110.8;103.4;104.5;102.3;101.1;100.0;93.5;103.9;99.5;99.5;99.5
WARMINÉSKO-MAZURSKIE;sour cream fat 18%;100.5;100.0;98.3;99.5;100.5;101.1;98.9;96.8;97.8;97.3;98.9;95.6
WIELKOPOLSKIE;sour cream fat 18%;105.1;103.4;104.5;108.6;106.7;107.9;109.0;107.8;105.6;103.8;102.7;101.1
ZACHODNIOPOMORSKIE;sour cream fat 18%;97.4;102.6;101.6;102.6;103.0;102.0;101.0;100.5;95.4;100.0;99.0;101.5
DOLNOSLASKIE;sugar;89.8;98.4;109.1;111.1;119.0;117.3;128.3;123.9;120.6;117.3;127.4;123.4
KUJAWSKO-POMORSKIE;sugar;80.6;95.3;103.7;107.2;108.1;121.3;117.9;122.5;116.4;115.9;117.5;121.2
LODZKIE;sugar;91.1;115.8;114.5;124.4;125.5;127.4;134.8;125.7;127.6;126.6;130.8;125.0
LUBELSKIE;sugar;92.3;123.5;115.6;122.3;125.4;137.2;133.3;131.1;126.6;126.0;115.8;117.8
LUBUSKIE;sugar;82.4;93.0;97.1;107.0;119.0;120.0;131.0;118.7;121.6;123.5;118.3;122.6
MALOPOLSKIE;sugar;91.9;103.5;116.2;126.6;128.2;128.6;138.5;129.4;124.3;124.2;127.4;122.5
MAZOWIECKIE;sugar;100.9;105.3;114.8;127.4;127.3;128.4;138.3;133.8;133.5;128.2;128.7;117.7
OPOLSKIE;sugar;92.8;116.8;122.7;125.3;122.2;129.1;130.8;130.3;126.1;126.1;124.4;122.6
PODKARPACKIE;sugar;88.2;111.7;115.3;121.3;124.9;127.6;133.3;129.5;123.6;126.0;128.6;119.2
PODLASKIE;sugar;90.3;109.1;116.8;119.2;129.8;124.2;129.9;126.9;132.4;128.8;134.6;126.6
POMORSKIE;sugar;88.6;103.0;105.6;119.5;123.4;128.7;139.6;132.6;130.6;132.6;127.5;125.0
SLASKIE;sugar;78.4;107.7;110.9;112.2;120.0;119.2;124.3;122.8;118.8;119.2;124.0;125.2
SWIETOKRZYSKIE;sugar;71.9;95.5;106.9;106.7;117.5;124.1;124.1;137.9;137.9;125.8;125.8;137.9
WARMINÉSKO-MAZURSKIE;sugar;103.5;125.6;124.4;121.0;124.8;138.4;139.9;138.9;127.5;126.1;124.8;118.9
WIELKOPOLSKIE;sugar;85.3;98.3;110.3;110.4;119.7;123.2;125.5;122.9;126.3;124.4;127.6;122.7
ZACHODNIOPOMORSKIE;sugar;93.1;105.1;113.2;103.3;113.3;121.2;129.4;128.6;135.6;134.0;136.1;133.0
DOLNOSLASKIE;synthetic net curtain;102.6;103.6;105.0;106.3;105.7;105.7;103.6;108.4;108.4;110.0;109.7;108.6
KUJAWSKO-POMORSKIE;synthetic net curtain;99.1;100.0;98.5;101.3;102.5;105.3;105.7;106.0;103.7;103.8;104.1;105.0
LODZKIE;synthetic net curtain;109.9;106.6;105.6;105.3;103.4;99.2;99.8;100.7;101.4;102.0;96.6;108.4
LUBELSKIE;synthetic net curtain;102.9;104.1;100.7;100.7;110.9;110.9;110.5;110.5;110.9;109.4;108.5;108.9
LUBUSKIE;synthetic net curtain;108.2;107.5;106.7;106.2;103.8;104.1;102.2;104.4;97.4;98.3;95.5;94.8
MALOPOLSKIE;synthetic net curtain;105.1;105.1;104.6;102.6;102.6;102.4;103.4;103.4;103.4;103.4;103.4;103.4
MAZOWIECKIE;synthetic net curtain;103.4;106.6;107.0;107.0;105.7;99.2;103.8;103.8;103.6;103.9;103.5;102.2
OPOLSKIE;synthetic net curtain;100.7;100.7;103.3;103.3;103.3;103.3;103.3;103.3;103.3;103.3;106.7;108.0
PODKARPACKIE;synthetic net curtain;103.9;103.9;103.6;102.7;102.7;102.7;101.7;100.5;101.4;101.3;101.3;101.4
PODLASKIE;synthetic net curtain;104.5;104.0;102.2;104.2;104.2;103.3;103.3;103.1;103.1;101.2;101.2;104.0
POMORSKIE;synthetic net curtain;106.8;106.8;106.8;104.5;104.4;104.4;111.8;108.5;109.3;101.8;102.9;101.6
SLASKIE;synthetic net curtain;106.7;108.7;108.9;107.9;107.9;107.7;107.4;106.8;103.8;98.9;98.9;99.6
SWIETOKRZYSKIE;synthetic net curtain;118.8;130.9;130.9;119.7;115.0;115.0;113.6;113.6;108.7;118.2;118.2;120.4
WARMINÉSKO-MAZURSKIE;synthetic net curtain;108.2;108.6;112.6;112.6;109.5;109.0;109.9;110.7;110.9;111.3;111.3;110.4
WIELKOPOLSKIE;synthetic net curtain;98.6;97.9;99.8;98.9;101.2;101.2;102.5;102.9;103.7;104.1;105.0;105.1
ZACHODNIOPOMORSKIE;synthetic net curtain;93.1;94.8;96.5;97.8;97.8;102.5;98.0;101.9;100.8;87.2;100.2;86.9
DOLNOSLASKIE;taxi daily fare;99.6;101.5;101.5;101.5;102.2;103.4;103.4;103.8;105.2;103.2;102.9;102.9
KUJAWSKO-POMORSKIE;taxi daily fare;104.2;104.2;104.2;104.6;104.6;104.6;104.6;103.5;102.9;102.9;101.9;101.9
LODZKIE;taxi daily fare;100.1;100.0;102.3;102.3;102.3;102.3;103.2;103.2;103.2;103.2;103.1;104.9
LUBELSKIE;taxi daily fare;101.7;101.7;101.7;101.7;101.7;101.7;101.7;101.7;101.7;101.7;101.7;100.6
LUBUSKIE;taxi daily fare;99.5;99.5;99.5;99.5;99.5;99.5;96.8;96.8;96.8;100.7;100.7;92.1
MALOPOLSKIE;taxi daily fare;103.4;103.2;103.2;103.2;103.2;106.2;105.8;105.8;105.8;104.6;104.6;105.5
MAZOWIECKIE;taxi daily fare;102.1;101.3;100.5;100.5;100.5;101.3;101.4;103.0;103.0;103.0;102.0;102.0
OPOLSKIE;taxi daily fare;100.0;100.0;100.0;100.0;100.0;100.0;100.0;100.0;100.8;100.8;100.8;101.3
PODKARPACKIE;taxi daily fare;100.6;101.6;101.6;101.6;101.6;101.6;101.6;101.6;101.6;101.6;101.6;101.6
PODLASKIE;taxi daily fare;103.0;103.0;103.0;103.0;103.0;103.4;103.4;105.2;104.2;103.6;103.6;102.4
POMORSKIE;taxi daily fare;100.4;100.0;100.0;100.0;100.0;100.0;100.5;100.5;100.5;100.9;101.3;101.3
SLASKIE;taxi daily fare;102.9;103.7;102.7;102.7;102.7;102.7;102.7;103.1;103.9;105.8;105.8;105.4
SWIETOKRZYSKIE;taxi daily fare;106.0;106.0;106.0;101.7;101.7;101.7;101.7;101.7;100.0;104.2;100.0;100.0
WARMINÉSKO-MAZURSKIE;taxi daily fare;101.8;103.1;103.1;103.1;102.5;102.5;102.5;101.8;101.2;101.2;100.6;100.6
WIELKOPOLSKIE;taxi daily fare;102.1;102.1;102.1;102.1;101.7;101.0;100.0;101.4;101.9;101.9;101.9;102.6
ZACHODNIOPOMORSKIE;taxi daily fare;102.8;102.8;103.8;103.8;103.8;103.8;103.8;103.8;105.8;105.8;106.6;107.1
DOLNOSLASKIE;toilet soap;107.4;104.7;100.0;103.6;102.5;102.5;95.4;96.0;86.6;105.4;104.5;105.9
KUJAWSKO-POMORSKIE;toilet soap;104.3;102.9;102.8;110.6;106.3;101.5;100.5;95.0;104.4;97.7;100.5;98.6
LODZKIE;toilet soap;107.6;106.8;101.0;103.6;104.1;105.7;97.0;103.0;92.6;102.9;106.5;109.0
LUBELSKIE;toilet soap;100.5;101.0;107.1;102.1;103.2;105.9;102.6;102.0;100.0;101.0;103.1;102.0
LUBUSKIE;toilet soap;104.1;104.6;105.7;104.2;102.5;103.1;101.6;100.5;98.0;99.5;111.5;105.4
MALOPOLSKIE;toilet soap;105.6;102.5;101.0;101.0;103.0;100.5;100.5;100.5;100.0;100.0;104.9;103.4
MAZOWIECKIE;toilet soap;95.6;99.5;100.0;103.0;103.6;104.6;100.5;101.5;99.5;105.0;109.7;108.7
OPOLSKIE;toilet soap;114.4;104.2;98.5;104.2;100.0;103.9;97.8;100.0;91.5;101.5;105.5;105.5
PODKARPACKIE;toilet soap;106.2;104.0;104.0;106.1;108.1;107.6;103.5;103.9;102.4;103.9;106.3;105.3
PODLASKIE;toilet soap;108.7;103.4;97.1;97.1;97.6;101.5;103.0;102.9;99.1;102.8;102.8;102.8
POMORSKIE;toilet soap;109.9;104.1;101.5;100.0;101.5;107.4;96.9;97.0;85.1;104.0;111.8;108.5
SLASKIE;toilet soap;102.6;103.1;99.0;104.8;104.7;106.4;102.6;105.3;97.0;104.5;104.0;102.4
SWIETOKRZYSKIE;toilet soap;110.2;110.2;114.0;103.8;107.1;99.5;105.4;101.6;96.9;98.5;103.1;105.8
WARMINÉSKO-MAZURSKIE;toilet soap;110.8;106.2;102.0;103.6;103.6;105.8;99.5;100.0;94.2;98.6;105.0;101.4
WIELKOPOLSKIE;toilet soap;105.4;105.4;104.4;106.4;105.4;102.9;100.0;100.9;99.1;102.3;108.5;101.9
ZACHODNIOPOMORSKIE;toilet soap;108.4;103.5;100.0;97.5;103.5;98.5;100.0;100.0;97.5;100.0;107.0;104.4
DOLNOSLASKIE;tooth-paste;100.8;96.3;113.3;119.0;112.2;115.4;116.4;112.1;126.3;108.1;108.3;108.1
KUJAWSKO-POMORSKIE;tooth-paste;101.3;100.5;103.7;107.2;108.2;111.3;114.5;111.8;111.9;110.0;110.5;114.2
LODZKIE;tooth-paste;94.2;95.1;106.8;110.2;113.7;127.5;118.9;127.1;140.5;134.3;120.0;118.7
LUBELSKIE;tooth-paste;99.4;99.7;129.5;121.5;111.1;124.6;137.2;145.9;128.2;127.2;119.7;120.7
LUBUSKIE;tooth-paste;97.5;100.0;99.3;120.3;120.1;123.6;122.8;140.2;162.5;122.4;133.0;122.6
MALOPOLSKIE;tooth-paste;94.0;104.1;114.7;109.3;110.8;120.3;128.2;115.9;126.9;117.2;115.7;121.3
MAZOWIECKIE;tooth-paste;108.9;103.0;101.6;102.8;105.4;108.8;111.8;113.7;108.6;105.1;117.0;106.6
OPOLSKIE;tooth-paste;85.5;112.0;100.7;95.3;117.2;141.8;125.3;120.2;106.1;109.9;110.6;136.0
PODKARPACKIE;tooth-paste;105.0;98.7;104.1;109.8;108.2;110.5;112.5;125.4;117.3;123.2;115.1;112.2
PODLASKIE;tooth-paste;113.5;102.8;115.2;117.7;110.9;113.9;126.7;118.1;120.1;108.8;112.9;110.5
POMORSKIE;tooth-paste;104.9;93.1;116.2;118.8;113.3;129.0;132.6;131.3;135.1;119.0;122.8;123.2
SLASKIE;tooth-paste;102.0;100.7;111.2;119.3;114.4;133.5;135.9;135.4;141.2;111.8;128.6;121.9
SWIETOKRZYSKIE;tooth-paste;97.8;137.5;97.7;120.2;110.0;107.7;118.0;104.9;122.8;109.7;100.8;120.1
WARMINÉSKO-MAZURSKIE;tooth-paste;94.6;95.0;99.5;111.0;95.7;146.1;133.1;112.6;130.9;105.2;107.7;128.7
WIELKOPOLSKIE;tooth-paste;101.3;103.0;111.2;108.8;105.5;102.5;105.0;105.9;104.0;103.6;106.9;109.3
ZACHODNIOPOMORSKIE;tooth-paste;101.4;112.7;113.6;111.1;129.2;121.5;120.4;124.7;131.0;122.0;130.8;132.8
DOLNOSLASKIE;washing powder;100.5;100.5;99.8;101.2;100.2;95.8;96.2;99.7;99.7;98.8;96.7;98.4
KUJAWSKO-POMORSKIE;washing powder;103.7;103.5;103.1;105.2;105.8;105.4;106.0;105.6;104.8;104.6;103.0;103.0
LODZKIE;washing powder;99.6;100.6;101.6;96.9;97.9;98.7;98.6;99.8;101.7;98.3;100.2;100.6
LUBELSKIE;washing powder;101.0;100.0;100.2;98.4;98.4;97.2;96.7;97.0;98.8;98.6;96.3;92.8
LUBUSKIE;washing powder;101.3;102.0;102.6;103.7;103.3;97.1;96.7;97.1;99.4;98.4;99.5;98.2
MALOPOLSKIE;washing powder;98.9;98.9;99.4;101.3;101.1;98.9;100.0;98.9;98.3;98.0;100.6;102.7
MAZOWIECKIE;washing powder;99.1;99.4;98.9;96.7;97.4;98.9;98.1;100.8;104.4;102.5;102.1;102.1
OPOLSKIE;washing powder;99.5;100.7;100.3;100.3;100.5;97.7;97.7;98.3;98.3;93.7;90.4;85.1
PODKARPACKIE;washing powder;104.0;102.0;101.1;102.7;100.2;99.8;102.0;104.2;106.4;101.8;100.7;100.0
PODLASKIE;washing powder;101.8;103.7;100.7;99.0;101.3;98.9;97.9;96.7;98.9;98.3;96.7;97.6
POMORSKIE;washing powder;101.1;103.4;101.0;102.3;102.7;101.7;103.3;100.6;104.8;104.0;101.9;101.5
SLASKIE;washing powder;98.5;100.8;100.6;98.9;98.9;98.3;100.6;100.2;99.2;97.0;92.8;95.8
SWIETOKRZYSKIE;washing powder;98.7;97.4;95.7;96.2;96.2;96.2;95.3;95.3;100.9;101.3;102.2;102.2
WARMINÉSKO-MAZURSKIE;washing powder;98.5;98.2;98.2;99.0;96.8;97.1;96.3;99.7;100.5;96.1;96.8;96.4
WIELKOPOLSKIE;washing powder;101.3;102.5;101.6;104.2;104.6;104.6;104.2;104.6;105.1;104.3;103.3;97.7
ZACHODNIOPOMORSKIE;washing powder;100.2;100.2;102.5;100.2;101.1;93.9;91.7;100.4;97.2;96.6;102.8;104.4
DOLNOSLASKIE;wheat flour;100.8;103.1;102.7;100.4;105.5;110.0;104.7;110.7;109.2;103.9;107.1;113.8
KUJAWSKO-POMORSKIE;wheat flour;107.4;105.3;108.9;101.6;104.6;105.3;103.7;105.0;103.7;101.2;111.9;108.4
LODZKIE;wheat flour;104.7;110.2;105.7;116.5;114.1;113.1;104.6;106.9;106.5;116.2;114.1;116.3
LUBELSKIE;wheat flour;109.9;114.0;116.6;108.9;111.3;102.7;103.1;96.6;106.6;114.5;123.3;112.4
LUBUSKIE;wheat flour;109.1;117.5;127.9;124.1;123.0;119.2;120.3;119.3;118.6;120.1;116.5;112.0
MALOPOLSKIE;wheat flour;99.2;98.4;105.9;105.0;104.5;107.1;105.4;100.0;100.8;106.7;104.0;99.2
MAZOWIECKIE;wheat flour;94.9;95.3;100.0;103.5;107.5;111.1;106.9;113.6;114.2;111.4;112.5;115.4
OPOLSKIE;wheat flour;97.8;100.4;113.9;106.3;115.0;119.4;110.3;100.4;105.4;104.8;125.4;108.4
PODKARPACKIE;wheat flour;111.4;111.8;116.4;107.2;111.6;109.3;111.4;102.6;105.4;103.4;105.6;108.6
PODLASKIE;wheat flour;111.2;120.2;122.6;117.3;115.7;122.2;123.8;119.3;128.4;133.0;132.6;131.0
POMORSKIE;wheat flour;104.0;99.6;107.7;101.5;115.2;109.3;107.6;93.7;94.7;90.8;105.5;100.7
SLASKIE;wheat flour;105.0;107.3;110.4;111.4;109.5;106.7;104.8;106.3;107.8;111.5;106.6;107.9
SWIETOKRZYSKIE;wheat flour;100.0;103.4;106.9;107.2;108.3;110.4;111.7;110.0;113.2;120.6;117.1;114.9
WARMINÉSKO-MAZURSKIE;wheat flour;105.3;105.4;105.7;108.7;108.6;114.5;109.5;124.1;121.0;123.5;120.0;114.6
WIELKOPOLSKIE;wheat flour;112.3;116.0;120.0;119.6;115.6;115.1;117.2;117.9;114.2;116.5;119.0;118.8
ZACHODNIOPOMORSKIE;wheat flour;96.4;102.1;106.0;101.2;103.6;103.5;104.4;108.7;115.8;115.7;112.2;125.2
DOLNOSLASKIE;wheat roll;113.0;113.0;106.4;106.4;106.4;106.4;108.5;102.0;102.0;102.0;100.0;101.9
KUJAWSKO-POMORSKIE;wheat roll;109.5;111.9;111.9;111.6;109.3;111.6;109.3;109.3;109.1;104.3;108.7;108.7
LODZKIE;wheat roll;113.2;110.3;110.3;110.3;110.3;110.3;110.3;107.7;113.2;100.0;97.6;97.6
LUBELSKIE;wheat roll;106.8;113.6;113.6;113.6;113.6;113.6;115.9;110.9;113.0;110.6;110.6;110.6
LUBUSKIE;wheat roll;122.9;116.7;114.3;114.3;114.3;114.3;112.0;112.0;103.7;103.6;107.3;105.4
MALOPOLSKIE;wheat roll;115.2;113.0;110.6;106.1;108.2;108.2;110.2;108.0;108.0;103.8;101.9;98.1
MAZOWIECKIE;wheat roll;110.3;107.5;110.3;110.3;110.3;110.3;112.8;112.8;112.5;112.5;109.8;107.0
OPOLSKIE;wheat roll;106.0;106.0;108.3;108.2;104.1;112.2;107.8;114.3;112.0;105.7;100.0;103.6
PODKARPACKIE;wheat roll;112.8;112.8;115.4;112.5;115.4;112.5;112.5;109.8;109.8;112.2;104.5;104.5
PODLASKIE;wheat roll;119.0;109.3;111.9;109.3;109.3;109.3;109.3;109.3;109.3;104.4;100.0;104.3
POMORSKIE;wheat roll;117.1;111.6;117.1;114.3;114.3;111.6;116.7;111.9;106.7;109.1;104.2;110.9
SLASKIE;wheat roll;110.0;112.5;112.5;115.0;112.5;115.0;115.0;115.0;112.2;109.5;104.5;109.1
SWIETOKRZYSKIE;wheat roll;110.5;115.8;115.8;118.4;118.4;127.0;123.7;123.7;122.0;109.8;109.8;107.1
WARMINÉSKO-MAZURSKIE;wheat roll;102.4;102.4;102.4;102.4;102.4;102.4;102.4;104.8;102.3;100.0;102.3;102.3
WIELKOPOLSKIE;wheat roll;112.5;112.5;110.2;110.2;110.2;110.2;112.2;110.0;109.8;105.8;103.8;105.7
ZACHODNIOPOMORSKIE;wheat roll;109.8;114.6;109.3;109.3;111.6;109.3;109.3;114.3;109.3;111.6;116.3;120.5
DOLNOSLASKIE;wheat-rye bread;109.4;109.0;106.8;106.8;109.7;109.2;110.4;110.0;106.6;103.5;102.1;103.8
KUJAWSKO-POMORSKIE;wheat-rye bread;111.5;112.4;113.3;111.7;113.0;111.0;110.9;111.8;110.9;108.8;111.9;110.9
LODZKIE;wheat-rye bread;111.1;111.4;110.1;112.0;108.8;107.2;104.6;109.0;105.4;104.0;103.2;104.8
LUBELSKIE;wheat-rye bread;108.2;109.6;108.7;109.1;109.1;109.6;110.6;110.5;110.4;107.3;105.9;103.6
LUBUSKIE;wheat-rye bread;112.9;113.6;113.1;112.7;112.7;112.7;114.2;112.9;110.5;109.1;103.2;104.0
MALOPOLSKIE;wheat-rye bread;112.1;113.4;113.8;115.1;118.5;117.9;110.8;110.0;110.0;109.5;109.0;104.7
MAZOWIECKIE;wheat-rye bread;107.9;111.7;111.0;112.1;114.5;114.5;115.0;110.6;109.6;109.4;105.7;106.9
OPOLSKIE;wheat-rye bread;113.2;111.9;111.9;111.9;115.0;117.8;116.4;115.5;111.6;104.2;103.1;105.2
PODKARPACKIE;wheat-rye bread;110.3;109.8;109.8;111.3;113.2;113.7;112.5;111.5;111.5;112.3;107.0;105.2
PODLASKIE;wheat-rye bread;112.1;114.7;110.7;109.7;110.7;112.8;109.8;105.1;122.2;119.0;108.7;108.6
POMORSKIE;wheat-rye bread;115.9;114.4;114.4;114.4;117.5;118.0;116.6;118.8;116.5;114.5;112.0;110.4
SLASKIE;wheat-rye bread;108.2;109.6;109.9;109.9;110.2;110.2;110.2;110.2;108.7;108.3;107.3;108.3
SWIETOKRZYSKIE;wheat-rye bread;106.7;108.0;108.9;108.9;111.4;114.5;111.2;111.2;110.2;114.8;114.2;112.7
WARMINÉSKO-MAZURSKIE;wheat-rye bread;109.9;112.2;114.9;115.8;116.2;112.7;113.1;114.0;113.5;112.5;111.0;105.6
WIELKOPOLSKIE;wheat-rye bread;112.1;112.4;113.6;112.2;112.2;110.9;113.0;111.6;108.2;104.9;104.5;105.6
ZACHODNIOPOMORSKIE;wheat-rye bread;119.7;122.2;113.7;116.4;116.4;117.6;113.8;113.3;111.4;109.9;112.3;109.1
DOLNOSLASKIE;women's low leather shoes;92.6;94.5;97.0;100.7;101.0;101.3;103.6;103.4;99.7;107.5;106.1;111.1
KUJAWSKO-POMORSKIE;women's low leather shoes;99.8;100.2;97.1;102.0;102.3;100.8;100.8;100.8;100.9;99.5;99.5;104.3
LODZKIE;women's low leather shoes;98.5;96.0;102.2;103.5;102.7;103.4;103.7;103.7;98.5;97.5;97.1;97.1
LUBELSKIE;women's low leather shoes;103.7;100.5;101.8;101.4;101.0;101.4;101.9;99.9;102.1;102.5;110.4;111.7
LUBUSKIE;women's low leather shoes;97.7;94.2;105.6;104.4;104.5;102.2;102.7;96.7;102.6;100.5;102.3;115.7
MALOPOLSKIE;women's low leather shoes;102.1;108.3;105.9;103.3;104.0;104.1;101.9;103.2;102.9;103.0;106.2;103.7
MAZOWIECKIE;women's low leather shoes;98.5;98.8;95.4;98.0;99.9;102.5;98.2;97.3;97.2;98.3;98.9;100.1
OPOLSKIE;women's low leather shoes;100.6;100.6;98.2;98.2;103.1;100.6;95.6;95.6;94.8;94.8;91.2;98.4
PODKARPACKIE;women's low leather shoes;102.9;102.9;103.8;103.5;103.8;102.6;102.6;102.6;103.9;103.9;103.9;104.8
PODLASKIE;women's low leather shoes;99.8;99.8;98.5;98.5;99.1;106.2;106.2;106.2;103.9;105.1;105.1;105.1
POMORSKIE;women's low leather shoes;107.7;109.8;99.5;96.1;96.5;96.5;97.2;95.7;99.8;99.8;98.6;98.6
SLASKIE;women's low leather shoes;102.2;102.2;106.0;106.7;105.9;105.5;105.1;107.5;108.7;105.8;110.8;110.2
SWIETOKRZYSKIE;women's low leather shoes;100.4;100.4;98.2;91.0;99.3;100.2;100.2;104.0;99.3;99.3;99.3;99.3
WARMINÉSKO-MAZURSKIE;women's low leather shoes;99.0;100.0;101.4;96.3;96.8;99.1;99.1;99.8;98.3;96.9;96.9;100.6
WIELKOPOLSKIE;women's low leather shoes;101.0;101.0;100.9;102.3;100.9;100.9;97.4;98.8;99.9;99.4;99.3;99.4
ZACHODNIOPOMORSKIE;women's low leather shoes;94.3;96.2;96.2;99.6;99.7;100.9;106.1;109.7;98.7;105.4;104.6;104.4
DOLNOSLASKIE;women's tights;101.4;100.6;104.0;101.0;102.8;105.1;104.6;104.6;105.4;105.4;107.3;108.9
KUJAWSKO-POMORSKIE;women's tights;101.1;102.0;101.9;101.2;105.1;110.8;111.3;111.3;111.0;104.6;104.9;108.9
LODZKIE;women's tights;104.9;104.9;106.3;106.9;106.1;103.4;104.5;104.5;102.3;106.5;107.5;106.9
LUBELSKIE;women's tights;95.2;94.6;94.3;91.5;90.3;109.8;111.8;110.7;110.7;101.9;101.7;108.7
LUBUSKIE;women's tights;101.9;101.9;106.3;106.3;105.8;101.7;108.3;108.3;108.3;108.2;105.1;115.7
MALOPOLSKIE;women's tights;101.6;100.4;101.6;102.7;105.5;105.0;105.0;105.0;105.0;107.1;107.6;107.6
MAZOWIECKIE;women's tights;100.8;101.6;101.0;102.4;103.7;105.7;103.3;103.6;107.7;108.2;106.6;106.7
OPOLSKIE;women's tights;109.5;109.5;108.4;103.6;109.5;112.2;106.6;111.0;105.4;103.3;100.9;103.7
PODKARPACKIE;women's tights;104.1;104.1;106.4;107.1;104.2;105.5;105.5;105.0;104.6;100.8;102.2;100.2
PODLASKIE;women's tights;105.7;105.7;102.6;103.5;102.2;103.4;103.1;104.2;105.5;105.3;107.6;107.6
POMORSKIE;women's tights;99.5;99.5;98.9;98.7;98.8;98.8;98.8;98.8;101.1;102.0;102.0;104.8
SLASKIE;women's tights;103.0;103.4;104.7;105.4;103.9;107.2;103.5;100.0;104.4;102.7;101.0;101.3
SWIETOKRZYSKIE;women's tights;112.2;112.2;110.0;110.7;111.4;103.0;103.0;103.0;105.6;105.8;105.8;105.8
WARMINÉSKO-MAZURSKIE;women's tights;106.8;106.8;106.8;101.6;101.6;103.0;102.3;101.6;101.5;100.1;100.1;99.9
WIELKOPOLSKIE;women's tights;102.4;107.2;99.0;100.9;98.1;103.1;103.4;107.2;102.7;106.7;106.7;106.1
ZACHODNIOPOMORSKIE;women's tights;93.8;88.5;86.5;89.4;91.3;90.5;90.6;90.1;91.2;90.7;89.2;91.2
DOLNOSLASKIE;yellow cheese;100.0;100.9;101.6;103.1;102.8;101.9;107.2;107.4;108.9;106.2;100.8;97.1
KUJAWSKO-POMORSKIE;yellow cheese;98.3;100.4;99.3;105.8;101.0;101.6;100.2;102.9;105.7;102.1;102.1;101.6
LODZKIE;yellow cheese;101.1;102.1;104.4;103.9;101.7;97.7;96.6;101.0;94.0;93.6;98.6;100.5
LUBELSKIE;yellow cheese;101.9;104.1;105.1;101.5;102.8;104.9;106.5;106.9;101.6;90.9;99.7;99.2
LUBUSKIE;yellow cheese;93.7;97.0;93.1;94.6;96.6;99.0;106.3;107.0;104.8;105.9;102.5;98.6
MALOPOLSKIE;yellow cheese;98.2;99.5;96.1;94.9;106.7;107.1;106.3;105.2;103.9;104.3;104.9;105.3
MAZOWIECKIE;yellow cheese;99.2;102.7;105.4;104.1;107.4;105.9;104.8;104.7;99.9;98.5;97.9;106.3
OPOLSKIE;yellow cheese;98.7;103.3;105.2;99.4;103.1;101.3;102.8;105.6;98.2;100.0;107.4;100.2
PODKARPACKIE;yellow cheese;101.2;97.9;98.6;96.8;103.8;105.1;102.5;104.6;105.6;99.5;94.1;98.8
PODLASKIE;yellow cheese;100.6;95.3;95.3;97.4;102.4;99.2;99.8;102.5;92.5;92.9;95.1;93.8
POMORSKIE;yellow cheese;105.7;107.3;106.4;103.8;104.7;105.0;101.4;105.5;105.8;103.6;103.6;100.0
SLASKIE;yellow cheese;99.9;107.4;109.0;102.8;110.1;110.0;111.2;115.0;102.1;97.8;95.2;96.3
SWIETOKRZYSKIE;yellow cheese;94.3;97.1;100.9;101.9;100.9;102.0;99.3;104.4;101.1;97.6;96.7;98.0
WARMINÉSKO-MAZURSKIE;yellow cheese;98.3;103.0;107.6;97.8;103.9;101.5;102.0;102.3;98.6;102.9;96.8;98.3
WIELKOPOLSKIE;yellow cheese;97.4;99.3;99.6;101.7;101.3;98.6;105.0;104.2;102.7;102.8;104.0;102.1
ZACHODNIOPOMORSKIE;yellow cheese;93.1;97.3;90.4;93.7;99.1;103.7;99.4;99.7;99.8;102.9;101.7;105.1
