Region;Month;rice;wheat roll;wheat-rye bread;wheat flour;pearl-barley groats;roast-beef;beef meat;pork;chicken;pork ham;dried sausage;smoked sausage;hake fish;carp fish;cows' milk fat 3.5%;cows' milk fat 2.5%;cottage cheese;yellow cheese;sour cream fat 18%;butter;margarine;rape oil;apples;oranges;lemons;carrots;onions;potatoes;sugar;chocolate;coffee;apple juice;beer;cigarettes;men's suit;men's shirt;men's cotton undershirt;women's tights;kid's trousers;men's suit dry-cleaning;men's low leather shoes;women's low leather shoes;resoling men's shoes;sink fixture;cold water by municipal water-system;heating of dwellings;hard coal;hot water;synthetic net curtain;frotte cotton towel;food mixer;microwave oven;porcelain soup plate;washing powder;doctor consultation;petrol 95;disel oil;bus ticket;taxi daily fare;cinema ticket;regional newspaper;men's hair-cutting;toilet soap;tooth-paste;segregated waste collection;non-segregated waste collection
DOLNOSLASKIE;01'2019;103.4;113.0;109.4;100.8;93.7;103.3;105.5;97.4;101.9;101.2;101.9;100.7;101.9;102.5;97.9;99.3;96.4;100.0;104.2;108.8;94.8;95.1;62.6;91.7;99.5;146.5;147.9;144.1;89.8;102.0;100.9;105.8;105.6;98.9;100.4;104.6;98.1;101.4;81.3;106.4;100.0;92.6;105.0;94.9;102.8;100.0;99.7;102.9;102.6;98.9;98.4;101.1;111.8;100.5;106.6;101.9;109.6;103.4;99.6;105.0;107.1;103.4;107.4;100.8;100.0;100.0
DOLNOSLASKIE;02'2019;101.8;113.0;109.0;103.1;96.6;103.5;102.4;102.7;101.3;99.0;101.3;97.7;101.9;0.0;97.9;100.0;96.2;100.9;101.5;115.2;96.8;99.2;63.3;94.6;96.8;139.6;171.1;177.9;98.4;99.5;99.9;111.2;105.2;99.4;99.9;102.9;95.2;100.6;86.8;104.4;99.7;94.5;105.0;95.9;102.8;101.7;100.0;103.5;103.6;98.0;103.3;99.2;112.2;100.5;106.6;103.0;111.3;103.4;101.5;105.7;107.1;103.6;104.7;96.3;101.9;100.0
DOLNOSLASKIE;03'2019;100.3;106.4;106.8;102.7;97.8;103.9;100.1;101.3;106.4;101.0;99.5;99.7;101.3;0.0;97.2;106.3;99.3;101.6;99.5;103.6;95.2;103.0;63.0;94.3;101.7;137.2;173.4;175.0;109.1;104.5;99.7;105.8;106.3;99.5;94.9;98.9;95.2;104.0;91.2;106.3;103.1;97.0;105.6;94.4;102.8;101.7;100.1;102.9;105.0;97.2;103.1;100.6;113.2;99.8;106.0;104.5;113.0;103.4;101.5;105.7;107.1;107.0;100.0;113.3;101.9;102.5
DOLNOSLASKIE;04'2019;102.1;106.4;106.8;100.4;97.8;103.3;99.6;110.4;111.2;103.2;100.3;103.7;102.4;0.0;95.5;101.5;97.6;103.1;100.0;104.0;92.7;97.5;61.3;98.3;94.9;121.0;178.3;201.6;111.1;105.1;101.9;101.6;109.6;99.2;95.6;100.8;95.2;101.0;92.9;105.3;109.1;100.7;102.4;94.2;102.8;98.8;100.2;102.9;106.3;99.4;98.5;96.8;113.8;101.2;106.6;107.7;110.7;103.4;101.5;101.5;107.1;107.0;103.6;119.0;104.2;106.7
DOLNOSLASKIE;05'2019;101.3;106.4;109.7;105.5;95.9;100.4;104.4;125.1;110.3;107.6;101.9;101.5;103.5;0.0;97.2;100.0;99.8;102.8;99.5;101.0;88.7;101.9;61.5;97.1;79.1;108.0;208.9;227.0;119.0;99.0;95.8;99.2;111.6;99.2;93.4;101.3;95.9;102.8;94.3;105.5;110.2;101.0;103.6;101.0;102.8;98.8;99.9;103.1;105.7;99.6;104.2;96.0;118.2;100.2;106.6;104.0;103.5;103.4;102.2;101.0;107.1;108.5;102.5;112.2;108.6;113.8
DOLNOSLASKIE;06'2019;101.8;106.4;109.2;110.0;101.2;101.6;103.7;115.1;102.0;109.2;102.8;107.0;103.7;0.0;97.2;98.5;97.8;101.9;108.9;88.5;90.2;105.4;62.7;91.5;69.3;93.6;205.5;193.8;117.3;97.3;102.4;101.0;108.7;99.4;93.4;103.4;99.6;105.1;102.0;105.9;111.5;101.3;104.2;104.3;102.7;98.3;100.4;105.1;105.7;99.6;99.9;99.0;117.5;95.8;105.9;102.7;101.9;103.4;103.4;100.6;107.1;109.3;102.5;115.4;108.6;113.8
DOLNOSLASKIE;07'2019;101.0;108.5;110.4;104.7;102.7;101.8;102.6;111.8;102.3;108.0;105.0;103.1;103.6;0.0;95.5;101.9;101.0;107.2;104.7;86.0;90.0;110.5;65.2;101.0;76.8;95.3;170.3;194.4;128.3;100.5;96.3;102.6;106.8;99.4;103.9;104.0;97.5;104.6;110.2;105.2;110.6;103.6;103.0;106.3;105.2;98.3;99.5;105.0;103.6;99.1;95.9;95.1;117.6;96.2;105.9;101.0;100.2;103.4;103.4;100.1;107.1;109.3;95.4;116.4;108.6;113.8
DOLNOSLASKIE;08'2019;103.4;102.0;110.0;110.7;104.4;100.1;102.0;110.9;103.9;106.3;105.4;110.4;103.6;0.0;99.6;105.0;101.5;107.4;105.2;88.7;89.4;102.9;92.2;91.0;76.3;104.9;156.5;198.6;123.9;103.5;98.4;102.1;103.7;99.6;103.9;104.8;97.7;104.6;109.5;105.6;108.7;103.4;103.0;102.7;104.8;98.3;100.8;105.5;108.4;98.6;99.8;101.0;120.4;99.7;105.9;100.4;100.6;101.1;103.8;104.1;107.1;109.3;96.0;112.1;115.7;122.4
DOLNOSLASKIE;09'2019;102.8;102.0;106.6;109.2;103.5;102.2;101.8;111.7;100.5;106.5;105.3;107.5;103.9;0.0;99.3;103.0;101.6;108.9;101.5;87.6;92.7;109.2;122.7;90.3;75.9;97.3;153.5;188.4;120.6;104.2;96.0;101.6;103.4;99.6;99.5;106.3;97.7;105.4;114.1;105.0;108.0;99.7;103.0;108.9;104.6;98.3;100.5;103.7;108.4;98.6;97.1;99.8;112.7;99.7;105.3;97.7;99.2;101.1;105.2;100.2;110.0;110.3;86.6;126.3;126.9;142.3
DOLNOSLASKIE;10'2019;103.4;102.0;103.5;103.9;107.7;103.5;101.1;113.1;105.4;112.0;109.0;108.4;101.4;0.0;101.8;98.9;104.3;106.2;101.6;85.2;93.1;106.6;145.0;100.6;103.4;87.7;129.6;178.0;117.3;102.7;94.1;105.1;101.7;99.5;99.5;104.1;96.6;105.4;110.2;105.0;97.7;107.5;103.0;106.6;104.6;98.3;100.6;102.6;110.0;96.7;98.2;101.4;107.1;98.8;106.4;96.7;96.7;101.1;103.2;100.1;110.0;113.8;105.4;108.1;129.2;143.8
DOLNOSLASKIE;11'2019;102.6;100.0;102.1;107.1;105.6;106.7;102.2;114.8;106.7;110.5;108.7;111.7;100.7;88.3;104.7;101.5;103.6;100.8;104.1;87.9;96.3;105.5;170.8;104.3;112.0;81.0;127.6;182.6;127.4;101.7;98.1;105.9;102.7;101.2;96.9;104.3;100.1;107.3;109.1;105.6;101.2;106.1;103.0;104.0;103.9;98.3;100.1;102.8;109.7;98.7;101.4;100.0;110.9;96.7;107.9;97.1;93.7;101.1;102.9;96.5;110.0;116.2;104.5;108.3;129.2;143.8
DOLNOSLASKIE;12'2019;97.1;101.9;103.8;113.8;105.1;107.3;103.0;122.2;112.2;112.9;110.7;115.9;101.0;96.3;102.2;101.8;107.6;97.1;103.1;91.9;98.4;108.3;162.8;103.2;124.7;81.3;109.6;162.9;123.4;100.7;96.7;105.1;100.3;101.6;92.6;104.8;100.4;108.9;118.3;105.6;103.4;111.1;103.0;105.1;103.9;98.3;100.4;102.8;108.6;97.6;103.6;101.2;114.1;98.4;107.9;101.2;98.3;101.1;102.9;96.4;110.0;117.8;105.9;108.1;129.2;143.8
KUJAWSKO-POMORSKIE;01'2019;106.5;109.5;111.5;107.4;95.5;102.5;101.2;102.0;100.3;105.7;100.4;101.7;109.2;100.5;100.4;101.2;96.5;98.3;104.7;99.7;99.7;99.5;64.0;97.4;96.3;139.4;133.5;144.9;80.6;107.2;107.8;106.9;100.3;97.7;97.0;96.2;101.2;101.1;96.7;109.0;102.4;99.8;101.8;108.1;101.5;104.9;98.8;100.7;99.1;97.9;102.7;102.4;101.5;103.7;103.4;103.1;109.1;100.0;104.2;95.7;114.1;101.7;104.3;101.3;106.2;106.5
KUJAWSKO-POMORSKIE;02'2019;107.0;111.9;112.4;105.3;97.0;99.6;97.1;107.4;102.1;106.1;103.6;100.4;109.3;97.5;99.3;101.6;98.7;100.4;102.6;105.0;100.0;98.3;64.1;85.5;95.9;134.6;162.9;167.3;95.3;106.4;110.6;105.3;101.7;98.8;97.0;96.2;101.2;102.0;94.4;107.9;102.4;100.2;101.8;107.6;101.5;104.9;99.2;100.5;100.0;97.2;104.4;104.3;104.1;103.5;102.7;105.1;111.3;100.0;104.2;96.2;114.1;101.7;102.9;100.5;118.7;106.5
KUJAWSKO-POMORSKIE;03'2019;108.7;111.9;113.3;108.9;97.5;100.6;98.9;98.6;111.7;104.6;103.6;99.6;111.0;0.0;99.6;100.8;99.7;99.3;103.1;101.9;96.0;100.8;57.6;95.6;98.6;136.4;170.0;187.6;103.7;109.3;109.5;103.5;102.1;98.8;91.2;94.3;101.6;101.9;92.9;107.9;100.5;97.1;102.1;108.0;101.5;104.9;99.5;100.5;98.5;98.5;106.8;103.5;103.1;103.1;102.7;104.9;113.5;100.0;104.2;94.8;107.9;104.7;102.8;103.7;111.2;113.6
KUJAWSKO-POMORSKIE;04'2019;108.7;111.6;111.7;101.6;99.0;105.5;105.1;114.8;110.3;109.8;107.3;100.5;111.3;0.0;101.1;100.0;100.8;105.8;104.8;98.9;99.2;91.7;55.2;95.8;98.6;117.3;175.2;201.9;107.2;104.8;105.9;108.5;107.7;98.8;91.2;94.3;101.1;101.2;90.0;107.2;103.2;102.0;102.1;109.7;101.5;106.9;99.5;102.2;101.3;98.5;105.0;101.2;103.6;105.2;102.7;107.8;110.2;100.0;104.6;94.8;107.5;104.7;110.6;107.2;116.4;118.6
KUJAWSKO-POMORSKIE;05'2019;110.1;109.3;113.0;104.6;99.5;105.2;107.5;119.7;114.4;109.8;108.6;104.8;110.2;0.0;98.2;101.6;99.4;101.0;102.6;96.0;98.3;93.9;56.4;98.1;91.5;115.7;190.7;208.5;108.1;105.7;103.0;109.4;103.1;98.8;91.7;94.7;99.1;105.1;99.0;107.0;100.0;102.3;102.0;110.2;101.5;106.9;100.4;102.2;102.5;99.5;104.5;102.0;103.1;105.8;104.0;104.0;104.0;100.0;104.6;94.8;107.5;104.7;106.3;108.2;116.4;118.6
KUJAWSKO-POMORSKIE;06'2019;106.3;111.6;111.0;105.3;99.5;106.2;104.0;118.7;105.8;112.3;110.6;109.7;109.0;0.0;96.5;102.0;100.6;101.6;96.9;92.6;101.4;98.3;58.9;99.0;79.6;93.5;150.3;182.7;121.3;106.0;102.6;107.0;106.0;99.2;94.7;95.0;96.2;110.8;89.2;107.0;105.1;100.8;102.0;112.6;100.6;106.9;101.5;102.2;105.3;98.7;104.5;96.8;105.2;105.4;104.0;103.9;103.1;100.0;104.6;94.3;107.5;104.7;101.5;111.3;119.1;121.3
KUJAWSKO-POMORSKIE;07'2019;106.9;109.3;110.9;103.7;90.8;107.2;100.2;121.2;105.7;116.0;113.1;111.2;110.1;0.0;98.9;100.0;102.1;100.2;102.1;86.1;98.3;104.1;61.9;100.0;87.1;105.3;142.2;202.9;117.9;104.0;102.8;106.1;106.6;99.7;99.4;95.1;95.9;111.3;85.0;106.4;101.7;100.8;102.0;111.1;101.2;106.9;101.1;102.2;105.7;99.5;102.6;98.4;103.4;106.0;104.0;102.3;101.4;100.0;104.6;94.3;107.5;104.6;100.5;114.5;119.1;121.3
KUJAWSKO-POMORSKIE;08'2019;103.1;109.3;111.8;105.0;92.8;105.4;102.4;114.7;105.3;111.1;113.4;110.2;109.1;0.0;100.4;98.4;104.0;102.9;100.5;83.2;102.5;101.6;96.7;97.0;85.6;117.1;147.8;203.0;122.5;109.0;102.1;100.8;106.0;99.7;96.2;95.1;96.4;111.3;99.1;106.4;101.7;100.8;104.3;105.9;101.2;106.9;100.1;101.8;106.0;99.8;102.0;106.1;103.5;105.6;104.0;101.4;100.8;100.0;103.5;94.3;107.5;104.6;95.0;111.8;119.1;121.3
KUJAWSKO-POMORSKIE;09'2019;100.5;109.1;110.9;103.7;97.6;104.6;99.3;113.7;106.4;110.5;112.2;109.0;103.2;0.0;100.0;98.8;103.4;105.7;100.0;82.8;102.2;101.7;111.7;96.1;77.2;109.3;147.3;190.2;116.4;105.9;100.8;100.8;106.2;99.7;96.2;95.9;96.5;111.0;108.8;105.9;102.1;100.9;104.0;108.3;101.2;106.9;100.3;101.7;103.7;97.6;99.5;103.0;103.5;104.8;104.0;97.7;99.0;100.0;102.9;104.7;110.8;104.2;104.4;111.9;119.1;121.3
KUJAWSKO-POMORSKIE;10'2019;103.9;104.3;108.8;101.2;96.7;99.8;98.3;114.1;109.9;113.4;112.3;111.6;103.2;0.0;97.2;100.4;101.6;102.1;103.7;82.6;107.3;104.3;133.2;95.1;91.6;102.8;144.3;183.6;115.9;101.5;104.3;101.5;100.3;99.9;116.7;109.3;91.7;104.6;104.0;104.2;101.9;99.5;104.7;105.8;101.2;108.3;100.9;102.0;103.8;98.6;100.5;97.3;101.4;104.6;106.0;96.3;96.5;100.0;102.9;104.7;110.8;105.1;97.7;110.0;119.1;121.3
KUJAWSKO-POMORSKIE;11'2019;99.7;108.7;111.9;111.9;106.8;99.6;99.7;116.8;112.2;111.8;112.0;111.2;102.4;100.4;99.6;98.8;100.6;102.1;101.0;86.9;102.3;97.3;161.9;102.0;109.2;101.1;141.4;172.6;117.5;108.9;102.2;106.4;106.3;101.7;120.4;108.4;92.3;104.9;104.2;104.8;101.6;99.5;104.7;104.3;102.6;105.8;100.7;102.0;104.1;97.1;101.2;95.3;100.3;103.0;105.9;96.3;93.5;100.0;101.9;104.9;111.1;106.0;100.5;110.5;119.1;121.3
KUJAWSKO-POMORSKIE;12'2019;102.6;108.7;110.9;108.4;104.7;103.3;103.0;126.6;116.0;112.1;113.5;114.1;105.4;95.2;100.4;102.0;102.3;101.6;103.1;84.4;102.9;104.9;156.6;104.2;103.1;96.9;127.9;163.4;121.2;103.9;98.0;99.7;107.1;102.7;120.4;108.4;94.1;108.9;105.9;104.8;98.5;104.3;104.7;104.9;102.6;105.8;101.0;102.0;105.0;99.3;95.6;98.9;101.1;103.0;105.9;100.2;98.3;100.0;101.9;112.4;111.1;106.0;98.6;114.2;119.1;121.3
LODZKIE;01'2019;102.5;113.2;111.1;104.7;107.3;98.3;101.1;100.2;97.9;99.4;97.2;102.3;102.1;93.3;102.3;104.1;103.1;101.1;102.9;105.8;93.4;98.0;56.3;96.3;99.5;143.2;183.0;148.0;91.1;105.2;103.6;101.8;106.2;98.2;106.4;102.6;92.8;104.9;103.3;104.5;103.0;98.5;107.3;104.5;102.7;102.5;99.9;103.4;109.9;104.5;106.0;101.1;105.2;99.6;104.6;101.7;108.7;100.0;100.1;100.3;109.8;107.0;107.6;94.2;116.4;116.0
LODZKIE;02'2019;101.6;110.3;111.4;110.2;104.0;98.8;103.7;101.8;100.6;101.4;99.5;102.4;101.7;95.1;97.4;102.1;104.9;102.1;103.4;109.1;100.9;99.0;57.8;98.3;100.3;152.6;196.7;162.0;115.8;101.9;99.3;101.8;99.6;99.3;115.9;102.9;96.1;104.9;96.5;105.5;106.4;96.0;106.5;104.5;105.9;103.0;100.4;103.9;106.6;105.7;103.7;100.9;105.7;100.6;104.5;102.6;109.7;100.0;100.0;100.0;109.4;109.7;106.8;95.1;116.4;116.0
LODZKIE;03'2019;100.5;110.3;110.1;105.7;105.1;98.0;101.2;97.9;102.9;107.3;100.5;105.7;101.0;0.0;97.8;102.5;104.1;104.4;105.8;106.4;104.2;99.8;56.2;98.7;98.9;140.6;207.6;166.0;114.5;108.8;98.9;99.5;101.1;99.2;115.9;103.4;94.2;106.3;106.8;107.7;106.5;102.2;102.5;104.3;105.9;103.0;99.6;103.9;105.6;99.3;106.4;98.7;105.3;101.6;107.3;105.2;113.2;100.0;102.3;98.8;109.0;111.5;101.0;106.8;118.0;119.5
LODZKIE;04'2019;103.0;110.3;112.0;116.5;107.6;100.7;102.6;108.3;104.8;112.1;100.3;106.1;105.4;0.0;102.7;106.0;100.8;103.9;107.0;99.5;103.0;99.4;57.1;102.9;93.2;116.0;209.2;193.3;124.4;108.6;97.4;100.8;101.8;98.7;115.9;102.0;94.0;106.9;97.7;105.5;104.4;103.5;102.5;102.2;105.9;102.7;99.5;100.2;105.3;99.0;105.3;94.3;105.5;96.9;107.3;107.8;110.7;101.5;102.3;98.8;109.0;110.2;103.6;110.2;123.6;129.8
LODZKIE;05'2019;104.9;110.3;108.8;114.1;115.1;100.5;106.0;119.2;106.7;102.4;99.1;105.3;107.7;0.0;100.4;105.2;101.0;101.7;105.7;101.2;98.8;97.2;54.1;101.6;83.3;111.6;248.0;244.3;125.5;103.5;95.3;97.2;101.4;99.2;111.8;102.7;100.0;106.1;98.0;106.3;100.4;102.7;103.7;102.1;105.9;102.7;100.4;99.6;103.4;99.7;102.4;98.0;106.7;97.9;107.9;104.0;105.1;101.5;102.3;99.1;109.0;110.2;104.1;113.7;132.0;140.0
LODZKIE;06'2019;108.1;110.3;107.2;113.1;115.0;99.3;102.6;114.7;99.5;102.3;103.1;106.2;104.3;0.0;98.1;105.9;103.7;97.7;101.7;87.6;102.6;99.7;60.8;105.2;72.9;93.7;178.4;220.0;127.4;108.5;99.7;98.7;108.2;99.2;113.1;102.7;99.0;103.4;98.7;105.7;101.7;103.4;104.5;102.3;104.5;102.7;102.1;99.6;99.2;99.7;97.8;96.5;106.6;98.7;107.9;102.4;102.8;101.5;102.3;99.1;106.6;109.0;105.7;127.5;132.0;140.0
LODZKIE;07'2019;110.8;110.3;104.6;104.6;114.4;99.2;101.6;117.6;100.8;103.3;100.5;106.4;106.1;0.0;96.7;104.1;100.1;96.6;100.6;84.4;95.5;107.4;61.9;100.0;74.8;101.5;157.9;205.1;134.8;110.5;96.5;100.5;104.5;99.5;113.1;101.9;99.3;104.5;95.3;105.3;100.5;103.7;104.5;101.8;104.2;103.2;101.4;100.8;99.8;98.5;98.0;95.9;107.0;98.6;109.3;100.6;100.8;101.5;103.2;98.7;106.6;109.0;97.0;118.9;136.7;145.4
LODZKIE;08'2019;105.4;107.7;109.0;106.9;112.3;99.5;104.3;113.9;96.0;103.6;103.2;106.6;105.8;0.0;97.1;100.4;101.2;101.0;106.7;86.3;98.6;107.8;102.4;98.5;75.5;114.4;145.7;211.1;125.7;112.1;98.4;95.0;105.5;99.7;113.1;104.7;101.7;104.5;94.3;105.3;103.9;103.7;103.6;101.6;104.2;103.2;100.7;101.8;100.7;98.6;99.3;91.9;106.4;99.8;109.3;100.4;100.8;101.5;103.2;100.8;106.6;109.0;103.0;127.1;139.9;148.3
LODZKIE;09'2019;103.0;113.2;105.4;106.5;108.4;100.0;104.7;114.6;94.6;111.4;100.7;109.2;105.3;0.0;98.5;98.4;99.4;94.0;107.8;86.7;102.0;107.2;140.0;99.7;72.0;97.2;137.0;189.3;127.6;113.2;98.9;99.7;105.9;99.6;110.3;104.0;98.0;102.3;105.9;106.6;97.9;98.5;103.7;101.8;104.2;103.2;101.3;102.1;101.4;106.2;99.0;91.4;101.1;101.7;111.9;97.5;98.6;101.5;103.2;99.9;107.0;110.9;92.6;140.5;138.5;146.8
LODZKIE;10'2019;104.7;100.0;104.0;116.2;112.0;100.9;104.8;113.4;100.1;113.9;109.1;109.3;105.6;0.0;99.3;105.3;98.4;93.6;107.3;85.7;109.4;105.1;164.6;99.4;98.3;91.4;137.8;186.0;126.6;112.8;96.8;97.8;106.1;99.6;109.1;104.0;95.7;106.5;108.8;106.6;103.5;97.5;105.2;101.2;104.2;101.3;100.9;101.7;102.0;107.8;98.0;95.1;98.6;98.3;111.9;96.5;95.9;101.5;103.2;98.8;107.0;110.9;102.9;134.3;138.5;146.8
LODZKIE;11'2019;106.1;97.6;103.2;114.1;104.9;99.8;103.3;116.9;100.9;112.8;108.0;110.4;106.1;97.3;99.6;102.8;101.7;98.6;106.7;85.1;103.8;105.1;170.3;104.5;110.4;87.7;120.4;181.5;130.8;108.3;96.5;96.9;106.4;99.8;109.1;104.0;96.4;107.5;96.9;107.8;100.6;97.1;105.1;101.1;104.5;102.0;100.5;101.8;96.6;109.2;100.6;97.9;95.8;100.2;113.1;97.0;93.9;101.5;103.1;98.0;115.0;110.8;106.5;120.0;138.5;147.7
LODZKIE;12'2019;106.4;97.6;104.8;116.3;108.0;99.6;102.3;128.6;107.4;112.8;108.3;113.2;105.5;98.8;98.9;107.8;103.9;100.5;112.7;88.1;110.4;108.8;168.1;105.8;111.3;93.0;110.8;172.3;125.0;102.9;92.3;108.4;108.0;101.3;102.3;104.0;98.1;106.9;108.9;107.1;95.4;97.1;105.6;95.4;104.5;102.0;100.2;101.8;108.4;106.3;101.2;103.0;95.0;100.6;113.1;101.0;98.2;101.5;104.9;98.1;116.8;112.3;109.0;118.7;155.9;147.5
LUBELSKIE;01'2019;98.2;106.8;108.2;109.9;100.4;107.9;104.9;96.8;106.9;108.8;95.9;109.8;101.6;106.9;94.1;104.0;102.0;101.9;102.7;101.7;98.0;100.0;59.0;107.5;94.1;126.0;133.6;159.6;92.3;102.3;104.3;107.9;108.3;97.5;109.1;105.8;97.6;95.2;101.5;100.0;101.5;103.7;103.7;102.1;97.8;101.6;104.1;100.5;102.9;97.7;103.6;96.2;96.7;101.0;99.1;102.5;109.7;100.0;101.7;100.7;98.8;102.3;100.5;99.4;100.0;100.0
LUBELSKIE;02'2019;101.4;113.6;109.6;114.0;101.7;99.3;102.9;103.5;105.0;111.0;101.5;104.5;102.7;108.5;99.0;103.2;106.6;104.1;100.0;101.2;103.8;103.6;63.2;97.7;94.8;125.8;156.3;155.7;123.5;107.2;97.6;105.4;106.0;98.6;109.0;105.8;95.6;94.6;105.4;100.0;101.9;100.5;103.7;99.5;97.8;101.9;103.3;101.0;104.1;93.7;103.8;98.3;97.1;100.0;100.9;103.6;111.5;100.0;101.7;103.9;98.8;102.3;101.0;99.7;106.5;100.0
LUBELSKIE;03'2019;101.4;113.6;108.7;116.6;106.3;99.2;104.0;99.6;105.3;114.2;101.7;107.5;102.8;0.0;91.8;101.6;105.3;105.1;99.0;104.1;102.6;107.4;62.4;90.8;92.3;120.5;177.8;167.2;115.6;102.1;95.8;100.0;109.7;97.7;107.7;108.9;95.6;94.3;100.1;102.5;103.4;101.8;106.0;93.3;97.8;101.9;103.7;101.0;100.7;101.4;99.6;99.9;97.1;100.2;100.9;105.6;113.5;100.0;101.7;104.8;99.6;102.3;107.1;129.5;106.5;111.9
LUBELSKIE;04'2019;107.9;113.6;109.1;108.9;112.7;98.2;99.6;107.5;117.3;113.4;99.9;114.9;103.6;0.0;94.7;101.2;105.2;101.5;101.6;100.2;103.1;94.3;58.8;101.6;86.9;112.4;191.9;181.1;122.3;104.5;92.8;99.5;105.9;98.2;92.7;108.9;98.8;91.5;98.5;102.5;100.6;101.4;106.0;90.9;97.5;102.6;103.4;101.0;100.7;101.9;96.6;97.7;102.2;98.4;102.7;108.9;111.2;100.0;101.7;104.6;104.9;103.7;102.1;121.5;122.3;132.2
LUBELSKIE;05'2019;112.0;113.6;109.1;111.3;112.7;98.0;100.7;116.6;114.0;114.2;101.8;116.1;103.2;0.0;93.3;96.9;104.8;102.8;103.2;98.9;96.7;97.0;61.9;98.6;83.8;109.7;210.2;242.2;125.4;97.9;97.8;101.0;105.6;98.4;93.7;107.1;99.6;90.3;99.7;105.7;98.7;101.0;104.3;91.4;97.5;116.5;102.8;99.9;110.9;101.9;98.6;105.8;102.5;98.4;100.9;104.3;104.0;100.0;101.7;105.6;104.9;102.3;103.2;111.1;122.3;132.2
LUBELSKIE;06'2019;115.4;113.6;109.6;102.7;105.2;99.3;100.5;113.8;112.8;108.8;97.3;117.3;105.2;0.0;98.0;103.2;108.5;104.9;103.2;95.7;98.4;101.7;59.8;100.0;80.9;97.3;202.6;184.6;137.2;98.4;102.3;104.5;106.4;98.4;95.9;106.2;101.0;109.8;103.6;105.7;100.2;101.4;104.3;91.4;100.0;116.5;102.4;99.9;110.9;101.9;102.3;101.9;102.5;97.2;100.9;103.7;102.6;100.0;101.7;105.6;105.8;104.5;105.9;124.6;122.3;132.2
LUBELSKIE;07'2019;113.3;115.9;110.6;103.1;105.2;97.1;101.6;112.9;109.7;112.0;94.3;116.0;104.0;0.0;98.0;97.7;106.5;106.5;100.5;94.5;103.1;100.3;68.6;97.1;86.6;109.4;151.1;199.4;133.3;104.0;97.5;106.9;106.5;99.4;94.3;106.2;99.5;111.8;102.2;102.9;100.6;101.9;104.3;90.8;101.0;116.5;102.0;99.9;110.5;104.0;105.2;103.0;102.5;96.7;100.9;102.5;101.4;100.0;101.7;105.6;105.8;104.5;102.6;137.2;122.3;132.2
LUBELSKIE;08'2019;114.8;110.9;110.5;96.6;105.2;95.5;99.5;112.8;107.6;111.2;92.7;120.1;103.0;0.0;99.0;100.0;102.2;106.9;101.0;89.7;104.6;104.6;104.0;93.5;78.9;104.8;153.8;202.1;131.1;99.7;104.8;106.4;106.1;99.3;98.5;106.2;99.2;110.7;103.0;102.9;101.0;99.9;103.4;88.0;101.0;116.5;102.2;99.9;110.5;101.1;103.8;105.4;101.9;97.0;100.9;101.6;101.2;100.0;101.7;105.6;105.7;106.8;102.0;145.9;131.9;144.7
LUBELSKIE;09'2019;104.6;113.0;110.4;106.6;102.5;96.2;97.9;108.2;102.0;115.7;96.1;119.9;103.4;0.0;100.7;102.3;103.4;101.6;102.5;93.1;103.1;108.9;128.5;101.6;80.6;109.6;146.9;209.6;126.6;105.0;99.0;106.7;102.7;98.6;94.3;104.6;100.3;110.7;102.3;102.9;102.8;102.1;104.0;88.0;101.0;112.0;100.2;100.2;110.9;104.8;100.9;106.1;101.0;98.8;102.2;98.2;99.4;100.0;101.7;105.6;104.0;106.8;100.0;128.2;131.9;144.7
LUBELSKIE;10'2019;108.1;110.6;107.3;114.5;94.5;97.7;98.4;111.6;106.2;117.7;96.5;118.1;102.8;0.0;101.0;101.9;107.4;90.9;102.1;88.4;101.4;102.9;145.5;101.6;111.3;95.4;124.5;181.1;126.0;105.5;102.6;101.3;103.3;100.0;94.3;104.6;97.2;101.9;105.6;102.9;103.3;102.5;102.9;89.3;101.9;102.2;99.8;101.6;109.4;101.9;102.8;108.2;108.1;98.6;102.2;96.9;96.7;100.0;101.7;105.6;104.4;106.8;101.0;127.2;131.9;144.7
LUBELSKIE;11'2019;104.1;110.6;105.9;123.3;94.1;98.2;98.3;113.4;108.0;116.3;97.7;123.2;102.5;113.6;100.0;103.1;111.9;99.7;104.7;88.8;101.7;103.9;157.3;97.9;106.5;98.1;117.9;179.0;115.8;104.9;97.2;104.4;105.0;102.0;100.9;102.9;99.1;101.7;103.4;102.9;103.3;110.4;102.9;95.8;101.9;106.0;100.4;106.7;108.5;101.2;103.1;109.2;108.8;96.3;102.2;97.6;94.0;100.0;101.7;105.6;103.2;106.8;103.1;119.7;131.9;144.7
LUBELSKIE;12'2019;107.5;110.6;103.6;112.4;94.6;98.8;99.3;128.9;105.5;120.4;101.8;127.4;103.3;91.7;100.3;101.5;103.2;99.2;104.1;85.9;104.5;102.4;155.7;101.7;95.6;92.5;122.1;161.7;117.8;105.7;98.6;107.0;102.6;102.2;104.7;104.0;98.9;108.7;102.0;102.9;101.9;111.7;102.9;93.9;101.9;106.0;99.5;106.7;108.9;98.8;101.2;111.6;110.8;92.8;104.9;100.8;98.6;100.0;100.6;105.6;102.4;106.8;102.0;120.7;131.9;144.7
LUBUSKIE;01'2019;104.5;122.9;112.9;109.1;90.3;99.4;104.3;96.9;100.8;91.1;96.2;106.1;102.1;104.7;98.9;102.1;106.8;93.7;101.2;102.3;94.9;102.0;61.4;101.0;88.4;141.1;145.7;145.0;82.4;105.5;111.7;109.7;100.7;97.2;101.1;93.1;97.5;101.9;110.3;107.1;89.4;97.7;101.6;116.3;102.0;103.1;98.3;99.9;108.2;96.2;94.0;104.8;108.1;101.3;117.3;101.3;108.0;100.0;99.5;104.4;102.4;107.5;104.1;97.5;109.9;107.8
LUBUSKIE;02'2019;104.8;116.7;113.6;117.5;90.5;94.1;102.5;99.9;102.8;94.6;101.5;106.7;102.6;88.3;95.7;99.6;102.9;97.0;103.0;106.6;98.5;99.3;61.8;99.6;92.1;145.7;165.7;165.2;93.0;110.5;116.7;107.1;103.6;98.6;101.1;93.1;97.5;101.9;93.8;107.1;90.7;94.2;101.2;117.4;102.0;103.1;98.3;102.7;107.5;108.3;96.6;101.8;108.5;102.0;114.9;102.2;108.9;100.0;99.5;104.8;102.1;109.7;104.6;100.0;106.7;107.8
LUBUSKIE;03'2019;105.7;114.3;113.1;127.9;88.0;95.9;99.4;103.1;112.0;98.0;101.9;102.7;102.6;0.0;94.4;101.6;107.5;93.1;102.4;109.1;98.7;98.9;61.4;105.0;81.6;139.3;173.3;188.1;97.1;107.5;115.7;98.1;101.1;99.5;102.3;94.3;96.1;106.3;103.7;107.1;92.6;105.6;101.2;118.8;102.0;103.1;100.4;102.2;106.7;99.7;105.5;101.8;104.4;102.6;114.9;103.5;110.7;100.0;99.5;104.8;103.8;116.7;105.7;99.3;106.7;104.0
LUBUSKIE;04'2019;107.1;114.3;112.7;124.1;90.7;97.6;94.6;120.0;104.3;93.8;102.8;116.1;100.2;0.0;98.8;101.2;106.1;94.6;102.4;116.8;100.0;93.1;63.8;97.1;98.3;118.8;174.2;209.8;107.0;112.6;105.7;111.0;98.9;99.2;102.3;106.5;97.5;106.3;110.6;107.1;94.3;104.4;101.2;118.8;102.0;103.1;98.7;102.2;106.2;99.0;102.4;102.6;104.5;103.7;114.9;105.9;109.5;100.0;99.5;104.8;103.8;116.7;104.2;120.3;108.5;107.3
LUBUSKIE;05'2019;104.8;114.3;112.7;123.0;94.1;101.0;91.2;123.0;106.8;91.6;105.3;113.1;100.2;0.0;100.8;100.8;107.1;96.6;104.9;105.8;102.8;101.5;69.0;106.0;84.5;122.9;213.1;233.3;119.0;101.7;101.9;99.7;100.7;99.2;101.9;105.3;98.6;105.8;97.8;107.1;96.0;104.5;101.9;118.8;102.0;103.1;96.9;102.2;103.8;100.6;101.0;100.7;104.5;103.3;114.9;103.8;103.4;100.0;99.5;104.8;105.9;116.7;102.5;120.1;108.5;107.3
LUBUSKIE;06'2019;101.1;114.3;112.7;119.2;94.1;94.1;96.0;110.6;103.3;99.0;108.8;118.4;100.2;0.0;101.9;105.0;103.9;99.0;104.9;105.2;104.8;102.1;71.5;112.3;85.9;89.2;183.5;200.0;120.0;102.2;103.7;104.0;103.2;99.4;100.0;110.0;97.9;101.7;100.8;107.1;98.5;102.2;101.9;117.2;100.9;103.1;98.0;102.2;104.1;100.3;101.5;98.3;104.5;97.1;114.9;103.5;103.0;107.5;99.5;108.6;104.8;118.1;103.1;123.6;115.0;115.1
LUBUSKIE;07'2019;109.5;112.0;114.2;120.3;92.1;95.4;100.9;114.7;106.1;92.8;105.5;118.9;99.3;0.0;101.2;102.0;104.5;106.3;102.5;94.6;108.1;108.8;74.7;116.8;95.0;106.1;172.0;213.2;131.0;107.7;103.2;100.0;103.2;99.2;94.3;110.0;97.9;108.3;83.0;104.1;103.6;102.7;101.9;117.3;101.5;103.1;98.8;102.2;102.2;100.3;100.7;101.2;103.3;96.7;114.9;101.2;100.8;107.5;96.8;108.6;104.4;118.1;101.6;122.8;124.8;125.3
LUBUSKIE;08'2019;101.7;112.0;112.9;119.3;97.4;97.4;96.0;117.6;100.6;91.6;101.6;119.3;104.2;0.0;102.4;99.6;104.1;107.0;101.8;92.1;105.5;109.5;94.6;111.3;90.8;116.0;132.7;200.0;118.7;117.1;105.0;103.2;104.4;99.4;94.3;113.0;97.9;108.3;75.5;104.1;101.8;96.7;101.9;118.9;101.3;103.1;100.3;102.2;104.4;101.1;103.8;99.3;103.3;97.1;117.2;100.2;100.2;107.5;96.8;108.6;105.1;123.7;100.5;140.2;124.8;125.3
LUBUSKIE;09'2019;98.1;103.7;110.5;118.6;96.5;101.5;93.4;110.3;101.1;97.1;110.8;117.9;106.2;0.0;100.0;104.6;104.3;104.8;105.5;85.5;102.5;110.8;133.1;103.4;74.4;108.6;151.0;211.4;121.6;113.1;96.5;94.9;106.5;99.1;96.3;121.1;107.0;108.3;87.3;102.2;100.9;102.6;101.9;117.7;101.7;103.1;101.4;104.0;97.4;112.5;101.0;96.7;106.0;99.4;114.8;97.7;99.0;107.5;96.8;104.0;106.6;123.7;98.0;162.5;124.8;125.3
LUBUSKIE;10'2019;98.6;103.6;109.1;120.1;99.1;99.8;95.2;110.3;105.9;94.4;105.3;115.8;103.5;0.0;96.6;102.9;105.7;105.9;101.8;83.7;103.5;108.7;145.9;88.4;109.9;100.0;131.7;182.2;123.5;110.7;106.8;96.2;101.4;99.9;99.1;119.6;106.6;108.2;98.8;106.7;105.1;100.5;100.0;120.8;101.7;103.6;101.4;104.0;98.3;111.4;103.2;99.2;102.9;98.4;114.8;96.7;97.1;107.5;100.7;102.5;106.2;120.0;99.5;122.4;124.8;125.3
LUBUSKIE;11'2019;99.4;107.3;103.2;116.5;98.2;102.0;99.2;108.9;104.5;99.6;112.0;120.1;103.0;99.8;102.3;102.5;107.0;102.5;103.0;83.5;106.5;108.0;162.4;101.3;131.8;86.5;114.8;167.4;118.3;106.3;103.8;99.5;104.9;101.2;96.6;119.3;106.6;105.1;76.1;106.7;97.5;102.3;100.0;110.9;101.7;100.4;101.6;102.8;95.5;110.3;100.5;98.6;100.4;99.5;109.3;96.5;94.2;107.5;100.7;100.3;105.4;122.7;111.5;133.0;124.8;125.3
LUBUSKIE;12'2019;97.5;105.4;104.0;112.0;99.6;99.3;96.5;120.7;107.6;96.2;105.8;114.4;105.0;101.5;104.7;104.5;106.1;98.6;97.6;82.3;106.5;106.0;148.7;110.9;119.7;88.1;110.5;165.6;122.6;98.9;106.9;98.7;104.7;102.0;96.6;120.0;107.0;115.7;97.8;104.0;104.4;115.7;100.0;108.2;101.7;101.1;102.2;105.1;94.8;110.9;98.5;99.3;100.4;98.2;109.3;100.0;97.9;107.5;92.1;100.6;107.1;122.7;105.4;122.6;124.8;125.3
MALOPOLSKIE;01'2019;98.7;115.2;112.1;99.2;100.0;103.9;100.9;104.1;89.7;95.3;98.9;101.4;93.7;124.1;93.9;99.6;98.8;98.2;100.5;103.8;91.2;97.5;54.4;94.3;96.9;171.4;187.9;162.7;91.9;105.1;104.5;103.1;109.9;100.1;94.2;102.9;103.8;101.6;92.6;101.7;101.1;102.1;100.5;103.2;102.6;101.1;99.6;105.0;105.1;107.9;106.8;96.5;92.9;98.9;108.1;100.2;108.4;101.8;103.4;103.1;102.4;104.7;105.6;94.0;109.7;110.7
MALOPOLSKIE;02'2019;96.8;113.0;113.4;98.4;100.0;103.3;99.1;104.6;97.0;95.6;94.7;101.6;97.8;124.9;94.2;102.3;101.6;99.5;104.4;116.4;92.2;99.8;56.1;89.7;89.3;168.9;214.6;182.1;103.5;107.7;102.6;101.2;112.6;98.0;91.8;106.7;106.2;100.4;94.9;102.8;102.0;108.3;100.5;102.8;102.6;101.1;99.7;105.4;105.1;107.5;109.6;93.3;94.1;98.9;118.4;100.9;108.9;101.8;103.2;103.1;102.8;104.7;102.5;104.1;109.7;110.7
MALOPOLSKIE;03'2019;97.9;110.6;113.8;105.9;98.9;102.5;99.0;100.1;101.3;94.1;95.7;102.0;100.2;0.0;97.8;105.1;101.6;96.1;102.2;103.2;104.8;100.8;54.4;95.2;91.9;157.9;227.4;209.3;116.2;106.3;99.1;111.0;109.6;99.4;91.5;106.7;104.0;101.6;94.3;103.1;102.4;105.9;100.5;103.7;102.6;101.1;99.8;103.0;104.6;108.3;109.1;97.5;104.8;99.4;117.3;103.0;111.9;101.8;103.2;103.6;108.4;102.3;101.0;114.7;111.0;114.6
MALOPOLSKIE;04'2019;101.3;106.1;115.1;105.0;98.9;102.6;100.2;112.6;104.7;94.8;95.5;104.6;100.2;0.0;95.6;103.5;99.0;94.9;109.4;105.5;97.1;102.0;53.1;91.7;93.2;117.1;232.7;217.7;126.6;100.0;101.3;105.0;106.2;99.4;93.5;106.7;93.2;102.7;90.6;103.1;103.0;103.3;100.5;103.5;102.6;101.1;98.6;102.4;102.6;106.9;104.5;98.3;104.9;101.3;117.3;106.7;110.9;101.8;103.2;103.6;109.1;102.3;101.0;109.3;115.9;116.9
MALOPOLSKIE;05'2019;101.9;108.2;118.5;104.5;98.9;101.8;100.6;117.2;104.0;95.9;110.7;107.0;100.3;0.0;98.5;101.5;99.2;106.7;106.5;94.9;100.8;102.5;53.3;92.7;76.2;108.3;269.2;257.5;128.2;92.9;99.9;107.0;105.6;99.3;94.3;106.7;97.5;105.5;88.9;104.5;99.6;104.0;103.9;103.5;103.1;100.3;98.4;102.4;102.6;106.1;104.5;97.1;103.4;101.1;117.3;104.4;104.8;108.2;103.2;101.7;109.1;102.3;103.0;110.8;113.1;114.7
MALOPOLSKIE;06'2019;103.5;108.2;117.9;107.1;100.0;101.8;98.1;111.8;98.3;96.5;108.0;105.4;101.0;0.0;99.6;102.7;100.6;107.1;105.9;81.7;96.5;103.0;56.6;95.8;67.8;90.0;243.9;175.6;128.6;101.0;99.9;105.1;106.1;99.2;92.8;107.4;96.4;105.0;85.4;105.7;99.8;104.1;107.5;101.5;104.4;100.6;99.8;102.4;102.4;106.1;105.1;96.8;104.7;98.9;115.5;102.7;102.6;108.2;106.2;101.6;109.1;102.3;100.5;120.3;123.5;126.1
MALOPOLSKIE;07'2019;104.6;110.2;110.8;105.4;96.0;101.8;106.2;112.7;99.1;96.0;111.5;111.7;99.4;0.0;99.3;103.5;100.1;106.3;101.0;78.4;97.8;107.4;66.7;96.0;69.0;98.0;191.0;246.8;138.5;100.5;100.8;102.8;108.1;98.9;98.5;107.9;103.3;105.0;85.5;105.7;105.0;101.9;108.6;93.6;104.7;100.6;100.6;103.9;103.4;104.9;105.7;100.3;103.3;100.0;117.8;101.2;100.8;108.2;105.8;102.1;109.1;104.2;100.5;128.2;123.5;126.1
MALOPOLSKIE;08'2019;106.1;108.0;110.0;100.0;102.3;102.5;104.5;112.0;99.9;98.2;93.9;113.7;104.6;0.0;99.3;102.7;100.4;105.2;101.0;80.8;102.0;103.0;95.0;91.7;68.9;96.5;134.7;211.6;129.4;105.2;101.5;101.0;104.1;99.1;102.7;107.9;107.3;105.0;85.4;105.7;108.5;103.2;106.5;93.6;103.2;100.6;99.0;103.2;103.4;102.8;104.1;102.6;103.5;98.9;117.8;100.4;100.8;108.2;105.8;102.6;109.1;103.0;100.5;115.9;129.0;126.1
MALOPOLSKIE;09'2019;106.5;108.0;110.0;100.8;101.2;100.6;106.1;111.5;99.7;102.2;99.9;112.8;106.9;0.0;101.5;101.9;101.3;103.9;100.0;78.7;106.4;102.8;146.6;95.6;74.4;88.1;139.1;195.2;124.3;107.2;102.4;105.5;104.9;99.1;105.0;108.3;99.6;105.0;90.0;105.7;98.7;102.9;106.5;92.1;103.2;100.6;99.5;103.2;103.4;102.8;106.3;103.3;103.5;98.3;128.2;97.9;99.2;111.5;105.8;102.6;106.8;103.0;100.0;126.9;129.0;126.1
MALOPOLSKIE;10'2019;102.2;103.8;109.5;106.7;102.7;103.8;105.6;109.7;95.4;101.2;108.4;109.4;107.5;0.0;100.4;101.1;99.6;104.3;102.6;78.6;101.1;99.5;145.4;96.8;94.9;78.4;119.6;187.1;124.2;100.5;105.0;101.0;103.8;99.4;105.6;108.3;100.6;107.1;95.3;107.6;102.3;103.0;109.2;92.0;103.2;100.6;98.2;101.1;103.4;100.8;110.0;103.1;102.1;98.0;126.0;96.5;96.3;103.5;104.6;102.6;108.2;98.8;100.0;117.2;133.3;132.4
MALOPOLSKIE;11'2019;101.9;101.9;109.0;104.0;103.5;101.0;107.3;110.0;102.3;103.8;115.8;112.0;108.2;104.5;101.1;103.0;100.4;104.9;104.9;79.4;103.4;101.4;183.4;104.9;115.4;74.9;97.3;177.5;127.4;105.5;102.8;104.5;101.0;100.8;101.8;108.0;101.3;107.6;97.8;106.8;101.2;106.2;108.2;90.2;103.2;100.6;98.3;102.2;103.4;100.8;104.5;104.0;105.3;100.6;125.4;97.0;93.6;103.5;104.6;101.1;106.8;98.8;104.9;115.7;133.3;132.4
MALOPOLSKIE;12'2019;104.3;98.1;104.7;99.2;99.6;101.3;106.9;120.9;120.6;111.2;114.1;111.0;110.2;96.7;102.6;102.6;103.9;105.3;110.0;84.3;104.7;107.2;175.7;110.4;116.0;78.7;100.4;157.3;122.5;101.0;98.6;96.6;100.7;101.4;101.5;101.3;99.3;107.6;95.0;105.9;101.6;103.7;109.5;92.4;103.2;101.4;99.2;102.2;103.4;100.8;102.4;100.5;105.4;102.7;125.4;102.9;98.6;110.2;105.5;101.7;106.8;99.3;103.4;121.3;133.3;132.4
MAZOWIECKIE;01'2019;102.0;110.3;107.9;94.9;109.3;105.2;101.1;99.2;96.0;105.1;99.8;99.0;97.2;103.5;100.4;101.2;100.4;99.2;97.7;99.8;93.4;101.3;61.1;94.8;99.2;146.1;164.1;154.7;100.9;102.4;100.5;102.7;102.1;99.9;86.8;94.9;79.5;100.8;104.8;103.9;103.2;98.5;102.1;102.1;97.6;92.5;101.2;101.1;103.4;99.5;101.3;100.8;109.4;99.1;104.0;102.5;110.1;101.2;102.1;106.2;102.3;101.9;95.6;108.9;109.2;116.1
MAZOWIECKIE;02'2019;103.8;107.5;111.7;95.3;109.1;103.9;102.5;95.9;100.9;102.8;101.0;99.1;101.4;102.5;100.0;101.2;102.6;102.7;99.4;102.4;94.9;101.6;59.4;94.3;94.2;132.9;189.0;165.6;105.3;99.7;102.7;97.2;107.4;99.7;88.1;95.1;80.6;101.6;96.4;103.7;100.2;98.8;103.3;104.7;97.6;91.4;101.5;101.3;106.6;98.6;104.1;100.1;104.0;99.4;103.6;103.6;111.1;102.2;101.3;106.7;103.5;104.3;99.5;103.0;110.7;116.1
MAZOWIECKIE;03'2019;103.6;110.3;111.0;100.0;104.3;102.2;101.0;96.3;103.4;105.8;99.7;97.3;105.3;0.0;98.2;102.8;101.8;105.4;102.4;102.0;96.4;101.4;52.8;95.1;92.2;133.8;194.2;186.7;114.8;101.9;100.4;101.3;107.7;98.5;97.3;103.0;94.5;101.0;96.4;104.1;95.5;95.4;104.5;106.1;97.3;91.4;101.4;101.3;107.0;95.1;103.6;100.9;100.9;98.9;103.6;104.5;112.2;98.8;100.5;103.8;102.3;104.9;100.0;101.6;110.4;116.5
MAZOWIECKIE;04'2019;104.8;110.3;112.1;103.5;101.5;100.9;101.3;108.8;103.4;106.2;97.8;99.5;100.3;0.0;100.0;100.0;101.9;104.1;102.4;98.2;102.0;102.4;49.8;95.3;93.3;112.6;211.6;194.6;127.4;100.3;99.9;100.5;106.5;98.1;92.9;103.0;92.7;102.4;97.5;105.4;97.1;98.0;104.5;100.2;97.8;93.0;100.8;100.1;107.0;95.2;99.6;100.8;100.9;96.7;103.6;107.5;109.7;98.8;100.5;103.8;103.5;104.5;103.0;102.8;122.7;130.2
MAZOWIECKIE;05'2019;103.5;110.3;114.5;107.5;103.1;102.1;102.0;111.5;105.4;110.2;102.4;102.1;102.7;0.0;99.3;105.6;99.3;107.4;101.2;98.8;102.9;102.9;54.0;96.8;89.8;105.4;232.3;199.4;127.3;101.3;100.8;94.8;105.1;98.4;86.0;103.3;92.7;103.7;100.3;105.2;97.3;99.9;104.5;101.2;97.8;93.0;101.0;100.1;105.7;95.2;98.9;101.5;101.7;97.4;102.8;104.2;104.2;99.4;100.5;103.8;105.8;104.5;103.6;105.4;122.7;130.2
MAZOWIECKIE;06'2019;102.8;110.3;114.5;111.1;104.2;99.0;103.4;113.9;100.3;111.1;102.1;101.4;104.4;0.0;101.1;103.2;101.6;105.9;98.8;89.8;103.1;100.0;58.2;99.7;79.1;90.5;241.0;206.9;128.4;105.6;98.5;96.6;105.4;99.2;92.6;103.2;94.8;105.7;98.2;104.6;97.7;102.5;109.1;100.7;102.3;91.5;101.6;99.7;99.2;96.2;102.1;103.3;101.1;98.9;103.6;103.9;102.6;99.7;101.3;103.8;105.8;104.2;104.6;108.8;122.7;130.2
MAZOWIECKIE;07'2019;110.7;112.8;115.0;106.9;103.9;97.6;102.6;115.2;99.6;109.3;105.5;100.5;106.4;0.0;100.4;101.6;102.2;104.8;98.8;85.3;95.5;99.5;64.2;90.3;80.2;100.6;192.5;203.2;138.3;105.5;98.5;97.1;105.1;99.2;93.8;100.6;95.8;103.3;98.2;105.4;96.4;98.2;107.4;103.6;101.7;96.8;102.9;100.1;103.8;97.5;99.8;103.3;101.3;98.1;103.9;101.8;101.4;100.6;101.4;103.5;105.0;106.1;100.5;111.8;127.8;135.8
MAZOWIECKIE;08'2019;110.9;112.8;110.6;113.6;102.3;96.6;100.0;115.6;97.7;109.9;105.9;104.7;109.3;0.0;100.0;102.7;105.1;104.7;101.8;81.4;92.7;100.5;96.8;99.2;76.6;109.1;151.0;204.7;133.8;111.3;96.7;95.9;107.0;99.2;94.8;100.0;97.3;103.6;95.7;104.1;96.4;97.3;107.3;103.2;102.0;96.8;101.3;101.1;103.8;97.9;97.1;104.4;102.5;100.8;104.7;101.0;101.4;100.6;103.0;103.5;106.7;106.6;101.5;113.7;139.9;152.1
MAZOWIECKIE;09'2019;109.5;112.5;109.6;114.2;102.7;95.7;100.0;115.9;98.2;111.0;105.2;102.7;109.1;0.0;100.7;100.8;105.0;99.9;102.9;85.8;95.1;106.0;134.0;93.6;74.6;101.9;139.4;189.7;133.5;105.7;99.2;95.6;102.0;99.2;101.1;103.9;99.0;107.7;96.0;104.1;96.6;97.2;108.6;102.1;101.7;96.8;98.1;100.2;103.6;96.2;97.1;106.3;104.7;104.4;104.3;97.9;99.0;101.5;103.0;103.8;109.8;106.4;99.5;108.6;139.9;152.1
MAZOWIECKIE;10'2019;110.0;112.5;109.4;111.4;101.9;97.8;98.7;113.6;101.4;110.4;109.6;107.3;110.2;0.0;99.7;101.1;106.6;98.5;102.9;86.1;95.4;101.8;141.0;95.5;96.7;93.5;141.7;173.6;128.2;108.0;97.1;97.8;102.0;99.7;101.1;101.5;96.9;108.2;95.9;104.0;100.9;98.3;111.9;102.9;101.7;95.6;97.2;101.5;103.9;98.4;96.8;104.3;110.9;102.5;105.4;96.7;96.5;101.5;103.0;102.1;109.8;106.9;105.0;105.1;142.9;155.0
MAZOWIECKIE;11'2019;107.3;109.8;105.7;112.5;102.6;97.0;100.9;117.0;104.1;110.3;111.7;107.9;112.3;95.1;100.4;102.3;104.6;97.9;102.9;87.7;95.8;105.7;162.9;104.7;107.8;87.3;116.6;167.3;128.7;109.3;99.1;100.0;102.3;100.6;100.3;104.3;95.8;106.6;99.0;104.4;96.4;98.9;111.2;102.6;101.9;96.6;98.3;101.5;103.5;101.6;96.8;103.8;108.7;102.1;105.8;97.1;93.6;101.5;102.0;97.9;109.8;106.3;109.7;117.0;142.9;155.0
MAZOWIECKIE;12'2019;106.0;107.0;106.9;115.4;100.0;97.2;103.3;126.7;106.5;108.6;115.6;110.7;116.2;101.5;102.8;102.7;104.2;106.3;102.3;86.5;101.6;101.4;168.7;110.5;110.4;90.7;111.9;154.1;117.7;110.1;98.7;104.8;104.8;100.9;94.3;101.4;96.2;106.7;96.6;104.2;96.1;100.1;112.3;107.0;101.9;96.6;98.2;101.5;102.2;101.3;94.9;101.8;107.5;102.1;107.1;100.6;97.7;101.5;102.0;97.9;109.8;107.1;108.7;106.6;142.9;155.0
OPOLSKIE;01'2019;96.1;106.0;113.2;97.8;112.3;104.3;99.1;102.9;97.4;108.0;104.2;95.3;102.3;0.0;93.5;102.8;99.4;98.7;98.3;103.7;94.0;100.0;55.7;75.0;100.8;149.5;157.3;144.4;92.8;101.1;112.8;110.8;109.4;96.5;111.5;119.5;102.0;109.5;116.4;113.8;104.7;100.6;104.9;91.9;103.1;94.5;96.1;99.8;100.7;100.6;98.4;87.1;104.4;99.5;106.6;103.4;109.5;100.0;100.0;110.2;110.0;107.1;114.4;85.5;108.3;111.5
OPOLSKIE;02'2019;97.5;106.0;111.9;100.4;116.7;104.1;99.6;102.2;97.6;108.0;104.2;101.2;109.3;0.0;97.7;100.0;97.0;103.3;96.2;105.9;98.2;104.2;54.4;87.9;110.1;129.8;162.2;167.9;116.8;106.7;115.6;103.3;104.0;97.5;108.5;107.4;102.0;109.5;98.8;113.8;103.9;100.6;103.0;99.9;103.1;94.5;97.7;99.6;100.7;111.5;100.0;87.7;104.4;100.7;112.3;105.6;112.1;100.0;100.0;110.7;106.1;104.9;104.2;112.0;117.2;111.5
OPOLSKIE;03'2019;96.1;108.3;111.9;113.9;115.5;104.3;100.4;97.7;103.6;108.0;103.7;102.0;107.0;0.0;101.9;96.8;97.0;105.2;96.7;98.8;100.5;105.4;54.1;88.5;99.2;131.6;182.9;180.5;122.7;103.4;108.4;112.8;106.5;97.5;122.4;118.8;101.3;108.4;107.5;113.8;101.5;98.2;103.0;99.9;103.1;94.5;97.6;99.9;103.3;99.7;100.0;89.9;104.4;100.3;112.3;104.8;112.8;100.0;100.0;110.7;106.1;102.7;98.5;100.7;128.7;129.3
OPOLSKIE;04'2019;98.9;108.2;111.9;106.3;115.5;104.3;101.3;111.9;104.5;109.5;104.2;100.2;105.5;0.0;101.1;95.5;98.2;99.4;97.8;100.2;93.3;100.8;52.0;92.4;93.2;116.8;182.5;191.5;125.3;109.2;114.3;98.9;105.0;97.5;105.7;115.3;102.0;103.6;94.5;113.8;101.5;98.2;103.0;100.0;103.1;100.9;99.3;99.8;103.3;92.5;100.6;86.8;102.8;100.3;116.7;110.5;111.5;100.0;100.0;110.7;106.1;102.7;104.2;95.3;128.7;129.3
OPOLSKIE;05'2019;104.5;104.1;115.0;115.0;113.3;105.4;108.3;117.6;103.9;110.0;103.2;105.6;108.1;0.0;104.2;108.7;98.2;103.1;101.1;87.2;90.9;104.3;49.7;86.5;80.0;113.9;208.9;225.2;122.2;109.8;110.7;94.5;102.8;99.1;105.7;115.3;102.0;109.5;107.3;110.1;103.1;103.1;103.0;103.5;103.1;105.4;98.9;100.0;103.3;95.1;100.9;96.8;102.8;100.5;116.7;104.4;104.9;100.0;100.0;110.7;106.1;102.7;100.0;117.2;128.7;129.3
OPOLSKIE;06'2019;104.5;112.2;117.8;119.4;116.3;102.2;107.9;116.4;103.0;110.2;103.2;106.6;104.9;0.0;103.4;109.2;98.2;101.3;103.4;76.7;93.6;107.8;57.1;93.8;69.6;98.1;182.4;184.9;129.1;106.8;110.8;100.6;106.3;99.6;105.7;101.3;103.9;112.2;120.7;107.8;103.1;100.6;103.0;104.5;103.6;106.6;99.1;101.1;103.3;95.0;98.0;96.1;102.8;97.7;116.7;104.4;103.4;100.0;100.0;109.7;105.7;102.7;103.9;141.8;128.7;129.3
OPOLSKIE;07'2019;105.6;107.8;116.4;110.3;117.3;102.7;103.8;106.6;104.5;110.2;105.4;108.9;109.5;0.0;103.4;103.2;101.6;102.8;98.3;82.2;93.6;112.5;58.7;89.5;75.4;97.8;171.9;189.1;130.8;104.9;106.3;99.4;105.9;99.6;105.7;103.6;103.2;106.6;116.3;107.8;100.8;95.6;103.0;104.5;102.0;106.6;99.4;98.3;103.3;118.6;100.8;95.3;103.5;97.7;116.7;102.2;101.8;100.0;100.0;109.7;106.1;102.7;97.8;125.3;135.1;140.7
OPOLSKIE;08'2019;104.8;114.3;115.5;100.4;114.5;101.0;102.9;104.4;102.8;104.2;106.3;112.2;103.4;0.0;104.3;104.1;103.1;105.6;100.0;83.5;88.8;110.4;89.0;99.3;73.7;103.2;170.5;215.0;130.3;108.6;105.8;107.2;107.0;99.8;103.5;103.6;105.2;111.0;96.1;107.8;100.8;95.6;103.0;98.2;102.0;106.6;99.0;100.1;103.3;95.0;107.3;100.9;103.5;98.3;116.7;102.2;102.4;100.0;100.0;109.7;106.1;102.7;100.0;120.2;130.9;136.8
OPOLSKIE;09'2019;104.8;112.0;111.6;105.4;109.8;101.0;102.9;113.6;101.1;105.1;103.2;113.6;99.9;0.0;107.9;101.8;99.6;98.2;100.6;78.2;107.0;115.8;127.3;87.1;75.1;101.2;144.6;197.9;126.1;107.6;104.5;106.8;108.4;99.8;98.8;102.0;103.9;105.4;95.0;107.4;85.4;94.8;103.0;98.7;100.3;108.6;99.0;99.2;103.3;98.4;109.3;96.6;103.5;98.3;116.7;98.8;100.0;100.0;100.8;103.6;106.1;102.7;91.5;106.1;130.9;136.8
OPOLSKIE;10'2019;107.8;105.7;104.2;104.8;111.9;101.0;99.6;111.7;101.1;105.1;105.9;112.5;107.7;0.0;102.6;98.6;100.9;100.0;106.4;84.3;96.2;111.5;151.8;91.2;85.5;91.9;144.4;185.8;126.1;92.6;110.6;114.6;108.1;100.8;101.0;104.9;103.2;103.3;107.9;108.0;84.0;94.8;103.0;99.6;100.3;108.6;99.6;100.4;103.3;94.9;111.7;96.6;103.5;93.7;116.7;97.5;97.9;98.2;100.8;103.6;102.8;102.7;101.5;109.9;130.9;136.8
OPOLSKIE;11'2019;112.0;100.0;103.1;125.4;120.1;100.4;102.9;120.7;104.3;105.1;106.8;111.4;108.6;84.2;106.9;98.6;100.1;107.4;102.8;78.2;99.7;108.7;175.9;94.1;95.7;88.3;115.1;186.5;124.4;100.3;109.2;104.3;105.2;105.3;75.9;95.7;103.2;100.9;101.1;108.0;86.0;91.2;103.0;97.4;101.0;108.6;100.5;98.5;106.7;93.5;112.5;98.7;103.5;90.4;116.7;97.0;93.2;98.2;100.8;103.6;109.7;102.7;105.5;110.6;130.9;136.8
OPOLSKIE;12'2019;110.5;103.6;105.2;108.4;120.2;102.1;103.4;120.3;108.8;107.7;114.0;105.5;100.8;95.1;104.9;106.7;100.4;100.2;107.9;83.5;119.5;113.9;175.2;103.2;96.1;88.8;104.5;163.9;122.6;101.8;109.4;100.3;103.1;105.3;69.6;85.8;103.2;103.7;111.1;108.0;86.0;98.4;103.0;99.7;101.0;108.6;100.0;97.9;108.0;91.0;125.8;94.2;103.2;85.1;114.2;100.6;99.4;98.2;101.3;104.0;106.1;102.7;105.5;136.0;130.9;136.8
PODKARPACKIE;01'2019;98.5;112.8;110.3;111.4;98.6;106.8;104.3;99.4;93.2;97.6;101.8;100.1;102.0;105.8;94.2;98.9;100.5;101.2;98.4;106.2;100.0;102.9;48.7;103.0;92.7;156.3;165.2;149.1;88.2;100.5;104.5;104.5;105.1;97.0;99.6;89.8;100.3;104.1;91.9;103.4;104.5;102.9;100.6;114.2;103.4;100.6;97.9;97.6;103.9;107.1;98.9;104.2;101.4;104.0;108.5;100.8;108.6;102.1;100.6;101.8;111.9;110.8;106.2;105.0;122.1;121.0
PODKARPACKIE;02'2019;99.5;112.8;109.8;111.8;102.5;107.5;104.7;97.0;92.6;96.6;95.7;98.5;96.7;89.9;100.0;100.0;101.1;97.9;101.6;106.9;102.4;99.1;50.7;104.9;94.8;146.6;190.5;158.0;111.7;103.0;103.9;104.8;105.4;96.4;99.6;90.7;100.3;104.1;85.6;103.4;104.9;102.9;100.2;114.2;103.4;100.6;98.6;97.6;103.9;106.7;100.3;106.0;101.1;102.0;108.5;103.0;110.5;103.4;101.6;101.8;109.8;110.8;104.0;98.7;116.5;121.0
PODKARPACKIE;03'2019;100.3;115.4;109.8;116.4;103.6;107.5;109.2;100.4;98.0;100.4;96.2;98.0;96.4;0.0;97.5;98.2;100.9;98.6;100.5;97.0;105.4;101.9;50.6;99.8;88.1;132.9;200.5;175.0;115.3;101.4;106.3;100.2;104.6;97.5;99.0;101.6;101.3;106.4;90.9;103.4;109.6;103.8;100.2;114.0;103.4;100.6;99.7;97.6;103.6;103.4;101.5;106.2;101.2;101.1;108.5;103.9;113.4;103.4;101.6;101.8;109.3;109.0;104.0;104.1;126.1;132.6
PODKARPACKIE;04'2019;102.8;112.5;111.3;107.2;102.1;105.0;107.2;103.2;103.5;102.2;95.2;101.0;103.1;0.0;94.4;97.8;100.4;96.8;101.1;95.5;97.0;100.0;45.8;101.0;88.2;116.0;199.5;187.7;121.3;102.5;101.2;103.5;108.3;97.5;99.4;101.2;102.0;107.1;93.1;102.9;109.9;103.5;99.8;112.4;103.4;100.0;99.8;97.8;102.7;101.1;101.9;108.0;101.3;102.7;106.5;109.1;112.0;101.3;101.6;101.2;109.3;107.9;106.1;109.8;140.2;154.7
PODKARPACKIE;05'2019;109.6;115.4;113.2;111.6;100.0;105.0;108.5;105.9;107.8;104.0;115.7;99.3;104.5;0.0;99.7;101.1;99.3;103.8;103.9;100.3;98.1;99.8;46.5;103.5;81.0;115.4;236.6;187.0;124.9;101.4;97.9;103.0;108.2;98.7;100.9;101.4;102.0;104.2;93.1;102.9;110.3;103.8;101.0;112.4;103.4;100.0;99.8;97.8;102.7;101.1;103.9;106.2;97.2;100.2;106.5;103.8;104.0;104.6;101.6;101.0;109.3;104.1;108.1;108.2;140.2;154.7
PODKARPACKIE;06'2019;106.8;112.5;113.7;109.3;100.0;105.5;109.2;107.8;104.3;102.4;103.0;100.9;101.1;0.0;101.4;98.2;100.0;105.1;102.2;90.1;95.7;100.5;50.8;105.7;76.4;92.0;246.0;168.1;127.6;93.8;98.1;105.2;110.1;98.9;101.3;101.7;102.0;105.5;94.2;103.2;104.6;102.6;101.0;112.9;103.6;100.0;99.6;97.8;102.7;101.5;102.8;105.2;97.2;99.8;106.3;103.7;103.6;104.6;101.6;101.0;109.3;105.0;107.6;110.5;144.7;159.2
PODKARPACKIE;07'2019;111.5;112.5;112.5;111.4;101.1;105.2;106.3;108.0;104.4;106.4;102.3;101.5;102.4;0.0;97.5;100.0;100.6;102.5;100.5;86.7;102.9;102.0;60.6;101.8;84.6;91.9;188.0;205.8;133.3;98.2;100.8;102.0;109.5;99.0;101.0;102.0;103.3;105.5;96.9;103.2;110.5;102.6;101.0;112.8;102.9;100.0;99.4;97.8;101.7;99.6;100.8;107.4;97.6;102.0;107.1;101.8;101.0;103.3;101.6;101.0;109.3;108.6;103.5;112.5;147.7;163.2
PODKARPACKIE;08'2019;113.8;109.8;111.5;102.6;101.1;105.1;99.4;108.4;102.8;105.2;109.2;102.0;106.2;0.0;99.3;99.3;100.9;104.6;103.3;86.0;103.1;103.1;94.4;92.7;76.7;108.8;152.4;244.1;129.5;98.6;100.3;102.5;109.5;99.5;101.0;102.0;103.6;105.0;95.2;103.1;109.1;102.6;101.0;100.1;102.9;100.0;98.4;98.5;100.5;99.2;98.7;109.7;99.4;104.2;107.1;100.8;100.4;105.8;101.6;101.0;109.3;108.6;103.9;125.4;147.7;163.2
PODKARPACKIE;09'2019;114.8;109.8;111.5;105.4;104.0;105.1;104.8;104.1;100.9;112.0;109.4;105.6;103.3;0.0;100.4;100.4;100.9;105.6;101.6;85.4;98.8;103.0;133.8;97.4;82.0;93.0;143.2;224.4;123.6;100.0;100.1;108.7;107.6;99.6;101.0;103.2;103.6;104.6;93.8;106.4;110.2;103.9;101.0;100.1;102.9;100.0;98.6;98.5;101.4;99.0;98.7;109.5;99.1;106.4;111.6;97.7;99.2;105.8;101.6;101.6;109.3;108.6;102.4;117.3;147.7;163.2
PODKARPACKIE;10'2019;114.2;112.2;112.3;103.4;106.3;109.7;104.5;109.7;97.4;108.4;110.8;106.8;102.9;0.0;101.4;99.6;104.7;99.5;101.1;84.8;99.6;101.9;138.1;99.5;110.3;86.7;123.5;208.1;126.0;103.3;100.4;98.8;102.4;100.6;101.4;103.0;102.6;100.8;98.6;106.4;110.2;103.9;101.0;97.7;102.9;101.2;98.7;98.1;101.3;97.0;98.7;101.7;99.1;101.8;106.7;96.9;96.5;105.8;101.6;101.6;109.3;106.9;103.9;123.2;147.7;163.2
PODKARPACKIE;11'2019;114.5;104.5;107.0;105.6;107.7;102.8;101.5;117.0;103.6;107.6;117.6;107.7;104.1;103.0;101.1;99.3;100.9;94.1;96.3;87.4;97.7;100.2;146.2;102.2;118.9;77.5;110.2;193.0;128.6;104.3;98.0;102.2;104.6;101.2;101.9;103.1;103.6;102.2;102.7;105.9;106.5;103.9;101.0;101.4;101.9;101.2;98.1;100.7;101.3;94.3;99.1;100.3;99.1;100.7;105.8;97.4;93.8;105.8;101.6;101.6;108.5;108.5;106.3;115.1;149.5;165.6
PODKARPACKIE;12'2019;113.8;104.5;105.2;108.6;108.4;98.5;101.1;119.1;106.7;108.2;116.7;112.3;105.9;101.3;101.8;101.1;97.9;98.8;100.5;83.8;95.3;105.0;158.4;96.3;97.0;80.9;100.0;177.4;119.2;101.6;100.3;100.7;103.8;101.2;104.6;104.2;103.9;100.2;106.0;107.4;111.4;104.8;101.0;101.4;101.9;101.2;98.0;100.7;101.4;95.1;105.9;99.5;102.4;100.0;105.8;102.0;99.4;110.4;101.6;101.6;108.5;108.5;105.3;112.2;149.5;165.6
PODLASKIE;01'2019;90.9;119.0;112.1;111.2;102.0;97.0;100.3;104.5;90.6;103.8;100.6;88.9;103.1;109.2;95.4;100.8;99.2;100.6;100.0;93.7;101.4;91.5;60.0;89.2;89.3;126.3;175.1;176.4;90.3;106.0;109.1;110.8;107.1;97.6;101.6;104.3;96.4;105.7;101.1;105.5;104.0;99.8;100.5;101.6;101.8;94.1;101.5;104.1;104.5;101.1;98.0;99.4;103.4;101.8;103.4;103.2;109.7;103.9;103.0;101.4;104.0;111.7;108.7;113.5;102.3;102.7
PODLASKIE;02'2019;93.5;109.3;114.7;120.2;100.8;100.4;101.3;101.7;96.6;100.4;95.6;90.9;104.6;109.4;93.8;102.6;99.2;95.3;100.5;110.2;118.4;98.1;59.3;91.0;90.7;125.7;186.6;189.9;109.1;104.9;105.1;104.3;106.1;100.3;101.6;106.4;96.4;105.7;107.8;107.4;104.4;99.8;100.5;91.0;101.8;94.1;104.0;104.1;104.0;100.6;96.8;96.7;102.9;103.7;103.4;105.2;111.9;103.9;103.0;101.8;104.0;113.5;103.4;102.8;102.3;102.7
PODLASKIE;03'2019;91.1;111.9;110.7;122.6;95.4;99.9;103.5;97.1;99.3;101.3;97.8;96.3;104.2;0.0;90.6;98.7;98.4;95.3;106.9;111.3;110.2;107.8;63.9;83.4;92.4;119.0;223.1;199.1;116.8;103.6;103.9;111.9;107.0;99.0;102.4;103.5;101.4;102.6;104.5;107.4;105.0;98.5;101.9;91.4;101.8;94.1;102.3;102.6;102.2;104.2;101.0;105.4;102.6;100.7;103.4;106.3;114.3;103.9;103.0;104.7;104.0;112.1;97.1;115.2;102.3;102.7
PODLASKIE;04'2019;94.7;109.3;109.7;117.3;96.5;102.4;104.2;114.4;106.9;105.8;98.6;97.3;104.2;0.0;96.6;99.6;98.4;97.4;104.0;103.0;111.8;102.2;61.9;96.8;86.3;108.7;229.0;205.7;119.2;106.9;103.4;108.6;105.3;99.0;102.4;108.2;101.4;103.5;94.7;108.9;105.0;98.5;105.7;92.4;101.8;98.2;102.4;104.6;104.2;102.3;96.8;101.5;102.6;99.0;102.2;110.4;112.4;103.9;103.0;104.7;104.0;114.4;97.1;117.7;115.8;127.7
PODLASKIE;05'2019;97.7;109.3;110.7;115.7;100.8;99.9;105.7;122.5;104.4;113.7;100.5;104.0;105.0;0.0;94.7;102.6;99.9;102.4;105.1;103.3;108.3;102.5;58.3;92.2;85.3;112.7;253.4;240.2;129.8;107.6;101.8;94.4;106.2;99.3;102.4;108.2;101.4;102.2;96.6;108.9;105.0;99.1;105.7;100.0;101.8;98.2;103.1;104.6;104.2;99.8;103.8;101.9;101.0;101.3;102.2;105.2;104.8;103.9;103.0;104.7;104.0;121.8;97.6;110.9;115.8;127.7
PODLASKIE;06'2019;102.2;109.3;112.8;122.2;98.4;99.9;105.9;117.4;103.6;109.5;99.9;105.7;105.0;0.0;95.9;103.0;98.8;99.2;102.2;92.4;114.2;112.9;59.6;94.1;80.7;96.8;271.8;209.4;124.2;106.0;102.7;101.6;105.4;99.4;102.4;110.4;101.4;103.4;95.9;108.9;109.2;106.2;105.7;99.7;102.7;98.2;103.8;104.6;103.3;99.7;97.9;100.1;103.3;98.9;102.2;103.1;102.6;103.9;103.4;104.7;104.0;121.8;101.5;113.9;115.8;127.7
PODLASKIE;07'2019;110.9;109.3;109.8;123.8;100.4;102.4;101.7;115.5;105.3;114.0;101.1;112.1;107.3;0.0;98.6;102.6;98.4;99.8;104.4;84.0;86.0;112.0;64.1;100.2;85.1;103.8;147.8;191.1;129.9;107.0;101.2;101.8;104.3;99.2;100.8;110.4;101.4;103.1;96.6;108.9;113.0;106.2;105.7;99.7;102.7;98.2;102.4;104.6;103.3;97.9;104.1;103.7;96.4;97.9;102.2;101.6;101.6;103.9;103.4;104.7;104.0;121.8;103.0;126.7;115.8;127.7
PODLASKIE;08'2019;106.8;109.3;105.1;119.3;107.3;101.9;102.5;112.2;95.8;111.7;97.3;115.0;107.2;0.0;102.5;100.4;96.4;102.5;98.9;76.9;85.7;104.5;82.2;93.4;77.5;113.2;150.2;192.3;126.9;107.0;98.5;101.6;103.0;99.6;100.8;113.9;104.2;104.2;96.6;108.9;113.0;106.2;105.7;101.2;102.7;98.2;102.1;104.6;103.1;99.3;105.5;102.6;96.4;96.7;103.3;101.0;101.6;103.9;105.2;104.7;103.2;124.1;102.9;118.1;115.8;127.7
PODLASKIE;09'2019;98.5;109.3;122.2;128.4;109.0;101.9;102.5;112.2;95.9;109.2;102.6;118.9;108.6;0.0;100.0;98.3;101.0;92.5;101.6;87.9;86.1;112.7;129.0;91.4;80.1;93.1;151.7;183.6;132.4;106.2;98.2;108.0;102.3;99.7;104.1;115.0;104.2;105.5;93.0;108.9;99.9;103.9;105.7;99.9;102.7;99.6;99.9;105.3;103.1;93.8;101.3;106.7;96.4;98.9;104.4;98.0;99.2;103.9;104.2;104.0;103.2;123.4;99.1;120.1;121.2;133.9
PODLASKIE;10'2019;108.4;104.4;119.0;133.0;109.7;96.6;104.0;107.4;100.2;109.7;107.1;115.6;108.3;0.0;99.0;98.7;101.9;92.9;99.5;89.9;89.9;108.7;136.4;86.5;135.3;92.8;129.1;186.1;128.8;100.5;98.7;107.0;99.3;99.7;104.1;109.9;102.7;105.3;89.2;108.9;104.9;105.1;105.7;99.5;102.7;99.8;96.7;105.3;101.2;94.8;103.2;105.0;97.6;98.3;103.3;96.7;96.5;102.1;103.6;104.0;103.2;121.3;102.8;108.8;129.3;144.5
PODLASKIE;11'2019;108.6;100.0;108.7;132.6;107.6;98.0;108.1;113.4;101.1;108.6;108.3;113.9;107.5;97.7;100.0;100.0;100.8;95.1;99.5;87.5;84.7;108.2;147.3;95.5;107.7;89.8;108.9;174.3;134.6;103.1;98.3;106.0;103.7;102.0;103.3;109.9;103.7;107.6;88.7;106.6;103.9;105.1;105.7;100.5;102.7;99.8;96.8;105.3;101.2;95.2;103.1;104.7;98.5;96.7;103.3;96.7;93.6;102.1;103.6;104.0;103.6;122.0;102.8;112.9;129.3;144.5
PODLASKIE;12'2019;105.3;104.3;108.6;131.0;103.2;96.6;106.1;131.2;112.3;120.9;110.1;120.9;107.0;102.3;105.3;108.6;98.1;93.8;99.5;87.5;86.6;113.0;157.6;98.0;110.2;91.3;111.9;166.7;126.6;99.7;99.3;102.4;108.0;102.8;101.3;110.9;100.0;107.6;88.7;107.8;103.1;105.1;105.7;100.1;102.7;98.6;97.5;102.5;104.0;93.2;101.5;102.4;95.9;97.6;103.3;101.2;99.2;102.1;102.4;102.0;104.0;120.0;102.8;110.5;129.3;144.5
POMORSKIE;01'2019;101.6;117.1;115.9;104.0;113.7;105.6;98.6;105.7;83.6;108.0;102.9;110.5;96.2;101.9;96.0;100.0;103.2;105.7;104.4;94.4;107.5;101.0;66.6;87.1;97.7;123.1;130.4;137.3;88.6;108.4;104.9;101.1;105.4;96.3;99.6;102.1;97.3;99.5;85.8;107.0;109.3;107.7;99.7;108.3;99.7;100.5;103.4;100.4;106.8;99.7;103.9;98.5;110.2;101.1;103.7;101.3;110.8;100.0;100.4;98.4;108.2;103.9;109.9;104.9;100.0;96.8
POMORSKIE;02'2019;104.9;111.6;114.4;99.6;117.3;102.5;93.8;107.2;87.6;107.4;101.9;109.8;86.1;105.0;97.6;103.0;106.4;107.3;101.1;103.8;110.8;102.7;68.1;82.7;97.2;122.4;151.0;148.2;103.0;111.1;106.0;103.2;103.8;98.6;99.6;105.6;97.3;99.5;88.7;105.8;111.1;109.8;99.3;106.7;99.7;100.5;102.3;100.1;106.8;97.4;101.3;100.3;110.1;103.4;103.7;103.0;112.1;100.0;100.0;98.4;107.8;101.7;104.1;93.1;100.0;96.8
POMORSKIE;03'2019;105.4;117.1;114.4;107.7;116.7;101.1;96.7;104.3;98.3;104.9;101.6;109.0;90.3;0.0;96.8;101.3;104.2;106.4;103.3;108.3;106.9;101.5;68.3;85.6;96.3;124.9;159.0;171.9;105.6;110.4;106.2;100.8;104.5;98.5;100.6;100.9;96.6;98.9;95.1;105.8;105.8;99.5;100.0;107.4;99.7;102.8;101.7;99.3;106.8;97.1;105.2;100.5;107.4;101.0;102.9;103.9;115.3;100.0;100.0;85.1;106.9;104.2;101.5;116.2;101.4;100.3
POMORSKIE;04'2019;99.2;114.3;114.4;101.5;117.6;103.3;95.8;112.5;97.5;102.9;103.7;111.5;89.2;0.0;97.1;95.4;97.4;103.8;103.3;97.1;102.5;101.5;65.5;88.6;82.0;109.3;157.8;178.8;119.5;107.6;103.5;95.0;105.2;98.6;101.1;105.4;101.7;98.7;92.0;106.7;101.3;96.1;101.5;104.8;99.7;102.8;99.8;101.7;104.5;98.2;99.6;99.6;110.6;102.3;103.3;108.6;111.8;101.8;100.0;84.9;108.5;104.2;100.0;118.8;103.5;102.1
POMORSKIE;05'2019;101.1;114.3;117.5;115.2;117.3;105.0;96.1;117.8;96.8;105.8;104.7;111.7;87.7;0.0;101.7;100.8;96.8;104.7;103.3;105.2;101.7;102.9;62.1;89.9;81.7;104.6;179.9;179.4;123.4;107.4;103.1;105.3;104.8;98.5;100.7;104.6;102.0;98.8;93.2;104.7;104.1;96.5;101.9;104.2;100.9;112.7;97.8;102.5;104.4;98.2;105.0;99.6;110.1;102.7;104.7;103.8;104.6;101.8;100.0;84.9;112.0;104.2;101.5;113.3;105.8;101.8
POMORSKIE;06'2019;98.1;111.6;118.0;109.3;118.9;100.6;95.2;113.9;92.6;108.2;109.8;116.6;87.4;0.0;98.0;100.0;98.0;105.0;105.0;91.1;101.5;103.8;60.9;90.8;74.8;100.8;203.0;171.5;128.7;105.5;104.9;100.8;107.6;98.9;100.7;106.6;100.2;98.8;103.1;106.0;104.1;96.5;101.9;104.2;100.3;105.1;98.0;102.5;104.4;95.1;102.1;101.4;98.4;101.7;103.2;102.3;102.4;101.8;100.0;83.9;111.5;104.0;107.4;129.0;107.9;106.2
POMORSKIE;07'2019;97.1;116.7;116.6;107.6;117.1;100.3;96.7;113.1;96.5;108.2;109.8;119.0;88.4;0.0;99.6;98.8;105.6;101.4;101.6;87.5;97.6;104.8;63.8;88.7;83.1;94.4;173.9;183.5;139.6;108.1;99.7;102.1;106.9;99.0;98.0;106.6;101.6;98.8;99.6;107.9;104.1;97.2;101.9;104.3;100.9;106.2;98.1;102.6;111.8;96.2;101.0;102.4;96.4;103.3;103.2;100.8;100.0;101.8;100.5;83.9;111.1;105.8;96.9;132.6;107.9;106.2
POMORSKIE;08'2019;97.1;111.9;118.8;93.7;112.8;100.9;98.7;111.2;92.9;110.2;111.8;115.6;89.3;0.0;97.6;97.2;102.1;105.5;102.2;90.5;95.9;103.3;84.8;87.9;77.1;95.1;162.2;169.4;132.6;103.5;100.5;105.5;106.8;99.4;97.9;104.8;101.7;98.8;97.8;107.9;104.1;95.7;101.9;100.2;101.2;106.2;97.3;102.6;108.5;96.2;98.5;99.9;96.4;100.6;103.2;99.8;100.0;101.8;100.5;83.6;111.1;105.8;97.0;131.3;107.9;106.2
POMORSKIE;09'2019;96.2;106.7;116.5;94.7;113.8;103.1;97.7;110.4;92.6;109.2;111.3;111.0;93.9;0.0;100.4;96.8;102.5;105.8;103.3;87.3;94.9;105.5;112.3;90.2;73.4;99.6;166.1;172.9;130.6;109.8;97.3;109.8;107.0;99.4;99.0;102.9;100.1;101.1;104.7;105.5;103.0;99.8;101.9;97.9;101.2;106.2;97.3;102.6;109.3;98.1;99.4;102.6;100.2;104.8;105.4;97.5;99.2;101.8;100.5;87.3;111.1;105.8;85.1;135.1;107.9;106.2
POMORSKIE;10'2019;95.7;109.1;114.5;90.8;115.0;98.2;91.7;110.4;102.3;108.0;111.7;112.5;94.5;0.0;101.2;103.0;100.8;103.6;102.2;89.1;96.8;104.5;140.9;92.5;99.0;98.6;154.5;192.9;132.6;102.1;99.3;104.7;108.2;99.4;97.3;99.9;103.2;102.0;104.7;106.6;100.9;99.8;101.9;100.3;100.9;103.8;98.2;101.8;101.8;99.4;98.6;107.3;102.2;104.0;105.4;96.3;96.9;101.8;100.9;87.6;111.5;105.8;104.0;119.0;107.9;109.7
POMORSKIE;11'2019;97.9;104.2;112.0;105.5;113.3;97.9;92.4;110.5;100.5;108.3;113.1;113.6;100.6;105.7;104.5;100.0;105.5;103.6;102.2;92.6;101.3;104.7;144.0;103.6;103.7;90.9;132.1;156.6;127.5;97.4;100.7;102.6;105.4;101.0;98.7;100.2;98.8;102.0;112.8;106.6;101.1;98.6;101.9;97.7;100.9;103.8;98.6;101.8;102.9;99.4;96.4;103.7;99.7;101.9;105.4;96.9;94.0;101.8;101.3;88.1;111.5;105.8;111.8;122.8;107.9;109.7
POMORSKIE;12'2019;97.7;110.9;110.4;100.7;103.3;98.7;94.0;116.2;109.7;107.0;113.1;107.9;107.0;104.6;106.6;102.5;102.4;100.0;108.5;87.6;98.2;109.3;157.1;113.3;108.0;92.9;129.5;148.3;125.0;97.4;97.6;112.4;108.6;104.4;95.4;100.2;100.7;104.8;114.4;106.6;98.3;98.6;101.9;99.5;100.9;103.8;98.5;101.8;101.6;99.4;105.7;104.8;101.8;101.5;106.8;101.6;98.1;101.8;101.3;87.7;111.5;106.4;108.5;123.2;113.4;118.0
SLASKIE;01'2019;100.0;110.0;108.2;105.0;102.2;99.8;98.0;101.7;100.4;102.9;103.8;100.2;105.3;99.5;96.4;101.2;103.1;99.9;98.9;98.6;98.4;96.4;64.1;89.1;102.0;152.7;177.0;155.6;78.4;103.9;98.8;92.1;102.5;98.0;99.3;103.7;92.8;103.0;103.5;107.4;101.4;102.2;101.8;115.3;101.7;100.2;98.9;101.4;106.7;104.0;105.4;103.0;103.7;98.5;102.9;99.6;107.6;100.0;102.9;99.3;0.0;110.8;102.6;102.0;104.0;114.1
SLASKIE;02'2019;103.4;112.5;109.6;107.3;101.7;99.4;99.4;103.8;96.7;99.7;103.4;100.9;107.6;100.2;98.9;100.8;105.6;107.4;107.1;113.2;101.3;100.7;65.3;89.8;105.9;145.7;203.7;170.0;107.7;105.5;97.8;99.5;99.6;98.1;98.5;106.4;93.4;103.4;103.1;108.7;101.4;102.2;103.5;113.4;101.9;100.2;99.2;101.2;108.7;104.1;102.4;102.3;105.5;100.8;106.5;100.9;109.3;100.0;103.7;100.5;0.0;115.1;103.1;100.7;103.4;114.1
SLASKIE;03'2019;106.5;112.5;109.9;110.4;101.7;97.5;99.9;98.3;92.7;100.5;102.4;102.8;106.9;0.0;95.6;103.3;105.7;109.0;106.0;112.1;96.2;100.2;62.4;87.8;98.5;137.5;195.9;174.8;110.9;107.7;97.2;98.4;100.4;99.0;103.3;103.5;91.6;104.7;105.0;109.0;101.1;106.0;103.5;110.4;101.9;98.8;100.2;101.2;108.9;100.7;103.7;102.7;100.6;100.6;102.9;102.8;112.2;100.0;102.7;100.5;0.0;116.8;99.0;111.2;108.0;118.0
SLASKIE;04'2019;104.2;115.0;109.9;111.4;103.9;98.3;96.6;113.3;101.1;101.1;103.8;102.1;106.9;0.0;97.1;101.2;105.1;102.8;106.6;103.5;95.9;96.6;61.8;95.5;89.8;120.0;208.0;206.5;112.2;104.4;96.6;100.0;100.0;99.0;106.4;100.0;91.8;105.4;102.8;109.0;101.1;106.7;102.7;111.8;101.9;98.3;100.5;100.7;107.9;104.3;101.4;102.9;95.0;98.9;102.9;107.4;110.1;98.4;102.7;100.3;0.0;116.8;104.8;119.3;107.2;109.8
SLASKIE;05'2019;105.8;112.5;110.2;109.5;97.0;98.1;100.4;116.7;104.5;102.9;104.8;106.5;106.1;0.0;95.7;101.6;102.1;110.1;104.9;101.9;93.7;97.9;63.3;96.1;97.0;111.1;226.6;259.6;120.0;98.2;98.9;97.0;102.5;98.7;91.0;108.9;97.8;103.9;101.9;109.5;101.8;105.9;102.7;111.8;101.9;98.3;99.9;100.7;107.9;103.8;102.3;100.4;92.8;98.9;102.9;104.4;104.4;98.4;102.7;100.3;0.0;118.3;104.7;114.4;109.6;112.7
SLASKIE;06'2019;110.0;115.0;110.2;106.7;96.2;100.8;100.7;109.5;101.9;102.4;104.7;108.5;105.3;0.0;93.9;104.0;100.6;110.0;104.8;86.1;95.1;99.3;59.7;100.9;85.0;98.2;263.1;234.8;119.2;101.5;99.9;101.1;105.3;98.9;96.3;103.8;97.0;107.2;101.4;109.5;104.2;105.5;103.3;107.0;102.3;98.3;99.4;101.1;107.7;108.9;98.5;98.6;100.7;98.3;102.9;103.3;103.2;98.4;102.7;100.3;0.0;118.3;106.4;133.5;109.6;111.7
SLASKIE;07'2019;109.0;115.0;110.2;104.8;101.3;99.7;101.8;112.8;101.5;103.6;112.4;107.3;100.9;0.0;97.5;99.6;106.4;111.2;104.3;83.9;90.3;102.3;62.3;92.7;90.5;101.1;186.4;250.4;124.3;103.8;98.5;105.0;104.8;99.1;101.5;101.7;99.1;103.5;99.1;109.5;104.2;105.1;103.3;98.5;102.9;98.3;99.5;104.5;107.4;105.0;96.5;99.7;99.9;100.6;102.9;100.8;100.6;98.4;102.7;100.3;0.0;118.9;102.6;135.9;113.9;116.1
SLASKIE;08'2019;109.0;115.0;110.2;106.3;100.0;97.5;102.0;108.5;99.6;102.4;116.6;108.9;104.4;0.0;98.5;99.2;109.4;115.0;103.7;83.8;83.3;100.9;86.5;90.7;86.4;113.0;170.7;239.2;122.8;109.5;97.0;100.8;101.0;99.4;105.7;100.3;102.8;100.0;100.4;110.1;104.5;107.5;103.3;96.5;102.5;98.3;99.0;104.2;106.8;103.4;96.7;98.7;99.5;100.2;102.9;99.8;100.2;98.4;103.1;100.3;0.0;117.8;105.3;135.4;113.9;116.1
SLASKIE;09'2019;107.0;112.2;108.7;107.8;101.7;99.5;100.4;107.5;102.0;104.7;122.7;114.7;104.1;0.0;97.5;99.6;108.7;102.1;105.9;84.1;80.1;100.2;113.3;95.3;77.7;102.7;144.1;221.0;118.8;102.6;98.7;101.1;102.8;99.5;112.4;98.2;102.5;104.4;109.8;110.1;104.5;108.7;103.5;100.1;102.5;98.3;99.2;104.2;103.8;104.4;99.2;98.8;99.2;99.2;103.5;97.7;98.6;98.4;103.9;100.3;0.0;118.8;97.0;141.2;118.2;121.6
SLASKIE;10'2019;108.7;109.5;108.3;111.5;101.7;100.2;104.3;112.9;97.9;106.6;123.2;117.9;110.3;0.0;98.2;99.6;105.6;97.8;104.8;84.4;84.4;100.2;135.0;97.1;97.6;90.2;129.3;198.3;119.2;103.5;99.9;101.3;103.2;99.5;106.1;109.0;104.6;102.7;113.9;108.5;103.5;105.8;105.0;98.5;102.5;98.3;98.8;104.6;98.9;105.5;98.2;100.0;105.1;97.0;103.5;96.9;96.3;98.4;105.8;100.7;0.0;121.1;104.5;111.8;118.2;121.6
SLASKIE;11'2019;111.3;104.5;107.3;106.6;103.0;99.2;102.8;114.7;103.3;105.9;119.0;116.5;111.0;103.3;101.1;98.1;109.9;95.2;100.5;82.6;83.3;103.3;147.3;96.3;106.4;89.7;119.0;192.1;124.0;101.3;98.7;103.8;103.9;101.4;102.6;103.9;107.7;101.0;110.8;108.4;103.3;110.8;112.6;97.6;102.3;98.1;99.7;104.0;98.9;103.9;99.1;99.7;107.2;92.8;102.3;97.4;94.1;100.0;105.8;104.3;0.0;117.2;104.0;128.6;118.2;121.6
SLASKIE;12'2019;111.9;109.1;108.3;107.9;101.7;101.7;107.8;125.6;105.8;111.7;116.8;112.9;107.4;96.0;105.2;101.6;109.3;96.3;107.2;85.3;96.9;112.5;146.0;102.5;123.5;90.5;111.9;170.1;125.2;104.1;98.9;108.2;101.8;100.9;100.8;99.9;109.3;101.3;113.2;107.6;103.3;110.2;117.2;100.1;102.3;98.1;99.5;104.0;99.6;101.3;103.7;98.3;106.8;95.8;102.3;103.1;99.4;100.0;105.4;104.3;0.0;116.4;102.4;121.9;118.2;121.6
SWIETOKRZYSKIE;01'2019;100.6;110.5;106.7;100.0;102.6;100.0;101.5;98.8;86.4;103.8;114.5;92.3;102.8;103.0;98.8;97.6;98.4;94.3;104.4;96.3;106.0;105.8;69.2;94.1;94.5;120.8;166.3;158.5;71.9;105.8;104.2;107.6;109.3;99.4;100.7;99.3;105.6;112.2;83.9;110.4;101.7;100.4;108.5;97.8;101.7;98.4;100.4;101.2;118.8;98.0;101.1;95.7;103.3;98.7;103.8;100.0;107.7;100.0;106.0;101.1;109.7;101.1;110.2;97.8;100.0;100.0
SWIETOKRZYSKIE;02'2019;101.4;115.8;108.0;103.4;109.6;98.7;98.5;97.7;96.8;102.2;112.3;102.6;110.2;0.0;95.5;97.2;98.4;97.1;110.8;94.5;101.1;102.9;70.4;98.3;93.8;126.3;186.1;181.7;95.5;95.3;100.5;104.1;110.0;99.4;103.1;99.3;105.6;112.2;97.4;107.7;100.0;100.4;108.5;98.5;101.7;99.0;100.9;101.2;130.9;97.6;103.9;99.1;102.7;97.4;103.8;101.1;110.1;100.0;106.0;102.2;110.5;106.5;110.2;137.5;100.0;100.0
SWIETOKRZYSKIE;03'2019;93.9;115.8;108.9;106.9;104.5;98.7;106.1;94.6;102.2;103.4;106.3;101.2;109.8;0.0;92.1;98.4;95.9;100.9;103.4;97.1;97.8;99.5;64.1;94.0;96.5;123.5;189.9;179.6;106.9;106.1;97.7;102.0;109.5;99.4;107.4;109.9;104.8;110.0;111.1;107.7;100.0;98.2;108.5;94.5;101.7;99.0;98.7;101.2;130.9;97.6;102.6;100.9;104.2;95.7;103.8;103.7;112.1;100.0;106.0;102.2;107.3;109.8;114.0;97.7;100.0;100.0
SWIETOKRZYSKIE;04'2019;99.4;118.4;108.9;107.2;112.8;98.7;102.8;117.1;99.0;108.7;109.9;93.4;105.3;0.0;95.4;100.8;98.7;101.9;104.5;102.1;94.4;102.6;60.9;100.6;87.4;116.0;213.0;201.9;106.7;100.5;96.5;96.9;102.2;99.4;107.4;110.7;98.3;110.7;94.7;114.7;93.5;91.0;108.5;94.5;101.7;99.7;98.4;111.0;119.7;99.9;101.1;97.9;104.2;96.2;100.0;106.7;107.8;100.0;101.7;102.2;107.3;109.8;103.8;120.2;109.2;117.7
SWIETOKRZYSKIE;05'2019;99.2;118.4;111.4;108.3;107.6;98.7;103.3;121.2;95.1;110.1;116.6;100.7;104.1;0.0;89.8;100.0;99.2;100.9;102.3;100.5;91.1;105.0;54.5;111.4;84.7;115.9;246.2;176.3;117.5;103.3;96.7;97.5;105.9;99.4;107.4;110.7;98.3;111.4;97.8;113.6;99.4;99.3;108.5;96.6;101.7;99.7;96.3;111.0;115.0;99.9;95.2;99.2;103.2;96.2;100.0;103.8;104.2;100.0;101.7;102.2;107.3;109.8;107.1;110.0;118.5;135.3
SWIETOKRZYSKIE;06'2019;100.3;127.0;114.5;110.4;113.4;98.7;106.2;117.1;95.6;111.5;117.2;101.8;111.5;0.0;90.6;100.0;97.1;102.0;101.1;91.5;102.1;101.4;61.6;107.2;79.9;92.8;241.6;214.7;124.1;89.9;96.2;101.4;102.1;99.6;107.4;110.7;98.3;103.0;111.6;117.5;99.4;100.2;108.5;96.6;101.2;99.7;96.6;111.0;115.0;109.3;97.9;97.7;102.1;96.2;101.9;103.0;103.0;100.0;101.7;101.1;107.3;109.8;99.5;107.7;118.5;135.3
SWIETOKRZYSKIE;07'2019;103.7;123.7;111.2;111.7;117.9;98.7;106.2;118.0;102.9;110.0;126.3;102.4;109.6;0.0;97.6;98.8;99.1;99.3;100.0;92.2;95.4;98.4;72.6;95.4;87.8;96.1;163.9;210.4;124.1;99.5;96.2;101.1;104.6;99.9;107.4;110.7;105.2;103.0;95.0;117.5;105.1;100.2;106.3;97.6;101.2;99.7;96.2;110.5;113.6;109.3;97.1;97.5;102.1;95.3;101.9;101.0;100.8;100.0;101.7;101.1;107.3;109.8;105.4;118.0;118.5;135.3
SWIETOKRZYSKIE;08'2019;102.2;123.7;111.2;110.0;112.7;98.7;101.2;119.1;108.4;110.7;116.0;116.0;102.0;0.0;94.8;100.4;100.2;104.4;93.5;94.8;110.5;97.4;87.3;94.8;84.1;105.9;124.4;207.1;137.9;104.1;90.0;102.2;105.1;99.9;107.4;110.7;105.2;103.0;101.6;114.1;105.1;104.0;106.3;99.9;101.2;99.7;96.2;110.5;113.6;113.7;97.4;95.2;102.1;95.3;101.9;100.0;100.2;100.0;101.7;101.1;107.3;109.8;101.6;104.9;118.5;135.3
SWIETOKRZYSKIE;09'2019;103.9;122.0;110.2;113.2;113.2;98.7;102.7;114.1;97.5;110.1;120.5;106.2;109.9;0.0;93.9;98.0;100.2;101.1;103.9;91.9;109.9;101.4;113.2;94.2;81.6;98.6;136.3;192.5;137.9;104.0;93.1;98.1;95.4;99.7;106.6;110.7;100.4;105.6;89.4;114.1;105.1;99.3;102.8;95.4;100.7;99.7;96.2;111.7;108.7;112.8;99.5;94.3;102.1;100.9;105.6;97.7;98.2;100.0;100.0;101.1;107.2;109.8;96.9;122.8;127.9;147.1
SWIETOKRZYSKIE;10'2019;103.3;109.8;114.8;120.6;104.4;98.7;103.6;112.9;103.9;110.5;115.5;104.1;108.1;0.0;95.6;99.2;100.2;97.6;99.5;93.2;101.6;93.7;124.9;92.9;108.5;89.5;121.4;196.2;125.8;112.3;94.3;98.1;100.0;99.8;106.6;110.7;100.4;105.8;100.9;114.1;99.4;99.3;100.8;95.4;101.5;101.1;95.6;111.9;118.2;111.3;106.6;97.1;102.1;101.3;105.6;97.4;95.9;100.0;104.2;101.1;107.6;109.8;98.5;109.7;127.9;147.1
SWIETOKRZYSKIE;11'2019;103.3;109.8;114.2;117.1;116.4;100.0;107.8;116.1;103.0;107.6;114.7;107.4;113.6;100.0;95.7;96.4;99.7;96.7;99.5;88.8;99.5;102.4;131.6;100.0;105.7;94.2;109.1;190.8;125.8;99.7;93.5;96.8;102.8;100.9;106.6;110.7;100.4;105.8;104.6;114.1;91.2;99.3;101.6;95.4;101.5;102.4;96.7;112.2;118.2;111.3;109.9;94.6;102.1;102.2;105.6;98.2;93.8;100.0;100.0;86.6;107.6;111.8;103.1;100.8;127.9;147.1
SWIETOKRZYSKIE;12'2019;100.0;107.1;112.7;114.9;117.0;99.6;111.2;124.4;105.1;126.0;111.8;115.1;108.9;120.1;102.4;101.3;99.0;98.0;99.5;87.8;100.3;104.1;139.4;90.9;113.3;88.2;83.5;153.5;137.9;99.0;91.7;105.7;105.7;101.2;106.6;111.7;113.0;105.8;101.6;114.1;99.4;99.3;101.6;89.0;101.5;102.4;94.0;112.2;120.4;115.0;103.8;97.8;102.1;102.2;109.3;104.0;99.8;100.0;100.0;86.6;107.6;111.8;105.8;120.1;127.9;147.1
WARMINSKO-MAZURSKIE;01'2019;90.3;102.4;109.9;105.3;103.3;97.8;101.4;104.0;99.4;98.1;96.4;95.4;103.5;96.7;98.6;102.0;104.6;98.3;100.5;107.6;103.9;105.6;66.1;104.2;95.8;119.4;163.1;136.9;103.5;104.4;107.4;98.4;105.4;98.4;88.9;128.0;111.5;106.8;97.7;106.8;99.3;99.0;102.2;103.2;103.3;104.2;100.2;100.4;108.2;91.5;111.8;103.2;100.7;98.5;103.9;100.2;108.6;94.6;101.8;100.0;119.4;106.1;110.8;94.6;106.5;103.7
WARMINSKO-MAZURSKIE;02'2019;90.6;102.4;112.2;105.4;107.5;101.2;91.8;103.9;101.3;101.3;100.6;99.9;101.4;97.3;97.6;100.8;102.5;103.0;100.0;106.1;99.2;106.0;65.3;93.9;90.7;126.4;167.8;148.0;125.6;96.4;105.7;101.3;105.1;98.9;88.4;128.3;112.0;106.8;98.9;107.0;100.2;100.0;108.6;107.1;103.3;106.3;100.2;103.8;108.6;95.1;115.4;117.5;101.5;98.2;103.9;102.1;110.7;94.6;103.1;101.0;118.3;106.1;106.2;95.0;104.3;103.7
WARMINSKO-MAZURSKIE;03'2019;90.6;102.4;114.9;105.7;107.5;101.3;100.7;99.2;101.7;104.4;99.7;96.0;103.3;0.0;90.7;102.5;106.7;107.6;98.3;102.1;99.7;111.8;59.8;103.2;99.1;120.2;177.7;150.8;124.4;103.0;106.8;102.9;108.5;98.9;113.5;118.6;109.5;106.8;99.9;107.6;100.2;101.4;109.7;106.1;103.3;106.3;100.8;105.3;112.6;89.3;118.4;115.9;101.4;98.2;111.8;104.3;114.4;94.6;103.1;101.9;115.2;106.1;102.0;99.5;108.5;126.6
WARMINSKO-MAZURSKIE;04'2019;89.0;102.4;115.8;108.7;107.4;100.5;100.8;113.5;109.7;107.7;96.9;101.8;104.4;0.0;94.9;97.3;103.1;97.8;99.5;98.5;102.3;105.4;59.4;106.3;87.8;104.8;188.3;180.3;121.0;100.8;105.4;108.0;103.9;98.7;115.2;114.0;110.4;101.6;91.9;108.9;100.2;96.3;109.7;106.4;104.3;106.3;101.2;105.3;112.6;88.5;116.9;115.9;101.1;99.0;114.7;107.7;111.0;94.6;103.1;101.9;115.2;103.3;103.6;111.0;120.9;145.0
WARMINSKO-MAZURSKIE;05'2019;90.9;102.4;116.2;108.6;105.0;108.9;102.3;127.8;114.1;109.4;107.9;103.1;108.2;0.0;91.3;101.2;104.2;103.9;100.5;95.9;102.9;109.4;62.0;107.3;82.9;108.5;230.6;203.1;124.8;105.8;107.7;105.2;101.8;98.7;116.9;118.3;110.6;101.6;97.0;110.0;99.5;96.8;109.7;106.2;104.3;108.8;99.0;105.3;109.5;94.6;113.0;110.3;102.3;96.8;114.7;103.8;104.2;94.6;102.5;101.9;115.2;106.0;103.6;95.7;120.9;145.0
WARMINSKO-MAZURSKIE;06'2019;97.9;102.4;112.7;114.5;101.5;100.0;106.2;113.9;105.2;113.1;105.3;100.6;108.2;0.0;101.4;100.4;106.8;101.5;101.1;85.3;104.9;113.8;67.2;106.7;75.5;85.0;203.2;191.2;138.4;94.1;108.7;106.8;105.7;98.9;116.9;118.3;114.8;103.0;117.0;110.0;99.0;99.1;109.7;106.2;104.9;108.0;98.7;105.3;109.0;94.3;107.7;116.0;102.3;97.1;114.7;103.1;102.8;94.6;102.5;101.9;113.2;106.0;105.8;146.1;120.9;145.0
WARMINSKO-MAZURSKIE;07'2019;101.5;102.4;113.1;109.5;101.8;101.1;100.0;115.9;105.0;110.0;105.3;106.3;106.8;0.0;100.7;98.1;111.8;102.0;98.9;83.0;98.3;107.9;68.4;106.1;81.8;101.6;132.1;211.0;139.9;100.2;104.5;107.2;104.6;99.1;116.1;107.9;115.6;102.3;106.0;109.5;99.0;99.1;111.3;106.4;103.8;107.6;98.0;105.3;109.9;94.7;110.8;112.6;102.3;96.3;114.7;101.2;101.0;99.6;102.5;101.9;112.8;106.0;99.5;133.1;120.9;145.0
WARMINSKO-MAZURSKIE;08'2019;103.8;104.8;114.0;124.1;106.7;102.1;106.3;113.3;103.2;111.0;108.2;106.2;110.0;0.0;95.4;102.0;109.6;102.3;96.8;82.1;99.7;111.5;94.7;91.6;80.3;112.1;150.2;200.0;138.9;98.3;106.1;108.1;103.8;99.1;107.5;113.9;113.4;101.6;129.3;109.5;99.4;99.8;111.3;107.7;103.8;107.6;97.6;105.3;110.7;89.8;101.0;109.1;102.9;99.7;112.5;100.2;100.6;99.6;101.8;101.9;112.3;104.8;100.0;112.6;120.9;145.0
WARMINSKO-MAZURSKIE;09'2019;102.3;102.3;113.5;121.0;108.6;100.0;103.0;109.9;100.5;116.1;105.6;109.1;109.6;0.0;99.6;100.0;110.1;98.6;97.8;82.1;97.8;116.3;121.5;96.7;80.8;102.6;145.3;180.0;127.5;99.0;105.8;114.0;99.7;99.6;106.1;109.9;111.7;101.5;99.5;108.6;98.4;98.3;111.3;110.1;103.8;105.1;96.3;105.1;110.9;91.1;102.3;112.4;102.4;100.5;114.4;97.5;98.6;101.3;101.2;101.0;112.3;104.8;94.2;130.9;120.9;145.0
WARMINSKO-MAZURSKIE;10'2019;106.7;100.0;112.5;123.5;108.1;101.8;94.1;111.1;104.0;117.2;102.5;109.4;108.7;0.0;99.6;98.1;106.3;102.9;97.3;85.2;102.1;100.0;126.4;88.5;95.4;89.8;134.5;166.0;126.1;103.8;104.6;106.5;101.4;99.8;95.0;110.0;114.1;100.1;103.8;109.2;98.4;96.9;111.3;110.1;104.4;104.7;96.1;103.7;111.3;96.3;103.4;114.1;103.2;96.1;119.2;95.9;95.4;101.3;101.2;102.0;112.3;105.3;98.6;105.2;124.7;154.0
WARMINSKO-MAZURSKIE;11'2019;106.9;102.3;111.0;120.0;107.3;99.3;111.1;113.9;109.8;115.3;105.4;112.0;107.3;101.3;103.2;99.2;112.0;96.8;98.9;86.9;97.2;105.1;143.0;92.1;111.9;95.2;129.7;157.6;124.8;105.0;105.2;101.5;103.8;100.5;100.1;110.5;114.1;100.1;102.9;105.5;98.4;96.9;111.3;111.6;104.4;104.7;97.1;103.7;111.3;105.6;105.0;114.1;99.6;96.8;119.2;96.5;93.1;101.3;100.6;102.0;112.3;104.8;105.0;107.7;124.7;154.0
WARMINSKO-MAZURSKIE;12'2019;108.6;102.3;105.6;114.6;105.0;99.3;97.0;129.8;108.3;125.5;113.8;110.1;111.0;99.3;103.6;102.7;107.4;98.3;95.6;88.3;94.9;112.1;157.8;105.0;118.0;94.3;110.3;148.8;118.9;98.0;109.1;101.0;107.1;101.5;108.5;110.5;108.7;99.9;118.0;105.5;100.9;100.6;108.9;107.4;104.4;104.7;97.2;103.7;110.4;104.1;106.2;105.3;99.6;96.4;119.2;101.6;97.9;100.0;100.6;102.0;111.8;103.7;101.4;128.7;124.7;154.0
WIELKOPOLSKIE;01'2019;99.4;112.5;112.1;112.3;98.9;98.8;100.3;104.3;95.7;106.2;97.1;105.4;104.3;101.8;99.3;102.7;98.1;97.4;105.1;100.3;97.1;100.0;65.0;99.4;93.2;127.3;151.2;144.0;85.3;104.9;111.7;106.0;105.8;98.4;104.3;99.7;104.5;102.4;97.4;104.6;98.8;101.0;99.6;100.0;102.1;103.8;100.1;104.5;98.6;102.7;108.3;99.7;104.0;101.3;108.1;101.1;109.9;100.3;102.1;102.7;101.1;108.3;105.4;101.3;100.0;100.0
WIELKOPOLSKIE;02'2019;103.5;112.5;112.4;116.0;98.9;99.8;102.2;101.6;99.2;102.2;98.7;105.3;106.0;107.0;97.0;98.3;99.0;99.3;103.4;104.4;99.4;100.3;62.8;92.3;96.7;134.5;173.6;161.7;98.3;109.0;109.8;101.8;105.4;98.4;105.6;100.8;102.5;107.2;99.8;104.9;98.2;101.0;101.7;100.0;102.1;103.3;100.5;104.4;97.9;104.7;106.4;101.0;103.9;102.5;110.5;103.2;112.0;97.3;102.1;102.6;101.1;108.2;105.4;103.0;105.0;100.0
WIELKOPOLSKIE;03'2019;105.7;110.2;113.6;120.0;99.5;100.2;99.8;100.7;101.2;103.7;98.0;107.0;106.8;0.0;95.2;99.1;97.8;99.6;104.5;106.2;96.7;100.7;64.1;97.4;99.0;130.8;179.9;190.8;110.3;106.7;108.0;101.6;106.2;98.4;106.2;100.3;102.6;99.0;103.1;104.9;101.6;100.9;101.7;100.7;101.6;100.4;100.0;104.9;99.8;105.4;107.8;101.6;104.0;101.6;110.5;104.3;114.3;97.3;102.1;102.6;99.6;106.8;104.4;111.2;107.7;107.9
WIELKOPOLSKIE;04'2019;105.6;110.2;112.2;119.6;98.4;98.0;96.8;113.0;101.6;106.9;102.4;109.6;107.7;0.0;98.1;100.0;99.7;101.7;108.6;111.3;97.9;101.6;62.6;98.6;99.7;123.2;177.4;206.3;110.4;106.3;104.9;98.7;104.7;98.8;104.8;99.1;104.6;100.9;102.9;104.8;101.7;102.3;102.2;99.2;101.8;100.4;100.9;103.4;98.9;102.4;104.0;100.9;105.1;104.2;113.6;107.7;111.0;97.3;102.1;103.2;99.6;109.2;106.4;108.8;110.0;113.4
WIELKOPOLSKIE;05'2019;106.1;110.2;112.2;115.6;97.4;98.3;98.7;119.3;106.8;108.2;102.7;111.4;108.2;0.0;96.6;99.1;99.3;101.3;106.7;102.8;98.2;100.8;60.0;105.6;85.9;125.8;219.1;250.9;119.7;103.5;106.6;102.0;103.2;98.9;101.8;104.5;101.6;98.1;104.8;104.2;101.6;100.9;101.9;101.2;101.8;100.4;101.4;103.4;101.2;102.8;104.5;103.7;104.9;104.6;113.6;103.2;104.0;97.3;101.7;103.2;99.6;109.2;105.4;105.5;114.7;116.5
WIELKOPOLSKIE;06'2019;105.0;110.2;110.9;115.1;97.4;97.5;99.6;116.4;96.2;106.0;102.1;109.4;108.3;0.0;94.8;100.4;97.6;98.6;107.9;96.5;97.3;100.0;61.1;102.6;76.8;101.3;201.6;198.7;123.2;105.4;105.3;101.3;102.5;99.1;101.8;104.5;105.0;103.1;108.3;104.2;101.2;100.9;101.9;99.8;101.8;100.4;101.1;102.9;101.2;102.0;99.5;99.7;102.5;104.6;113.1;102.5;102.4;97.3;101.0;102.9;99.6;109.2;102.9;102.5;114.5;118.4
WIELKOPOLSKIE;07'2019;105.3;112.2;113.0;117.2;98.4;99.0;99.2;115.1;98.8;108.8;103.4;108.2;108.7;0.0;97.0;100.4;95.0;105.0;109.0;93.4;97.6;102.9;64.4;98.2;83.5;106.9;166.3;242.1;125.5;106.5;107.1;103.1;103.2;99.4;105.8;103.2;102.7;103.4;104.8;104.2;98.0;97.4;101.9;99.2;101.0;100.4;100.5;102.8;102.5;101.8;99.2;99.7;102.7;104.2;113.1;101.0;100.8;97.3;100.0;102.9;99.6;109.2;100.0;105.0;121.5;127.7
WIELKOPOLSKIE;08'2019;106.2;110.0;111.6;117.9;100.5;99.1;95.3;113.9;99.1;107.8;103.0;107.8;108.7;0.0;98.1;104.0;97.1;104.2;107.8;91.5;104.6;103.8;86.5;94.6;76.6;113.4;164.2;234.5;122.9;111.0;105.1;103.4;102.1;99.4;104.7;105.9;101.6;107.2;105.7;103.4;98.2;98.8;101.0;101.0;101.3;100.9;101.3;102.6;102.9;101.9;100.3;100.0;103.2;104.6;112.0;100.6;101.6;97.3;101.4;103.5;104.7;109.8;100.9;105.9;125.0;132.7
WIELKOPOLSKIE;09'2019;103.8;109.8;108.2;114.2;97.9;99.4;96.9;110.1;97.3;106.9;104.8;107.6;107.5;0.0;101.1;103.6;98.7;102.7;105.6;92.8;103.9;106.3;113.6;100.0;74.1;107.3;130.8;206.3;126.3;104.9;101.7;101.3;103.8;100.1;105.8;107.5;104.1;102.7;106.7;103.0;101.7;99.9;101.7;101.8;101.5;100.4;101.0;102.3;103.7;101.7;97.7;100.4;103.0;105.1;113.4;97.3;99.2;99.7;101.9;104.1;107.0;111.3;99.1;104.0;132.5;142.0
WIELKOPOLSKIE;10'2019;106.4;105.8;104.9;116.5;97.9;100.5;93.4;108.0;102.6;108.0;104.8;108.0;106.5;0.0;100.0;103.1;99.6;102.8;103.8;87.7;100.3;101.5;139.5;103.8;96.2;97.5;119.1;200.0;124.4;108.1;100.5;98.0;99.7;100.2;103.8;107.4;106.1;106.7;101.8;103.0;99.4;99.4;104.5;102.7;101.5;102.9;100.2;102.3;104.1;101.7;96.9;102.8;103.3;104.3;113.2;96.5;96.3;102.3;101.9;104.1;104.5;110.7;102.3;103.6;132.5;142.0
WIELKOPOLSKIE;11'2019;105.9;103.8;104.5;119.0;101.1;102.0;99.3;115.6;101.7;107.0;111.7;102.6;106.4;97.4;103.4;105.3;102.3;104.0;102.7;89.7;106.4;97.4;155.8;102.8;106.8;93.2;109.1;179.7;127.6;102.8;100.7;93.9;102.1;102.2;102.4;107.4;103.5;106.7;102.6;102.5;99.1;99.3;103.8;102.0;101.5;102.9;100.6;103.7;105.0;97.9;99.2;102.2;102.8;103.3;111.7;96.7;93.4;104.8;101.9;104.3;102.2;110.7;108.5;106.9;132.5;142.0
WIELKOPOLSKIE;12'2019;104.5;105.7;105.6;118.8;103.2;102.2;99.0;123.9;104.8;110.2;114.0;111.7;105.6;97.5;103.0;105.3;104.1;102.1;101.1;90.1;110.4;102.3;160.3;108.1;115.4;98.9;104.8;160.7;122.7;108.7;98.3;95.9;100.3;102.6;104.1;106.1;103.6;106.1;102.4;103.2;99.3;99.4;103.8;100.9;101.5;102.9;100.5;103.7;105.1;101.3;98.8;103.8;102.7;97.7;111.7;100.6;97.1;104.8;102.6;104.3;102.2;111.0;101.9;109.3;132.5;142.0
ZACHODNIOPOMORSKIE;01'2019;96.9;109.8;119.7;96.4;103.2;96.7;101.7;102.0;96.7;101.6;103.4;101.3;94.3;97.8;97.3;93.6;96.5;93.1;97.4;107.6;96.8;95.1;60.9;90.8;101.1;126.4;141.6;150.0;93.1;108.3;106.7;106.7;102.8;93.1;90.8;90.6;87.4;93.8;78.4;104.6;102.6;94.3;102.3;112.8;100.5;101.7;102.7;97.6;93.1;102.8;102.0;102.3;100.2;100.2;109.0;103.0;111.2;100.0;102.8;99.8;105.0;115.5;108.4;101.4;101.4;101.1
ZACHODNIOPOMORSKIE;02'2019;96.9;114.6;122.2;102.1;98.1;95.0;94.2;104.2;96.6;101.9;103.4;101.8;93.8;94.5;98.9;94.0;98.2;97.3;102.6;100.8;98.4;98.3;59.1;91.7;99.1;130.4;162.9;166.4;105.1;99.7;103.7;107.7;105.7;95.3;93.6;92.2;82.9;88.5;88.3;104.4;102.6;96.2;102.3;113.3;101.5;109.3;100.0;97.8;94.8;107.5;101.9;97.0;92.0;100.2;109.0;103.8;111.7;100.0;102.8;99.8;105.0;113.2;103.5;112.7;106.6;101.1
ZACHODNIOPOMORSKIE;03'2019;100.5;109.3;113.7;106.0;110.8;98.5;99.6;102.7;100.7;102.3;103.9;98.9;93.5;0.0;96.5;98.3;102.6;90.4;101.6;109.9;98.0;101.4;58.3;94.3;100.0;126.2;167.2;194.9;113.2;108.4;101.7;110.6;104.2;97.5;91.6;101.8;96.9;86.5;89.5;104.4;96.9;96.2;102.5;111.8;101.7;109.3;100.5;97.8;96.5;102.6;108.0;110.4;92.0;102.5;113.5;104.3;112.8;100.0;103.8;102.4;105.0;113.2;100.0;113.6;106.6;111.4
ZACHODNIOPOMORSKIE;04'2019;103.1;109.3;116.4;101.2;109.4;100.4;99.2;113.1;103.8;103.7;106.8;97.7;94.6;0.0;94.6;95.2;102.1;93.7;102.6;94.8;99.4;99.1;56.8;102.2;94.0;121.2;166.4;188.4;103.3;106.6;99.6;103.4;99.7;97.5;91.6;104.5;96.9;89.4;84.2;104.4;96.9;99.6;102.5;111.5;101.7;109.6;99.1;97.8;97.8;95.8;105.6;107.6;93.8;100.2;115.1;108.8;111.7;100.0;103.8;102.9;108.5;113.2;97.5;111.1;106.6;113.8
ZACHODNIOPOMORSKIE;05'2019;97.1;111.6;116.4;103.6;109.3;106.7;99.0;126.9;109.5;105.1;112.9;101.5;96.4;0.0;95.8;97.6;100.2;99.1;103.0;96.6;97.1;101.4;59.3;100.4;85.6;120.7;195.0;209.5;113.3;108.3;97.9;98.5;100.7;97.5;94.8;104.2;96.1;91.3;89.6;104.4;99.5;99.7;103.4;109.6;101.7;109.6;98.8;97.8;97.8;96.3;97.3;101.5;95.2;101.1;119.1;104.2;105.2;100.0;103.8;103.4;110.1;110.7;103.5;129.2;106.6;113.8
ZACHODNIOPOMORSKIE;06'2019;104.7;109.3;117.6;103.5;104.8;96.0;97.5;116.7;103.0;107.9;111.9;101.6;93.0;0.0;93.4;98.8;99.1;103.7;102.0;86.5;96.2;105.7;61.2;110.1;70.8;95.3;169.0;173.0;121.2;105.8;102.0;103.3;102.7;97.5;96.9;108.6;94.5;90.5;87.4;104.4;96.4;100.9;103.4;108.0;101.7;109.6;97.1;97.8;102.5;104.5;97.3;98.0;94.9;93.9;119.1;103.3;103.1;100.0;103.8;103.4;106.7;110.7;98.5;121.5;106.6;113.8
ZACHODNIOPOMORSKIE;07'2019;105.8;109.3;113.8;104.4;101.8;101.5;98.0;116.5;100.1;108.5;113.1;101.7;92.1;0.0;98.0;101.7;101.4;99.4;101.0;84.0;100.3;103.2;69.7;107.4;78.2;107.3;152.8;198.7;129.4;107.4;102.1;104.1;101.7;98.9;94.8;115.2;94.5;90.6;83.8;104.8;96.4;106.1;103.4;108.0;103.0;109.6;96.7;97.8;98.0;110.6;104.0;98.1;99.9;91.7;114.5;102.2;102.0;100.0;103.8;103.4;106.3;114.2;100.0;120.4;115.8;143.7
ZACHODNIOPOMORSKIE;08'2019;105.8;114.3;113.3;108.7;106.5;98.9;98.5;115.9;100.9;107.8;113.7;106.0;94.6;0.0;99.6;100.8;102.9;99.7;100.5;79.6;104.2;102.6;83.3;102.9;82.7;108.5;154.8;187.8;128.6;107.1;102.0;101.7;103.0;99.4;94.6;113.2;92.9;90.1;77.6;104.8;95.3;109.7;101.1;106.6;102.2;109.6;97.2;102.3;101.9;104.1;98.5;98.7;100.2;100.4;118.4;102.2;102.4;100.0;103.8;103.4;107.5;112.0;100.0;124.7;117.4;139.8
ZACHODNIOPOMORSKIE;09'2019;106.9;109.3;111.4;115.8;99.4;103.0;97.5;116.5;100.4;109.3;115.9;105.7;94.9;0.0;104.0;104.9;100.9;99.8;95.4;79.0;102.9;101.7;115.6;103.4;85.3;104.2;139.3;179.6;135.6;105.0;102.5;104.2;105.4;99.6;94.5;122.4;94.7;91.2;88.1;102.9;94.5;98.7;97.8;103.3;105.1;109.6;98.5;102.3;100.8;109.0;97.7;98.2;102.2;97.2;114.3;98.4;99.8;97.6;105.8;99.1;107.5;109.0;97.5;131.0;117.4;139.8
ZACHODNIOPOMORSKIE;10'2019;106.9;111.6;109.9;115.7;98.9;104.6;95.9;112.5;106.2;114.2;115.2;108.9;100.6;0.0;104.0;108.8;102.6;102.9;100.0;79.3;102.5;101.2;141.2;111.4;98.8;96.5;138.1;196.6;134.0;99.2;107.4;101.3;104.7;100.9;94.5;122.4;94.7;90.7;99.8;102.9;93.4;105.4;97.8;102.8;105.1;109.6;97.2;102.3;87.2;106.8;105.8;101.3;96.0;96.6;114.3;97.1;97.5;97.6;105.8;99.1;107.9;107.0;100.0;122.0;117.4;139.8
ZACHODNIOPOMORSKIE;11'2019;109.6;116.3;112.3;112.2;100.6;102.8;96.1;110.6;107.6;113.1;114.7;107.3;100.6;109.1;102.4;105.3;105.3;101.7;99.0;81.8;107.5;109.2;155.9;102.5;109.1;97.0;125.3;173.9;136.1;104.8;101.7;101.3;104.8;102.7;99.1;122.4;94.4;89.2;90.5;102.5;96.3;104.6;100.8;102.8;105.1;108.8;97.6;102.7;100.2;104.0;107.0;102.2;97.1;102.8;115.7;97.4;93.8;97.6;106.6;100.4;107.9;108.8;107.0;130.8;117.4;139.8
ZACHODNIOPOMORSKIE;12'2019;104.0;120.5;109.1;125.2;108.3;105.4;96.2;120.1;106.5;113.6;117.3;117.9;104.4;105.9;100.0;106.4;109.4;105.1;101.5;82.9;107.9;110.5;172.8;109.4;110.9;100.7;116.6;159.2;133.0;102.6;106.6;99.5;100.0;104.0;99.7;119.9;98.0;91.2;92.5;102.9;93.6;104.4;100.8;103.4;105.1;108.3;96.7;102.7;86.9;104.0;108.8;101.0;97.9;104.4;115.7;100.6;96.8;97.6;107.1;101.8;109.6;107.3;104.4;132.8;117.4;139.8
