month;Product/service;DOLNOSLASKIE;KUJAWSKO-POMORSKIE;LODZKIE;LUBELSKIE;LUBUSKIE;MALOPOLSKIE;MAZOWIECKIE;OPOLSKIE;PODKARPACKIE;PODLASKIE;POMORSKIE;SLASKIE;SWIETOKRZYSKIE;WARMINSKO-MAZURSKIE;WIELKOPOLSKIE;ZACHODNIOPOMORSKIE
01'2019;rice;103.4;106.5;102.5;98.2;104.5;98.7;102.0;96.1;98.5;90.9;101.6;100.0;100.6;90.3;99.4;96.9
01'2019;wheat roll;113.0;109.5;113.2;106.8;122.9;115.2;110.3;106.0;112.8;119.0;117.1;110.0;110.5;102.4;112.5;109.8
01'2019;wheat-rye bread;109.4;111.5;111.1;108.2;112.9;112.1;107.9;113.2;110.3;112.1;115.9;108.2;106.7;109.9;112.1;119.7
01'2019;wheat flour;100.8;107.4;104.7;109.9;109.1;99.2;94.9;97.8;111.4;111.2;104.0;105.0;100.0;105.3;112.3;96.4
01'2019;pearl-barley groats;93.7;95.5;107.3;100.4;90.3;100.0;109.3;112.3;98.6;102.0;113.7;102.2;102.6;103.3;98.9;103.2
01'2019;roast-beef;103.3;102.5;98.3;107.9;99.4;103.9;105.2;104.3;106.8;97.0;105.6;99.8;100.0;97.8;98.8;96.7
01'2019;beef meat;105.5;101.2;101.1;104.9;104.3;100.9;101.1;99.1;104.3;100.3;98.6;98.0;101.5;101.4;100.3;101.7
01'2019;pork;97.4;102.0;100.2;96.8;96.9;104.1;99.2;102.9;99.4;104.5;105.7;101.7;98.8;104.0;104.3;102.0
01'2019;chicken;101.9;100.3;97.9;106.9;100.8;89.7;96.0;97.4;93.2;90.6;83.6;100.4;86.4;99.4;95.7;96.7
01'2019;pork ham;101.2;105.7;99.4;108.8;91.1;95.3;105.1;108.0;97.6;103.8;108.0;102.9;103.8;98.1;106.2;101.6
01'2019;dried sausage;101.9;100.4;97.2;95.9;96.2;98.9;99.8;104.2;101.8;100.6;102.9;103.8;114.5;96.4;97.1;103.4
01'2019;smoked sausage;100.7;101.7;102.3;109.8;106.1;101.4;99.0;95.3;100.1;88.9;110.5;100.2;92.3;95.4;105.4;101.3
01'2019;hake fish;101.9;109.2;102.1;101.6;102.1;93.7;97.2;102.3;102.0;103.1;96.2;105.3;102.8;103.5;104.3;94.3
01'2019;carp fish;102.5;100.5;93.3;106.9;104.7;124.1;103.5;0.0;105.8;109.2;101.9;99.5;103.0;96.7;101.8;97.8
01'2019;cows' milk fat 3.5%;97.9;100.4;102.3;94.1;98.9;93.9;100.4;93.5;94.2;95.4;96.0;96.4;98.8;98.6;99.3;97.3
01'2019;cows' milk fat 2.5%;99.3;101.2;104.1;104.0;102.1;99.6;101.2;102.8;98.9;100.8;100.0;101.2;97.6;102.0;102.7;93.6
01'2019;cottage cheese;96.4;96.5;103.1;102.0;106.8;98.8;100.4;99.4;100.5;99.2;103.2;103.1;98.4;104.6;98.1;96.5
01'2019;yellow cheese;100.0;98.3;101.1;101.9;93.7;98.2;99.2;98.7;101.2;100.6;105.7;99.9;94.3;98.3;97.4;93.1
01'2019;sour cream fat 18%;104.2;104.7;102.9;102.7;101.2;100.5;97.7;98.3;98.4;100.0;104.4;98.9;104.4;100.5;105.1;97.4
01'2019;eggs 1st class;0.0;0.0;0.0;0.0;0.0;0.0;0.0;0.0;0.0;0.0;0.0;0.0;0.0;0.0;0.0;0.0
01'2019;eggs 2nd class;0.0;0.0;0.0;0.0;0.0;0.0;0.0;0.0;0.0;0.0;0.0;0.0;0.0;0.0;0.0;0.0
01'2019;butter;108.8;99.7;105.8;101.7;102.3;103.8;99.8;103.7;106.2;93.7;94.4;98.6;96.3;107.6;100.3;107.6
01'2019;margarine;94.8;99.7;93.4;98.0;94.9;91.2;93.4;94.0;100.0;101.4;107.5;98.4;106.0;103.9;97.1;96.8
01'2019;rape oil;95.1;99.5;98.0;100.0;102.0;97.5;101.3;100.0;102.9;91.5;101.0;96.4;105.8;105.6;100.0;95.1
01'2019;apples;62.6;64.0;56.3;59.0;61.4;54.4;61.1;55.7;48.7;60.0;66.6;64.1;69.2;66.1;65.0;60.9
01'2019;oranges;91.7;97.4;96.3;107.5;101.0;94.3;94.8;75.0;103.0;89.2;87.1;89.1;94.1;104.2;99.4;90.8
01'2019;lemons;99.5;96.3;99.5;94.1;88.4;96.9;99.2;100.8;92.7;89.3;97.7;102.0;94.5;95.8;93.2;101.1
01'2019;carrots;146.5;139.4;143.2;126.0;141.1;171.4;146.1;149.5;156.3;126.3;123.1;152.7;120.8;119.4;127.3;126.4
01'2019;onions;147.9;133.5;183.0;133.6;145.7;187.9;164.1;157.3;165.2;175.1;130.4;177.0;166.3;163.1;151.2;141.6
01'2019;potatoes;144.1;144.9;148.0;159.6;145.0;162.7;154.7;144.4;149.1;176.4;137.3;155.6;158.5;136.9;144.0;150.0
01'2019;sugar;89.8;80.6;91.1;92.3;82.4;91.9;100.9;92.8;88.2;90.3;88.6;78.4;71.9;103.5;85.3;93.1
01'2019;chocolate;102.0;107.2;105.2;102.3;105.5;105.1;102.4;101.1;100.5;106.0;108.4;103.9;105.8;104.4;104.9;108.3
01'2019;coffee;100.9;107.8;103.6;104.3;111.7;104.5;100.5;112.8;104.5;109.1;104.9;98.8;104.2;107.4;111.7;106.7
01'2019;black tea;0.0;0.0;0.0;0.0;0.0;0.0;0.0;0.0;0.0;0.0;0.0;0.0;0.0;0.0;0.0;0.0
01'2019;apple juice;105.8;106.9;101.8;107.9;109.7;103.1;102.7;110.8;104.5;110.8;101.1;92.1;107.6;98.4;106.0;106.7
01'2019;beer;105.6;100.3;106.2;108.3;100.7;109.9;102.1;109.4;105.1;107.1;105.4;102.5;109.3;105.4;105.8;102.8
01'2019;cigarettes;98.9;97.7;98.2;97.5;97.2;100.1;99.9;96.5;97.0;97.6;96.3;98.0;99.4;98.4;98.4;93.1
01'2019;men's suit;100.4;97.0;106.4;109.1;101.1;94.2;86.8;111.5;99.6;101.6;99.6;99.3;100.7;88.9;104.3;90.8
01'2019;men's shirt;104.6;96.2;102.6;105.8;93.1;102.9;94.9;119.5;89.8;104.3;102.1;103.7;99.3;128.0;99.7;90.6
01'2019;men's cotton undershirt;98.1;101.2;92.8;97.6;97.5;103.8;79.5;102.0;100.3;96.4;97.3;92.8;105.6;111.5;104.5;87.4
01'2019;women's tights;101.4;101.1;104.9;95.2;101.9;101.6;100.8;109.5;104.1;105.7;99.5;103.0;112.2;106.8;102.4;93.8
01'2019;kid's trousers;81.3;96.7;103.3;101.5;110.3;92.6;104.8;116.4;91.9;101.1;85.8;103.5;83.9;97.7;97.4;78.4
01'2019;men's suit dry-cleaning;106.4;109.0;104.5;100.0;107.1;101.7;103.9;113.8;103.4;105.5;107.0;107.4;110.4;106.8;104.6;104.6
01'2019;men's low leather shoes;100.0;102.4;103.0;101.5;89.4;101.1;103.2;104.7;104.5;104.0;109.3;101.4;101.7;99.3;98.8;102.6
01'2019;women's low leather shoes;92.6;99.8;98.5;103.7;97.7;102.1;98.5;100.6;102.9;99.8;107.7;102.2;100.4;99.0;101.0;94.3
01'2019;resoling men's shoes;105.0;101.8;107.3;103.7;101.6;100.5;102.1;104.9;100.6;100.5;99.7;101.8;108.5;102.2;99.6;102.3
01'2019;sink fixture;94.9;108.1;104.5;102.1;116.3;103.2;102.1;91.9;114.2;101.6;108.3;115.3;97.8;103.2;100.0;112.8
01'2019;cold water by municipal water-system;102.8;101.5;102.7;97.8;102.0;102.6;97.6;103.1;103.4;101.8;99.7;101.7;101.7;103.3;102.1;100.5
01'2019;heating of dwellings;100.0;104.9;102.5;101.6;103.1;101.1;92.5;94.5;100.6;94.1;100.5;100.2;98.4;104.2;103.8;101.7
01'2019;hard coal;99.7;98.8;99.9;104.1;98.3;99.6;101.2;96.1;97.9;101.5;103.4;98.9;100.4;100.2;100.1;102.7
01'2019;hot water;102.9;100.7;103.4;100.5;99.9;105.0;101.1;99.8;97.6;104.1;100.4;101.4;101.2;100.4;104.5;97.6
01'2019;synthetic net curtain;102.6;99.1;109.9;102.9;108.2;105.1;103.4;100.7;103.9;104.5;106.8;106.7;118.8;108.2;98.6;93.1
01'2019;frotte cotton towel;98.9;97.9;104.5;97.7;96.2;107.9;99.5;100.6;107.1;101.1;99.7;104.0;98.0;91.5;102.7;102.8
01'2019;food mixer;98.4;102.7;106.0;103.6;94.0;106.8;101.3;98.4;98.9;98.0;103.9;105.4;101.1;111.8;108.3;102.0
01'2019;microwave oven;101.1;102.4;101.1;96.2;104.8;96.5;100.8;87.1;104.2;99.4;98.5;103.0;95.7;103.2;99.7;102.3
01'2019;porcelain soup plate;111.8;101.5;105.2;96.7;108.1;92.9;109.4;104.4;101.4;103.4;110.2;103.7;103.3;100.7;104.0;100.2
01'2019;washing powder;100.5;103.7;99.6;101.0;101.3;98.9;99.1;99.5;104.0;101.8;101.1;98.5;98.7;98.5;101.3;100.2
01'2019;doctor consultation;106.6;103.4;104.6;99.1;117.3;108.1;104.0;106.6;108.5;103.4;103.7;102.9;103.8;103.9;108.1;109.0
01'2019;petrol 95;101.9;103.1;101.7;102.5;101.3;100.2;102.5;103.4;100.8;103.2;101.3;99.6;100.0;100.2;101.1;103.0
01'2019;disel oil;109.6;109.1;108.7;109.7;108.0;108.4;110.1;109.5;108.6;109.7;110.8;107.6;107.7;108.6;109.9;111.2
01'2019;bus ticket;103.4;100.0;100.0;100.0;100.0;101.8;101.2;100.0;102.1;103.9;100.0;100.0;100.0;94.6;100.3;100.0
01'2019;taxi daily fare;99.6;104.2;100.1;101.7;99.5;103.4;102.1;100.0;100.6;103.0;100.4;102.9;106.0;101.8;102.1;102.8
01'2019;cinema ticket;105.0;95.7;100.3;100.7;104.4;103.1;106.2;110.2;101.8;101.4;98.4;99.3;101.1;100.0;102.7;99.8
01'2019;regional newspaper;107.1;114.1;109.8;98.8;102.4;102.4;102.3;110.0;111.9;104.0;108.2;0.0;109.7;119.4;101.1;105.0
01'2019;men's hair-cutting;103.4;101.7;107.0;102.3;107.5;104.7;101.9;107.1;110.8;111.7;103.9;110.8;101.1;106.1;108.3;115.5
01'2019;toilet soap;107.4;104.3;107.6;100.5;104.1;105.6;95.6;114.4;106.2;108.7;109.9;102.6;110.2;110.8;105.4;108.4
01'2019;tooth-paste;100.8;101.3;94.2;99.4;97.5;94.0;108.9;85.5;105.0;113.5;104.9;102.0;97.8;94.6;101.3;101.4
01'2019;segregated waste collection;100.0;106.2;116.4;100.0;109.9;109.7;109.2;108.3;122.1;102.3;100.0;104.0;100.0;106.5;100.0;101.4
01'2019;non-segregated waste collection;100.0;106.5;116.0;100.0;107.8;110.7;116.1;111.5;121.0;102.7;96.8;114.1;100.0;103.7;100.0;101.1
02'2019;rice;101.8;107.0;101.6;101.4;104.8;96.8;103.8;97.5;99.5;93.5;104.9;103.4;101.4;90.6;103.5;96.9
02'2019;wheat roll;113.0;111.9;110.3;113.6;116.7;113.0;107.5;106.0;112.8;109.3;111.6;112.5;115.8;102.4;112.5;114.6
02'2019;wheat-rye bread;109.0;112.4;111.4;109.6;113.6;113.4;111.7;111.9;109.8;114.7;114.4;109.6;108.0;112.2;112.4;122.2
02'2019;wheat flour;103.1;105.3;110.2;114.0;117.5;98.4;95.3;100.4;111.8;120.2;99.6;107.3;103.4;105.4;116.0;102.1
02'2019;pearl-barley groats;96.6;97.0;104.0;101.7;90.5;100.0;109.1;116.7;102.5;100.8;117.3;101.7;109.6;107.5;98.9;98.1
02'2019;roast-beef;103.5;99.6;98.8;99.3;94.1;103.3;103.9;104.1;107.5;100.4;102.5;99.4;98.7;101.2;99.8;95.0
02'2019;beef meat;102.4;97.1;103.7;102.9;102.5;99.1;102.5;99.6;104.7;101.3;93.8;99.4;98.5;91.8;102.2;94.2
02'2019;pork;102.7;107.4;101.8;103.5;99.9;104.6;95.9;102.2;97.0;101.7;107.2;103.8;97.7;103.9;101.6;104.2
02'2019;chicken;101.3;102.1;100.6;105.0;102.8;97.0;100.9;97.6;92.6;96.6;87.6;96.7;96.8;101.3;99.2;96.6
02'2019;pork ham;99.0;106.1;101.4;111.0;94.6;95.6;102.8;108.0;96.6;100.4;107.4;99.7;102.2;101.3;102.2;101.9
02'2019;dried sausage;101.3;103.6;99.5;101.5;101.5;94.7;101.0;104.2;95.7;95.6;101.9;103.4;112.3;100.6;98.7;103.4
02'2019;smoked sausage;97.7;100.4;102.4;104.5;106.7;101.6;99.1;101.2;98.5;90.9;109.8;100.9;102.6;99.9;105.3;101.8
02'2019;hake fish;101.9;109.3;101.7;102.7;102.6;97.8;101.4;109.3;96.7;104.6;86.1;107.6;110.2;101.4;106.0;93.8
02'2019;carp fish;0.0;97.5;95.1;108.5;88.3;124.9;102.5;0.0;89.9;109.4;105.0;100.2;0.0;97.3;107.0;94.5
02'2019;cows' milk fat 3.5%;97.9;99.3;97.4;99.0;95.7;94.2;100.0;97.7;100.0;93.8;97.6;98.9;95.5;97.6;97.0;98.9
02'2019;cows' milk fat 2.5%;100.0;101.6;102.1;103.2;99.6;102.3;101.2;100.0;100.0;102.6;103.0;100.8;97.2;100.8;98.3;94.0
02'2019;cottage cheese;96.2;98.7;104.9;106.6;102.9;101.6;102.6;97.0;101.1;99.2;106.4;105.6;98.4;102.5;99.0;98.2
02'2019;yellow cheese;100.9;100.4;102.1;104.1;97.0;99.5;102.7;103.3;97.9;95.3;107.3;107.4;97.1;103.0;99.3;97.3
02'2019;sour cream fat 18%;101.5;102.6;103.4;100.0;103.0;104.4;99.4;96.2;101.6;100.5;101.1;107.1;110.8;100.0;103.4;102.6
02'2019;eggs 1st class;0.0;0.0;0.0;0.0;0.0;0.0;0.0;0.0;0.0;0.0;0.0;0.0;0.0;0.0;0.0;0.0
02'2019;eggs 2nd class;0.0;0.0;0.0;0.0;0.0;0.0;0.0;0.0;0.0;0.0;0.0;0.0;0.0;0.0;0.0;0.0
02'2019;butter;115.2;105.0;109.1;101.2;106.6;116.4;102.4;105.9;106.9;110.2;103.8;113.2;94.5;106.1;104.4;100.8
02'2019;margarine;96.8;100.0;100.9;103.8;98.5;92.2;94.9;98.2;102.4;118.4;110.8;101.3;101.1;99.2;99.4;98.4
02'2019;rape oil;99.2;98.3;99.0;103.6;99.3;99.8;101.6;104.2;99.1;98.1;102.7;100.7;102.9;106.0;100.3;98.3
02'2019;apples;63.3;64.1;57.8;63.2;61.8;56.1;59.4;54.4;50.7;59.3;68.1;65.3;70.4;65.3;62.8;59.1
02'2019;oranges;94.6;85.5;98.3;97.7;99.6;89.7;94.3;87.9;104.9;91.0;82.7;89.8;98.3;93.9;92.3;91.7
02'2019;lemons;96.8;95.9;100.3;94.8;92.1;89.3;94.2;110.1;94.8;90.7;97.2;105.9;93.8;90.7;96.7;99.1
02'2019;carrots;139.6;134.6;152.6;125.8;145.7;168.9;132.9;129.8;146.6;125.7;122.4;145.7;126.3;126.4;134.5;130.4
02'2019;onions;171.1;162.9;196.7;156.3;165.7;214.6;189.0;162.2;190.5;186.6;151.0;203.7;186.1;167.8;173.6;162.9
02'2019;potatoes;177.9;167.3;162.0;155.7;165.2;182.1;165.6;167.9;158.0;189.9;148.2;170.0;181.7;148.0;161.7;166.4
02'2019;sugar;98.4;95.3;115.8;123.5;93.0;103.5;105.3;116.8;111.7;109.1;103.0;107.7;95.5;125.6;98.3;105.1
02'2019;chocolate;99.5;106.4;101.9;107.2;110.5;107.7;99.7;106.7;103.0;104.9;111.1;105.5;95.3;96.4;109.0;99.7
02'2019;coffee;99.9;110.6;99.3;97.6;116.7;102.6;102.7;115.6;103.9;105.1;106.0;97.8;100.5;105.7;109.8;103.7
02'2019;black tea;0.0;0.0;0.0;0.0;0.0;0.0;0.0;0.0;0.0;0.0;0.0;0.0;0.0;0.0;0.0;0.0
02'2019;apple juice;111.2;105.3;101.8;105.4;107.1;101.2;97.2;103.3;104.8;104.3;103.2;99.5;104.1;101.3;101.8;107.7
02'2019;beer;105.2;101.7;99.6;106.0;103.6;112.6;107.4;104.0;105.4;106.1;103.8;99.6;110.0;105.1;105.4;105.7
02'2019;cigarettes;99.4;98.8;99.3;98.6;98.6;98.0;99.7;97.5;96.4;100.3;98.6;98.1;99.4;98.9;98.4;95.3
02'2019;men's suit;99.9;97.0;115.9;109.0;101.1;91.8;88.1;108.5;99.6;101.6;99.6;98.5;103.1;88.4;105.6;93.6
02'2019;men's shirt;102.9;96.2;102.9;105.8;93.1;106.7;95.1;107.4;90.7;106.4;105.6;106.4;99.3;128.3;100.8;92.2
02'2019;men's cotton undershirt;95.2;101.2;96.1;95.6;97.5;106.2;80.6;102.0;100.3;96.4;97.3;93.4;105.6;112.0;102.5;82.9
02'2019;women's tights;100.6;102.0;104.9;94.6;101.9;100.4;101.6;109.5;104.1;105.7;99.5;103.4;112.2;106.8;107.2;88.5
02'2019;kid's trousers;86.8;94.4;96.5;105.4;93.8;94.9;96.4;98.8;85.6;107.8;88.7;103.1;97.4;98.9;99.8;88.3
02'2019;men's suit dry-cleaning;104.4;107.9;105.5;100.0;107.1;102.8;103.7;113.8;103.4;107.4;105.8;108.7;107.7;107.0;104.9;104.4
02'2019;men's low leather shoes;99.7;102.4;106.4;101.9;90.7;102.0;100.2;103.9;104.9;104.4;111.1;101.4;100.0;100.2;98.2;102.6
02'2019;women's low leather shoes;94.5;100.2;96.0;100.5;94.2;108.3;98.8;100.6;102.9;99.8;109.8;102.2;100.4;100.0;101.0;96.2
02'2019;resoling men's shoes;105.0;101.8;106.5;103.7;101.2;100.5;103.3;103.0;100.2;100.5;99.3;103.5;108.5;108.6;101.7;102.3
02'2019;sink fixture;95.9;107.6;104.5;99.5;117.4;102.8;104.7;99.9;114.2;91.0;106.7;113.4;98.5;107.1;100.0;113.3
02'2019;cold water by municipal water-system;102.8;101.5;105.9;97.8;102.0;102.6;97.6;103.1;103.4;101.8;99.7;101.9;101.7;103.3;102.1;101.5
02'2019;heating of dwellings;101.7;104.9;103.0;101.9;103.1;101.1;91.4;94.5;100.6;94.1;100.5;100.2;99.0;106.3;103.3;109.3
02'2019;hard coal;100.0;99.2;100.4;103.3;98.3;99.7;101.5;97.7;98.6;104.0;102.3;99.2;100.9;100.2;100.5;100.0
02'2019;hot water;103.5;100.5;103.9;101.0;102.7;105.4;101.3;99.6;97.6;104.1;100.1;101.2;101.2;103.8;104.4;97.8
02'2019;synthetic net curtain;103.6;100.0;106.6;104.1;107.5;105.1;106.6;100.7;103.9;104.0;106.8;108.7;130.9;108.6;97.9;94.8
02'2019;frotte cotton towel;98.0;97.2;105.7;93.7;108.3;107.5;98.6;111.5;106.7;100.6;97.4;104.1;97.6;95.1;104.7;107.5
02'2019;food mixer;103.3;104.4;103.7;103.8;96.6;109.6;104.1;100.0;100.3;96.8;101.3;102.4;103.9;115.4;106.4;101.9
02'2019;microwave oven;99.2;104.3;100.9;98.3;101.8;93.3;100.1;87.7;106.0;96.7;100.3;102.3;99.1;117.5;101.0;97.0
02'2019;porcelain soup plate;112.2;104.1;105.7;97.1;108.5;94.1;104.0;104.4;101.1;102.9;110.1;105.5;102.7;101.5;103.9;92.0
02'2019;washing powder;100.5;103.5;100.6;100.0;102.0;98.9;99.4;100.7;102.0;103.7;103.4;100.8;97.4;98.2;102.5;100.2
02'2019;doctor consultation;106.6;102.7;104.5;100.9;114.9;118.4;103.6;112.3;108.5;103.4;103.7;106.5;103.8;103.9;110.5;109.0
02'2019;petrol 95;103.0;105.1;102.6;103.6;102.2;100.9;103.6;105.6;103.0;105.2;103.0;100.9;101.1;102.1;103.2;103.8
02'2019;disel oil;111.3;111.3;109.7;111.5;108.9;108.9;111.1;112.1;110.5;111.9;112.1;109.3;110.1;110.7;112.0;111.7
02'2019;bus ticket;103.4;100.0;100.0;100.0;100.0;101.8;102.2;100.0;103.4;103.9;100.0;100.0;100.0;94.6;97.3;100.0
02'2019;taxi daily fare;101.5;104.2;100.0;101.7;99.5;103.2;101.3;100.0;101.6;103.0;100.0;103.7;106.0;103.1;102.1;102.8
02'2019;cinema ticket;105.7;96.2;100.0;103.9;104.8;103.1;106.7;110.7;101.8;101.8;98.4;100.5;102.2;101.0;102.6;99.8
02'2019;regional newspaper;107.1;114.1;109.4;98.8;102.1;102.8;103.5;106.1;109.8;104.0;107.8;0.0;110.5;118.3;101.1;105.0
02'2019;men's hair-cutting;103.6;101.7;109.7;102.3;109.7;104.7;104.3;104.9;110.8;113.5;101.7;115.1;106.5;106.1;108.2;113.2
02'2019;toilet soap;104.7;102.9;106.8;101.0;104.6;102.5;99.5;104.2;104.0;103.4;104.1;103.1;110.2;106.2;105.4;103.5
02'2019;tooth-paste;96.3;100.5;95.1;99.7;100.0;104.1;103.0;112.0;98.7;102.8;93.1;100.7;137.5;95.0;103.0;112.7
02'2019;segregated waste collection;101.9;118.7;116.4;106.5;106.7;109.7;110.7;117.2;116.5;102.3;100.0;103.4;100.0;104.3;105.0;106.6
02'2019;non-segregated waste collection;100.0;106.5;116.0;100.0;107.8;110.7;116.1;111.5;121.0;102.7;96.8;114.1;100.0;103.7;100.0;101.1
03'2019;rice;100.3;108.7;100.5;101.4;105.7;97.9;103.6;96.1;100.3;91.1;105.4;106.5;93.9;90.6;105.7;100.5
03'2019;wheat roll;106.4;111.9;110.3;113.6;114.3;110.6;110.3;108.3;115.4;111.9;117.1;112.5;115.8;102.4;110.2;109.3
03'2019;wheat-rye bread;106.8;113.3;110.1;108.7;113.1;113.8;111.0;111.9;109.8;110.7;114.4;109.9;108.9;114.9;113.6;113.7
03'2019;wheat flour;102.7;108.9;105.7;116.6;127.9;105.9;100.0;113.9;116.4;122.6;107.7;110.4;106.9;105.7;120.0;106.0
03'2019;pearl-barley groats;97.8;97.5;105.1;106.3;88.0;98.9;104.3;115.5;103.6;95.4;116.7;101.7;104.5;107.5;99.5;110.8
03'2019;roast-beef;103.9;100.6;98.0;99.2;95.9;102.5;102.2;104.3;107.5;99.9;101.1;97.5;98.7;101.3;100.2;98.5
03'2019;beef meat;100.1;98.9;101.2;104.0;99.4;99.0;101.0;100.4;109.2;103.5;96.7;99.9;106.1;100.7;99.8;99.6
03'2019;pork;101.3;98.6;97.9;99.6;103.1;100.1;96.3;97.7;100.4;97.1;104.3;98.3;94.6;99.2;100.7;102.7
03'2019;chicken;106.4;111.7;102.9;105.3;112.0;101.3;103.4;103.6;98.0;99.3;98.3;92.7;102.2;101.7;101.2;100.7
03'2019;pork ham;101.0;104.6;107.3;114.2;98.0;94.1;105.8;108.0;100.4;101.3;104.9;100.5;103.4;104.4;103.7;102.3
03'2019;dried sausage;99.5;103.6;100.5;101.7;101.9;95.7;99.7;103.7;96.2;97.8;101.6;102.4;106.3;99.7;98.0;103.9
03'2019;smoked sausage;99.7;99.6;105.7;107.5;102.7;102.0;97.3;102.0;98.0;96.3;109.0;102.8;101.2;96.0;107.0;98.9
03'2019;hake fish;101.3;111.0;101.0;102.8;102.6;100.2;105.3;107.0;96.4;104.2;90.3;106.9;109.8;103.3;106.8;93.5
03'2019;carp fish;0.0;0.0;0.0;0.0;0.0;0.0;0.0;0.0;0.0;0.0;0.0;0.0;0.0;0.0;0.0;0.0
03'2019;cows' milk fat 3.5%;97.2;99.6;97.8;91.8;94.4;97.8;98.2;101.9;97.5;90.6;96.8;95.6;92.1;90.7;95.2;96.5
03'2019;cows' milk fat 2.5%;106.3;100.8;102.5;101.6;101.6;105.1;102.8;96.8;98.2;98.7;101.3;103.3;98.4;102.5;99.1;98.3
03'2019;cottage cheese;99.3;99.7;104.1;105.3;107.5;101.6;101.8;97.0;100.9;98.4;104.2;105.7;95.9;106.7;97.8;102.6
03'2019;yellow cheese;101.6;99.3;104.4;105.1;93.1;96.1;105.4;105.2;98.6;95.3;106.4;109.0;100.9;107.6;99.6;90.4
03'2019;sour cream fat 18%;99.5;103.1;105.8;99.0;102.4;102.2;102.4;96.7;100.5;106.9;103.3;106.0;103.4;98.3;104.5;101.6
03'2019;eggs 1st class;0.0;0.0;0.0;0.0;0.0;0.0;0.0;0.0;0.0;0.0;0.0;0.0;0.0;0.0;0.0;0.0
03'2019;eggs 2nd class;0.0;0.0;0.0;0.0;0.0;0.0;0.0;0.0;0.0;0.0;0.0;0.0;0.0;0.0;0.0;0.0
03'2019;butter;103.6;101.9;106.4;104.1;109.1;103.2;102.0;98.8;97.0;111.3;108.3;112.1;97.1;102.1;106.2;109.9
03'2019;margarine;95.2;96.0;104.2;102.6;98.7;104.8;96.4;100.5;105.4;110.2;106.9;96.2;97.8;99.7;96.7;98.0
03'2019;rape oil;103.0;100.8;99.8;107.4;98.9;100.8;101.4;105.4;101.9;107.8;101.5;100.2;99.5;111.8;100.7;101.4
03'2019;apples;63.0;57.6;56.2;62.4;61.4;54.4;52.8;54.1;50.6;63.9;68.3;62.4;64.1;59.8;64.1;58.3
03'2019;oranges;94.3;95.6;98.7;90.8;105.0;95.2;95.1;88.5;99.8;83.4;85.6;87.8;94.0;103.2;97.4;94.3
03'2019;lemons;101.7;98.6;98.9;92.3;81.6;91.9;92.2;99.2;88.1;92.4;96.3;98.5;96.5;99.1;99.0;100.0
03'2019;carrots;137.2;136.4;140.6;120.5;139.3;157.9;133.8;131.6;132.9;119.0;124.9;137.5;123.5;120.2;130.8;126.2
03'2019;onions;173.4;170.0;207.6;177.8;173.3;227.4;194.2;182.9;200.5;223.1;159.0;195.9;189.9;177.7;179.9;167.2
03'2019;potatoes;175.0;187.6;166.0;167.2;188.1;209.3;186.7;180.5;175.0;199.1;171.9;174.8;179.6;150.8;190.8;194.9
03'2019;sugar;109.1;103.7;114.5;115.6;97.1;116.2;114.8;122.7;115.3;116.8;105.6;110.9;106.9;124.4;110.3;113.2
03'2019;chocolate;104.5;109.3;108.8;102.1;107.5;106.3;101.9;103.4;101.4;103.6;110.4;107.7;106.1;103.0;106.7;108.4
03'2019;coffee;99.7;109.5;98.9;95.8;115.7;99.1;100.4;108.4;106.3;103.9;106.2;97.2;97.7;106.8;108.0;101.7
03'2019;black tea;0.0;0.0;0.0;0.0;0.0;0.0;0.0;0.0;0.0;0.0;0.0;0.0;0.0;0.0;0.0;0.0
03'2019;apple juice;105.8;103.5;99.5;100.0;98.1;111.0;101.3;112.8;100.2;111.9;100.8;98.4;102.0;102.9;101.6;110.6
03'2019;beer;106.3;102.1;101.1;109.7;101.1;109.6;107.7;106.5;104.6;107.0;104.5;100.4;109.5;108.5;106.2;104.2
03'2019;cigarettes;99.5;98.8;99.2;97.7;99.5;99.4;98.5;97.5;97.5;99.0;98.5;99.0;99.4;98.9;98.4;97.5
03'2019;men's suit;94.9;91.2;115.9;107.7;102.3;91.5;97.3;122.4;99.0;102.4;100.6;103.3;107.4;113.5;106.2;91.6
03'2019;men's shirt;98.9;94.3;103.4;108.9;94.3;106.7;103.0;118.8;101.6;103.5;100.9;103.5;109.9;118.6;100.3;101.8
03'2019;men's cotton undershirt;95.2;101.6;94.2;95.6;96.1;104.0;94.5;101.3;101.3;101.4;96.6;91.6;104.8;109.5;102.6;96.9
03'2019;women's tights;104.0;101.9;106.3;94.3;106.3;101.6;101.0;108.4;106.4;102.6;98.9;104.7;110.0;106.8;99.0;86.5
03'2019;kid's trousers;91.2;92.9;106.8;100.1;103.7;94.3;96.4;107.5;90.9;104.5;95.1;105.0;111.1;99.9;103.1;89.5
03'2019;men's suit dry-cleaning;106.3;107.9;107.7;102.5;107.1;103.1;104.1;113.8;103.4;107.4;105.8;109.0;107.7;107.6;104.9;104.4
03'2019;men's low leather shoes;103.1;100.5;106.5;103.4;92.6;102.4;95.5;101.5;109.6;105.0;105.8;101.1;100.0;100.2;101.6;96.9
03'2019;women's low leather shoes;97.0;97.1;102.2;101.8;105.6;105.9;95.4;98.2;103.8;98.5;99.5;106.0;98.2;101.4;100.9;96.2
03'2019;resoling men's shoes;105.6;102.1;102.5;106.0;101.2;100.5;104.5;103.0;100.2;101.9;100.0;103.5;108.5;109.7;101.7;102.5
03'2019;sink fixture;94.4;108.0;104.3;93.3;118.8;103.7;106.1;99.9;114.0;91.4;107.4;110.4;94.5;106.1;100.7;111.8
03'2019;cold water by municipal water-system;102.8;101.5;105.9;97.8;102.0;102.6;97.3;103.1;103.4;101.8;99.7;101.9;101.7;103.3;101.6;101.7
03'2019;heating of dwellings;101.7;104.9;103.0;101.9;103.1;101.1;91.4;94.5;100.6;94.1;102.8;98.8;99.0;106.3;100.4;109.3
03'2019;hard coal;100.1;99.5;99.6;103.7;100.4;99.8;101.4;97.6;99.7;102.3;101.7;100.2;98.7;100.8;100.0;100.5
03'2019;hot water;102.9;100.5;103.9;101.0;102.2;103.0;101.3;99.9;97.6;102.6;99.3;101.2;101.2;105.3;104.9;97.8
03'2019;synthetic net curtain;105.0;98.5;105.6;100.7;106.7;104.6;107.0;103.3;103.6;102.2;106.8;108.9;130.9;112.6;99.8;96.5
03'2019;frotte cotton towel;97.2;98.5;99.3;101.4;99.7;108.3;95.1;99.7;103.4;104.2;97.1;100.7;97.6;89.3;105.4;102.6
03'2019;food mixer;103.1;106.8;106.4;99.6;105.5;109.1;103.6;100.0;101.5;101.0;105.2;103.7;102.6;118.4;107.8;108.0
03'2019;microwave oven;100.6;103.5;98.7;99.9;101.8;97.5;100.9;89.9;106.2;105.4;100.5;102.7;100.9;115.9;101.6;110.4
03'2019;porcelain soup plate;113.2;103.1;105.3;97.1;104.4;104.8;100.9;104.4;101.2;102.6;107.4;100.6;104.2;101.4;104.0;92.0
03'2019;washing powder;99.8;103.1;101.6;100.2;102.6;99.4;98.9;100.3;101.1;100.7;101.0;100.6;95.7;98.2;101.6;102.5
03'2019;doctor consultation;106.0;102.7;107.3;100.9;114.9;117.3;103.6;112.3;108.5;103.4;102.9;102.9;103.8;111.8;110.5;113.5
03'2019;petrol 95;104.5;104.9;105.2;105.6;103.5;103.0;104.5;104.8;103.9;106.3;103.9;102.8;103.7;104.3;104.3;104.3
03'2019;disel oil;113.0;113.5;113.2;113.5;110.7;111.9;112.2;112.8;113.4;114.3;115.3;112.2;112.1;114.4;114.3;112.8
03'2019;bus ticket;103.4;100.0;100.0;100.0;100.0;101.8;98.8;100.0;103.4;103.9;100.0;100.0;100.0;94.6;97.3;100.0
03'2019;taxi daily fare;101.5;104.2;102.3;101.7;99.5;103.2;100.5;100.0;101.6;103.0;100.0;102.7;106.0;103.1;102.1;103.8
03'2019;cinema ticket;105.7;94.8;98.8;104.8;104.8;103.6;103.8;110.7;101.8;104.7;85.1;100.5;102.2;101.9;102.6;102.4
03'2019;regional newspaper;107.1;107.9;109.0;99.6;103.8;108.4;102.3;106.1;109.3;104.0;106.9;0.0;107.3;115.2;99.6;105.0
03'2019;men's hair-cutting;107.0;104.7;111.5;102.3;116.7;102.3;104.9;102.7;109.0;112.1;104.2;116.8;109.8;106.1;106.8;113.2
03'2019;toilet soap;100.0;102.8;101.0;107.1;105.7;101.0;100.0;98.5;104.0;97.1;101.5;99.0;114.0;102.0;104.4;100.0
03'2019;tooth-paste;113.3;103.7;106.8;129.5;99.3;114.7;101.6;100.7;104.1;115.2;116.2;111.2;97.7;99.5;111.2;113.6
03'2019;segregated waste collection;101.9;111.2;118.0;106.5;106.7;111.0;110.4;128.7;126.1;102.3;101.4;108.0;100.0;108.5;107.7;106.6
03'2019;non-segregated waste collection;102.5;113.6;119.5;111.9;104.0;114.6;116.5;129.3;132.6;102.7;100.3;118.0;100.0;126.6;107.9;111.4
04'2019;rice;102.1;108.7;103.0;107.9;107.1;101.3;104.8;98.9;102.8;94.7;99.2;104.2;99.4;89.0;105.6;103.1
04'2019;wheat roll;106.4;111.6;110.3;113.6;114.3;106.1;110.3;108.2;112.5;109.3;114.3;115.0;118.4;102.4;110.2;109.3
04'2019;wheat-rye bread;106.8;111.7;112.0;109.1;112.7;115.1;112.1;111.9;111.3;109.7;114.4;109.9;108.9;115.8;112.2;116.4
04'2019;wheat flour;100.4;101.6;116.5;108.9;124.1;105.0;103.5;106.3;107.2;117.3;101.5;111.4;107.2;108.7;119.6;101.2
04'2019;pearl-barley groats;97.8;99.0;107.6;112.7;90.7;98.9;101.5;115.5;102.1;96.5;117.6;103.9;112.8;107.4;98.4;109.4
04'2019;roast-beef;103.3;105.5;100.7;98.2;97.6;102.6;100.9;104.3;105.0;102.4;103.3;98.3;98.7;100.5;98.0;100.4
04'2019;beef meat;99.6;105.1;102.6;99.6;94.6;100.2;101.3;101.3;107.2;104.2;95.8;96.6;102.8;100.8;96.8;99.2
04'2019;pork;110.4;114.8;108.3;107.5;120.0;112.6;108.8;111.9;103.2;114.4;112.5;113.3;117.1;113.5;113.0;113.1
04'2019;chicken;111.2;110.3;104.8;117.3;104.3;104.7;103.4;104.5;103.5;106.9;97.5;101.1;99.0;109.7;101.6;103.8
04'2019;pork ham;103.2;109.8;112.1;113.4;93.8;94.8;106.2;109.5;102.2;105.8;102.9;101.1;108.7;107.7;106.9;103.7
04'2019;dried sausage;100.3;107.3;100.3;99.9;102.8;95.5;97.8;104.2;95.2;98.6;103.7;103.8;109.9;96.9;102.4;106.8
04'2019;smoked sausage;103.7;100.5;106.1;114.9;116.1;104.6;99.5;100.2;101.0;97.3;111.5;102.1;93.4;101.8;109.6;97.7
04'2019;hake fish;102.4;111.3;105.4;103.6;100.2;100.2;100.3;105.5;103.1;104.2;89.2;106.9;105.3;104.4;107.7;94.6
04'2019;carp fish;0.0;0.0;0.0;0.0;0.0;0.0;0.0;0.0;0.0;0.0;0.0;0.0;0.0;0.0;0.0;0.0
04'2019;cows' milk fat 3.5%;95.5;101.1;102.7;94.7;98.8;95.6;100.0;101.1;94.4;96.6;97.1;97.1;95.4;94.9;98.1;94.6
04'2019;cows' milk fat 2.5%;101.5;100.0;106.0;101.2;101.2;103.5;100.0;95.5;97.8;99.6;95.4;101.2;100.8;97.3;100.0;95.2
04'2019;cottage cheese;97.6;100.8;100.8;105.2;106.1;99.0;101.9;98.2;100.4;98.4;97.4;105.1;98.7;103.1;99.7;102.1
04'2019;yellow cheese;103.1;105.8;103.9;101.5;94.6;94.9;104.1;99.4;96.8;97.4;103.8;102.8;101.9;97.8;101.7;93.7
04'2019;sour cream fat 18%;100.0;104.8;107.0;101.6;102.4;109.4;102.4;97.8;101.1;104.0;103.3;106.6;104.5;99.5;108.6;102.6
04'2019;eggs 1st class;0.0;0.0;0.0;0.0;0.0;0.0;0.0;0.0;0.0;0.0;0.0;0.0;0.0;0.0;0.0;0.0
04'2019;eggs 2nd class;0.0;0.0;0.0;0.0;0.0;0.0;0.0;0.0;0.0;0.0;0.0;0.0;0.0;0.0;0.0;0.0
04'2019;butter;104.0;98.9;99.5;100.2;116.8;105.5;98.2;100.2;95.5;103.0;97.1;103.5;102.1;98.5;111.3;94.8
04'2019;margarine;92.7;99.2;103.0;103.1;100.0;97.1;102.0;93.3;97.0;111.8;102.5;95.9;94.4;102.3;97.9;99.4
04'2019;rape oil;97.5;91.7;99.4;94.3;93.1;102.0;102.4;100.8;100.0;102.2;101.5;96.6;102.6;105.4;101.6;99.1
04'2019;apples;61.3;55.2;57.1;58.8;63.8;53.1;49.8;52.0;45.8;61.9;65.5;61.8;60.9;59.4;62.6;56.8
04'2019;oranges;98.3;95.8;102.9;101.6;97.1;91.7;95.3;92.4;101.0;96.8;88.6;95.5;100.6;106.3;98.6;102.2
04'2019;lemons;94.9;98.6;93.2;86.9;98.3;93.2;93.3;93.2;88.2;86.3;82.0;89.8;87.4;87.8;99.7;94.0
04'2019;carrots;121.0;117.3;116.0;112.4;118.8;117.1;112.6;116.8;116.0;108.7;109.3;120.0;116.0;104.8;123.2;121.2
04'2019;onions;178.3;175.2;209.2;191.9;174.2;232.7;211.6;182.5;199.5;229.0;157.8;208.0;213.0;188.3;177.4;166.4
04'2019;potatoes;201.6;201.9;193.3;181.1;209.8;217.7;194.6;191.5;187.7;205.7;178.8;206.5;201.9;180.3;206.3;188.4
04'2019;sugar;111.1;107.2;124.4;122.3;107.0;126.6;127.4;125.3;121.3;119.2;119.5;112.2;106.7;121.0;110.4;103.3
04'2019;chocolate;105.1;104.8;108.6;104.5;112.6;100.0;100.3;109.2;102.5;106.9;107.6;104.4;100.5;100.8;106.3;106.6
04'2019;coffee;101.9;105.9;97.4;92.8;105.7;101.3;99.9;114.3;101.2;103.4;103.5;96.6;96.5;105.4;104.9;99.6
04'2019;black tea;0.0;0.0;0.0;0.0;0.0;0.0;0.0;0.0;0.0;0.0;0.0;0.0;0.0;0.0;0.0;0.0
04'2019;apple juice;101.6;108.5;100.8;99.5;111.0;105.0;100.5;98.9;103.5;108.6;95.0;100.0;96.9;108.0;98.7;103.4
04'2019;beer;109.6;107.7;101.8;105.9;98.9;106.2;106.5;105.0;108.3;105.3;105.2;100.0;102.2;103.9;104.7;99.7
04'2019;cigarettes;99.2;98.8;98.7;98.2;99.2;99.4;98.1;97.5;97.5;99.0;98.6;99.0;99.4;98.7;98.8;97.5
04'2019;men's suit;95.6;91.2;115.9;92.7;102.3;93.5;92.9;105.7;99.4;102.4;101.1;106.4;107.4;115.2;104.8;91.6
04'2019;men's shirt;100.8;94.3;102.0;108.9;106.5;106.7;103.0;115.3;101.2;108.2;105.4;100.0;110.7;114.0;99.1;104.5
04'2019;men's cotton undershirt;95.2;101.1;94.0;98.8;97.5;93.2;92.7;102.0;102.0;101.4;101.7;91.8;98.3;110.4;104.6;96.9
04'2019;women's tights;101.0;101.2;106.9;91.5;106.3;102.7;102.4;103.6;107.1;103.5;98.7;105.4;110.7;101.6;100.9;89.4
04'2019;kid's trousers;92.9;90.0;97.7;98.5;110.6;90.6;97.5;94.5;93.1;94.7;92.0;102.8;94.7;91.9;102.9;84.2
04'2019;men's suit dry-cleaning;105.3;107.2;105.5;102.5;107.1;103.1;105.4;113.8;102.9;108.9;106.7;109.0;114.7;108.9;104.8;104.4
04'2019;men's low leather shoes;109.1;103.2;104.4;100.6;94.3;103.0;97.1;101.5;109.9;105.0;101.3;101.1;93.5;100.2;101.7;96.9
04'2019;women's low leather shoes;100.7;102.0;103.5;101.4;104.4;103.3;98.0;98.2;103.5;98.5;96.1;106.7;91.0;96.3;102.3;99.6
04'2019;resoling men's shoes;102.4;102.1;102.5;106.0;101.2;100.5;104.5;103.0;99.8;105.7;101.5;102.7;108.5;109.7;102.2;102.5
04'2019;sink fixture;94.2;109.7;102.2;90.9;118.8;103.5;100.2;100.0;112.4;92.4;104.8;111.8;94.5;106.4;99.2;111.5
04'2019;cold water by municipal water-system;102.8;101.5;105.9;97.5;102.0;102.6;97.8;103.1;103.4;101.8;99.7;101.9;101.7;104.3;101.8;101.7
04'2019;heating of dwellings;98.8;106.9;102.7;102.6;103.1;101.1;93.0;100.9;100.0;98.2;102.8;98.3;99.7;106.3;100.4;109.6
04'2019;hard coal;100.2;99.5;99.5;103.4;98.7;98.6;100.8;99.3;99.8;102.4;99.8;100.5;98.4;101.2;100.9;99.1
04'2019;hot water;102.9;102.2;100.2;101.0;102.2;102.4;100.1;99.8;97.8;104.6;101.7;100.7;111.0;105.3;103.4;97.8
04'2019;synthetic net curtain;106.3;101.3;105.3;100.7;106.2;102.6;107.0;103.3;102.7;104.2;104.5;107.9;119.7;112.6;98.9;97.8
04'2019;frotte cotton towel;99.4;98.5;99.0;101.9;99.0;106.9;95.2;92.5;101.1;102.3;98.2;104.3;99.9;88.5;102.4;95.8
04'2019;food mixer;98.5;105.0;105.3;96.6;102.4;104.5;99.6;100.6;101.9;96.8;99.6;101.4;101.1;116.9;104.0;105.6
04'2019;microwave oven;96.8;101.2;94.3;97.7;102.6;98.3;100.8;86.8;108.0;101.5;99.6;102.9;97.9;115.9;100.9;107.6
04'2019;porcelain soup plate;113.8;103.6;105.5;102.2;104.5;104.9;100.9;102.8;101.3;102.6;110.6;95.0;104.2;101.1;105.1;93.8
04'2019;washing powder;101.2;105.2;96.9;98.4;103.7;101.3;96.7;100.3;102.7;99.0;102.3;98.9;96.2;99.0;104.2;100.2
04'2019;doctor consultation;106.6;102.7;107.3;102.7;114.9;117.3;103.6;116.7;106.5;102.2;103.3;102.9;100.0;114.7;113.6;115.1
04'2019;petrol 95;107.7;107.8;107.8;108.9;105.9;106.7;107.5;110.5;109.1;110.4;108.6;107.4;106.7;107.7;107.7;108.8
04'2019;disel oil;110.7;110.2;110.7;111.2;109.5;110.9;109.7;111.5;112.0;112.4;111.8;110.1;107.8;111.0;111.0;111.7
04'2019;bus ticket;103.4;100.0;101.5;100.0;100.0;101.8;98.8;100.0;101.3;103.9;101.8;98.4;100.0;94.6;97.3;100.0
04'2019;taxi daily fare;101.5;104.6;102.3;101.7;99.5;103.2;100.5;100.0;101.6;103.0;100.0;102.7;101.7;103.1;102.1;103.8
04'2019;cinema ticket;101.5;94.8;98.8;104.6;104.8;103.6;103.8;110.7;101.2;104.7;84.9;100.3;102.2;101.9;103.2;102.9
04'2019;regional newspaper;107.1;107.5;109.0;104.9;103.8;109.1;103.5;106.1;109.3;104.0;108.5;0.0;107.3;115.2;99.6;108.5
04'2019;men's hair-cutting;107.0;104.7;110.2;103.7;116.7;102.3;104.5;102.7;107.9;114.4;104.2;116.8;109.8;103.3;109.2;113.2
04'2019;toilet soap;103.6;110.6;103.6;102.1;104.2;101.0;103.0;104.2;106.1;97.1;100.0;104.8;103.8;103.6;106.4;97.5
04'2019;tooth-paste;119.0;107.2;110.2;121.5;120.3;109.3;102.8;95.3;109.8;117.7;118.8;119.3;120.2;111.0;108.8;111.1
04'2019;segregated waste collection;104.2;116.4;123.6;122.3;108.5;115.9;122.7;128.7;140.2;115.8;103.5;107.2;109.2;120.9;110.0;106.6
04'2019;non-segregated waste collection;106.7;118.6;129.8;132.2;107.3;116.9;130.2;129.3;154.7;127.7;102.1;109.8;117.7;145.0;113.4;113.8
05'2019;rice;101.3;110.1;104.9;112.0;104.8;101.9;103.5;104.5;109.6;97.7;101.1;105.8;99.2;90.9;106.1;97.1
05'2019;wheat roll;106.4;109.3;110.3;113.6;114.3;108.2;110.3;104.1;115.4;109.3;114.3;112.5;118.4;102.4;110.2;111.6
05'2019;wheat-rye bread;109.7;113.0;108.8;109.1;112.7;118.5;114.5;115.0;113.2;110.7;117.5;110.2;111.4;116.2;112.2;116.4
05'2019;wheat flour;105.5;104.6;114.1;111.3;123.0;104.5;107.5;115.0;111.6;115.7;115.2;109.5;108.3;108.6;115.6;103.6
05'2019;pearl-barley groats;95.9;99.5;115.1;112.7;94.1;98.9;103.1;113.3;100.0;100.8;117.3;97.0;107.6;105.0;97.4;109.3
05'2019;roast-beef;100.4;105.2;100.5;98.0;101.0;101.8;102.1;105.4;105.0;99.9;105.0;98.1;98.7;108.9;98.3;106.7
05'2019;beef meat;104.4;107.5;106.0;100.7;91.2;100.6;102.0;108.3;108.5;105.7;96.1;100.4;103.3;102.3;98.7;99.0
05'2019;pork;125.1;119.7;119.2;116.6;123.0;117.2;111.5;117.6;105.9;122.5;117.8;116.7;121.2;127.8;119.3;126.9
05'2019;chicken;110.3;114.4;106.7;114.0;106.8;104.0;105.4;103.9;107.8;104.4;96.8;104.5;95.1;114.1;106.8;109.5
05'2019;pork ham;107.6;109.8;102.4;114.2;91.6;95.9;110.2;110.0;104.0;113.7;105.8;102.9;110.1;109.4;108.2;105.1
05'2019;dried sausage;101.9;108.6;99.1;101.8;105.3;110.7;102.4;103.2;115.7;100.5;104.7;104.8;116.6;107.9;102.7;112.9
05'2019;smoked sausage;101.5;104.8;105.3;116.1;113.1;107.0;102.1;105.6;99.3;104.0;111.7;106.5;100.7;103.1;111.4;101.5
05'2019;hake fish;103.5;110.2;107.7;103.2;100.2;100.3;102.7;108.1;104.5;105.0;87.7;106.1;104.1;108.2;108.2;96.4
05'2019;carp fish;0.0;0.0;0.0;0.0;0.0;0.0;0.0;0.0;0.0;0.0;0.0;0.0;0.0;0.0;0.0;0.0
05'2019;cows' milk fat 3.5%;97.2;98.2;100.4;93.3;100.8;98.5;99.3;104.2;99.7;94.7;101.7;95.7;89.8;91.3;96.6;95.8
05'2019;cows' milk fat 2.5%;100.0;101.6;105.2;96.9;100.8;101.5;105.6;108.7;101.1;102.6;100.8;101.6;100.0;101.2;99.1;97.6
05'2019;cottage cheese;99.8;99.4;101.0;104.8;107.1;99.2;99.3;98.2;99.3;99.9;96.8;102.1;99.2;104.2;99.3;100.2
05'2019;yellow cheese;102.8;101.0;101.7;102.8;96.6;106.7;107.4;103.1;103.8;102.4;104.7;110.1;100.9;103.9;101.3;99.1
05'2019;sour cream fat 18%;99.5;102.6;105.7;103.2;104.9;106.5;101.2;101.1;103.9;105.1;103.3;104.9;102.3;100.5;106.7;103.0
05'2019;eggs 1st class;0.0;0.0;0.0;0.0;0.0;0.0;0.0;0.0;0.0;0.0;0.0;0.0;0.0;0.0;0.0;0.0
05'2019;eggs 2nd class;0.0;0.0;0.0;0.0;0.0;0.0;0.0;0.0;0.0;0.0;0.0;0.0;0.0;0.0;0.0;0.0
05'2019;butter;101.0;96.0;101.2;98.9;105.8;94.9;98.8;87.2;100.3;103.3;105.2;101.9;100.5;95.9;102.8;96.6
05'2019;margarine;88.7;98.3;98.8;96.7;102.8;100.8;102.9;90.9;98.1;108.3;101.7;93.7;91.1;102.9;98.2;97.1
05'2019;rape oil;101.9;93.9;97.2;97.0;101.5;102.5;102.9;104.3;99.8;102.5;102.9;97.9;105.0;109.4;100.8;101.4
05'2019;apples;61.5;56.4;54.1;61.9;69.0;53.3;54.0;49.7;46.5;58.3;62.1;63.3;54.5;62.0;60.0;59.3
05'2019;oranges;97.1;98.1;101.6;98.6;106.0;92.7;96.8;86.5;103.5;92.2;89.9;96.1;111.4;107.3;105.6;100.4
05'2019;lemons;79.1;91.5;83.3;83.8;84.5;76.2;89.8;80.0;81.0;85.3;81.7;97.0;84.7;82.9;85.9;85.6
05'2019;carrots;108.0;115.7;111.6;109.7;122.9;108.3;105.4;113.9;115.4;112.7;104.6;111.1;115.9;108.5;125.8;120.7
05'2019;onions;208.9;190.7;248.0;210.2;213.1;269.2;232.3;208.9;236.6;253.4;179.9;226.6;246.2;230.6;219.1;195.0
05'2019;potatoes;227.0;208.5;244.3;242.2;233.3;257.5;199.4;225.2;187.0;240.2;179.4;259.6;176.3;203.1;250.9;209.5
05'2019;sugar;119.0;108.1;125.5;125.4;119.0;128.2;127.3;122.2;124.9;129.8;123.4;120.0;117.5;124.8;119.7;113.3
05'2019;chocolate;99.0;105.7;103.5;97.9;101.7;92.9;101.3;109.8;101.4;107.6;107.4;98.2;103.3;105.8;103.5;108.3
05'2019;coffee;95.8;103.0;95.3;97.8;101.9;99.9;100.8;110.7;97.9;101.8;103.1;98.9;96.7;107.7;106.6;97.9
05'2019;black tea;0.0;0.0;0.0;0.0;0.0;0.0;0.0;0.0;0.0;0.0;0.0;0.0;0.0;0.0;0.0;0.0
05'2019;apple juice;99.2;109.4;97.2;101.0;99.7;107.0;94.8;94.5;103.0;94.4;105.3;97.0;97.5;105.2;102.0;98.5
05'2019;beer;111.6;103.1;101.4;105.6;100.7;105.6;105.1;102.8;108.2;106.2;104.8;102.5;105.9;101.8;103.2;100.7
05'2019;cigarettes;99.2;98.8;99.2;98.4;99.2;99.3;98.4;99.1;98.7;99.3;98.5;98.7;99.4;98.7;98.9;97.5
05'2019;men's suit;93.4;91.7;111.8;93.7;101.9;94.3;86.0;105.7;100.9;102.4;100.7;91.0;107.4;116.9;101.8;94.8
05'2019;men's shirt;101.3;94.7;102.7;107.1;105.3;106.7;103.3;115.3;101.4;108.2;104.6;108.9;110.7;118.3;104.5;104.2
05'2019;men's cotton undershirt;95.9;99.1;100.0;99.6;98.6;97.5;92.7;102.0;102.0;101.4;102.0;97.8;98.3;110.6;101.6;96.1
05'2019;women's tights;102.8;105.1;106.1;90.3;105.8;105.5;103.7;109.5;104.2;102.2;98.8;103.9;111.4;101.6;98.1;91.3
05'2019;kid's trousers;94.3;99.0;98.0;99.7;97.8;88.9;100.3;107.3;93.1;96.6;93.2;101.9;97.8;97.0;104.8;89.6
05'2019;men's suit dry-cleaning;105.5;107.0;106.3;105.7;107.1;104.5;105.2;110.1;102.9;108.9;104.7;109.5;113.6;110.0;104.2;104.4
05'2019;men's low leather shoes;110.2;100.0;100.4;98.7;96.0;99.6;97.3;103.1;110.3;105.0;104.1;101.8;99.4;99.5;101.6;99.5
05'2019;women's low leather shoes;101.0;102.3;102.7;101.0;104.5;104.0;99.9;103.1;103.8;99.1;96.5;105.9;99.3;96.8;100.9;99.7
05'2019;resoling men's shoes;103.6;102.0;103.7;104.3;101.9;103.9;104.5;103.0;101.0;105.7;101.9;102.7;108.5;109.7;101.9;103.4
05'2019;sink fixture;101.0;110.2;102.1;91.4;118.8;103.5;101.2;103.5;112.4;100.0;104.2;111.8;96.6;106.2;101.2;109.6
05'2019;cold water by municipal water-system;102.8;101.5;105.9;97.5;102.0;103.1;97.8;103.1;103.4;101.8;100.9;101.9;101.7;104.3;101.8;101.7
05'2019;heating of dwellings;98.8;106.9;102.7;116.5;103.1;100.3;93.0;105.4;100.0;98.2;112.7;98.3;99.7;108.8;100.4;109.6
05'2019;hard coal;99.9;100.4;100.4;102.8;96.9;98.4;101.0;98.9;99.8;103.1;97.8;99.9;96.3;99.0;101.4;98.8
05'2019;hot water;103.1;102.2;99.6;99.9;102.2;102.4;100.1;100.0;97.8;104.6;102.5;100.7;111.0;105.3;103.4;97.8
05'2019;synthetic net curtain;105.7;102.5;103.4;110.9;103.8;102.6;105.7;103.3;102.7;104.2;104.4;107.9;115.0;109.5;101.2;97.8
05'2019;frotte cotton towel;99.6;99.5;99.7;101.9;100.6;106.1;95.2;95.1;101.1;99.8;98.2;103.8;99.9;94.6;102.8;96.3
05'2019;food mixer;104.2;104.5;102.4;98.6;101.0;104.5;98.9;100.9;103.9;103.8;105.0;102.3;95.2;113.0;104.5;97.3
05'2019;microwave oven;96.0;102.0;98.0;105.8;100.7;97.1;101.5;96.8;106.2;101.9;99.6;100.4;99.2;110.3;103.7;101.5
05'2019;porcelain soup plate;118.2;103.1;106.7;102.5;104.5;103.4;101.7;102.8;97.2;101.0;110.1;92.8;103.2;102.3;104.9;95.2
05'2019;washing powder;100.2;105.8;97.9;98.4;103.3;101.1;97.4;100.5;100.2;101.3;102.7;98.9;96.2;96.8;104.6;101.1
05'2019;doctor consultation;106.6;104.0;107.9;100.9;114.9;117.3;102.8;116.7;106.5;102.2;104.7;102.9;100.0;114.7;113.6;119.1
05'2019;petrol 95;104.0;104.0;104.0;104.3;103.8;104.4;104.2;104.4;103.8;105.2;103.8;104.4;103.8;103.8;103.2;104.2
05'2019;disel oil;103.5;104.0;105.1;104.0;103.4;104.8;104.2;104.9;104.0;104.8;104.6;104.4;104.2;104.2;104.0;105.2
05'2019;bus ticket;103.4;100.0;101.5;100.0;100.0;108.2;99.4;100.0;104.6;103.9;101.8;98.4;100.0;94.6;97.3;100.0
05'2019;taxi daily fare;102.2;104.6;102.3;101.7;99.5;103.2;100.5;100.0;101.6;103.0;100.0;102.7;101.7;102.5;101.7;103.8
05'2019;cinema ticket;101.0;94.8;99.1;105.6;104.8;101.7;103.8;110.7;101.0;104.7;84.9;100.3;102.2;101.9;103.2;103.4
05'2019;regional newspaper;107.1;107.5;109.0;104.9;105.9;109.1;105.8;106.1;109.3;104.0;112.0;0.0;107.3;115.2;99.6;110.1
05'2019;men's hair-cutting;108.5;104.7;110.2;102.3;116.7;102.3;104.5;102.7;104.1;121.8;104.2;118.3;109.8;106.0;109.2;110.7
05'2019;toilet soap;102.5;106.3;104.1;103.2;102.5;103.0;103.6;100.0;108.1;97.6;101.5;104.7;107.1;103.6;105.4;103.5
05'2019;tooth-paste;112.2;108.2;113.7;111.1;120.1;110.8;105.4;117.2;108.2;110.9;113.3;114.4;110.0;95.7;105.5;129.2
05'2019;segregated waste collection;108.6;116.4;132.0;122.3;108.5;113.1;122.7;128.7;140.2;115.8;105.8;109.6;118.5;120.9;114.7;106.6
05'2019;non-segregated waste collection;113.8;118.6;140.0;132.2;107.3;114.7;130.2;129.3;154.7;127.7;101.8;112.7;135.3;145.0;116.5;113.8
06'2019;rice;101.8;106.3;108.1;115.4;101.1;103.5;102.8;104.5;106.8;102.2;98.1;110.0;100.3;97.9;105.0;104.7
06'2019;wheat roll;106.4;111.6;110.3;113.6;114.3;108.2;110.3;112.2;112.5;109.3;111.6;115.0;127.0;102.4;110.2;109.3
06'2019;wheat-rye bread;109.2;111.0;107.2;109.6;112.7;117.9;114.5;117.8;113.7;112.8;118.0;110.2;114.5;112.7;110.9;117.6
06'2019;wheat flour;110.0;105.3;113.1;102.7;119.2;107.1;111.1;119.4;109.3;122.2;109.3;106.7;110.4;114.5;115.1;103.5
06'2019;pearl-barley groats;101.2;99.5;115.0;105.2;94.1;100.0;104.2;116.3;100.0;98.4;118.9;96.2;113.4;101.5;97.4;104.8
06'2019;roast-beef;101.6;106.2;99.3;99.3;94.1;101.8;99.0;102.2;105.5;99.9;100.6;100.8;98.7;100.0;97.5;96.0
06'2019;beef meat;103.7;104.0;102.6;100.5;96.0;98.1;103.4;107.9;109.2;105.9;95.2;100.7;106.2;106.2;99.6;97.5
06'2019;pork;115.1;118.7;114.7;113.8;110.6;111.8;113.9;116.4;107.8;117.4;113.9;109.5;117.1;113.9;116.4;116.7
06'2019;chicken;102.0;105.8;99.5;112.8;103.3;98.3;100.3;103.0;104.3;103.6;92.6;101.9;95.6;105.2;96.2;103.0
06'2019;pork ham;109.2;112.3;102.3;108.8;99.0;96.5;111.1;110.2;102.4;109.5;108.2;102.4;111.5;113.1;106.0;107.9
06'2019;dried sausage;102.8;110.6;103.1;97.3;108.8;108.0;102.1;103.2;103.0;99.9;109.8;104.7;117.2;105.3;102.1;111.9
06'2019;smoked sausage;107.0;109.7;106.2;117.3;118.4;105.4;101.4;106.6;100.9;105.7;116.6;108.5;101.8;100.6;109.4;101.6
06'2019;hake fish;103.7;109.0;104.3;105.2;100.2;101.0;104.4;104.9;101.1;105.0;87.4;105.3;111.5;108.2;108.3;93.0
06'2019;carp fish;0.0;0.0;0.0;0.0;0.0;0.0;0.0;0.0;0.0;0.0;0.0;0.0;0.0;0.0;0.0;0.0
06'2019;cows' milk fat 3.5%;97.2;96.5;98.1;98.0;101.9;99.6;101.1;103.4;101.4;95.9;98.0;93.9;90.6;101.4;94.8;93.4
06'2019;cows' milk fat 2.5%;98.5;102.0;105.9;103.2;105.0;102.7;103.2;109.2;98.2;103.0;100.0;104.0;100.0;100.4;100.4;98.8
06'2019;cottage cheese;97.8;100.6;103.7;108.5;103.9;100.6;101.6;98.2;100.0;98.8;98.0;100.6;97.1;106.8;97.6;99.1
06'2019;yellow cheese;101.9;101.6;97.7;104.9;99.0;107.1;105.9;101.3;105.1;99.2;105.0;110.0;102.0;101.5;98.6;103.7
06'2019;sour cream fat 18%;108.9;96.9;101.7;103.2;104.9;105.9;98.8;103.4;102.2;102.2;105.0;104.8;101.1;101.1;107.9;102.0
06'2019;eggs 1st class;0.0;0.0;0.0;0.0;0.0;0.0;0.0;0.0;0.0;0.0;0.0;0.0;0.0;0.0;0.0;0.0
06'2019;eggs 2nd class;0.0;0.0;0.0;0.0;0.0;0.0;0.0;0.0;0.0;0.0;0.0;0.0;0.0;0.0;0.0;0.0
06'2019;butter;88.5;92.6;87.6;95.7;105.2;81.7;89.8;76.7;90.1;92.4;91.1;86.1;91.5;85.3;96.5;86.5
06'2019;margarine;90.2;101.4;102.6;98.4;104.8;96.5;103.1;93.6;95.7;114.2;101.5;95.1;102.1;104.9;97.3;96.2
06'2019;rape oil;105.4;98.3;99.7;101.7;102.1;103.0;100.0;107.8;100.5;112.9;103.8;99.3;101.4;113.8;100.0;105.7
06'2019;apples;62.7;58.9;60.8;59.8;71.5;56.6;58.2;57.1;50.8;59.6;60.9;59.7;61.6;67.2;61.1;61.2
06'2019;oranges;91.5;99.0;105.2;100.0;112.3;95.8;99.7;93.8;105.7;94.1;90.8;100.9;107.2;106.7;102.6;110.1
06'2019;lemons;69.3;79.6;72.9;80.9;85.9;67.8;79.1;69.6;76.4;80.7;74.8;85.0;79.9;75.5;76.8;70.8
06'2019;carrots;93.6;93.5;93.7;97.3;89.2;90.0;90.5;98.1;92.0;96.8;100.8;98.2;92.8;85.0;101.3;95.3
06'2019;onions;205.5;150.3;178.4;202.6;183.5;243.9;241.0;182.4;246.0;271.8;203.0;263.1;241.6;203.2;201.6;169.0
06'2019;potatoes;193.8;182.7;220.0;184.6;200.0;175.6;206.9;184.9;168.1;209.4;171.5;234.8;214.7;191.2;198.7;173.0
06'2019;sugar;117.3;121.3;127.4;137.2;120.0;128.6;128.4;129.1;127.6;124.2;128.7;119.2;124.1;138.4;123.2;121.2
06'2019;chocolate;97.3;106.0;108.5;98.4;102.2;101.0;105.6;106.8;93.8;106.0;105.5;101.5;89.9;94.1;105.4;105.8
06'2019;coffee;102.4;102.6;99.7;102.3;103.7;99.9;98.5;110.8;98.1;102.7;104.9;99.9;96.2;108.7;105.3;102.0
06'2019;black tea;0.0;0.0;0.0;0.0;0.0;0.0;0.0;0.0;0.0;0.0;0.0;0.0;0.0;0.0;0.0;0.0
06'2019;apple juice;101.0;107.0;98.7;104.5;104.0;105.1;96.6;100.6;105.2;101.6;100.8;101.1;101.4;106.8;101.3;103.3
06'2019;beer;108.7;106.0;108.2;106.4;103.2;106.1;105.4;106.3;110.1;105.4;107.6;105.3;102.1;105.7;102.5;102.7
06'2019;cigarettes;99.4;99.2;99.2;98.4;99.4;99.2;99.2;99.6;98.9;99.4;98.9;98.9;99.6;98.9;99.1;97.5
06'2019;men's suit;93.4;94.7;113.1;95.9;100.0;92.8;92.6;105.7;101.3;102.4;100.7;96.3;107.4;116.9;101.8;96.9
06'2019;men's shirt;103.4;95.0;102.7;106.2;110.0;107.4;103.2;101.3;101.7;110.4;106.6;103.8;110.7;118.3;104.5;108.6
06'2019;men's cotton undershirt;99.6;96.2;99.0;101.0;97.9;96.4;94.8;103.9;102.0;101.4;100.2;97.0;98.3;114.8;105.0;94.5
06'2019;women's tights;105.1;110.8;103.4;109.8;101.7;105.0;105.7;112.2;105.5;103.4;98.8;107.2;103.0;103.0;103.1;90.5
06'2019;kid's trousers;102.0;89.2;98.7;103.6;100.8;85.4;98.2;120.7;94.2;95.9;103.1;101.4;111.6;117.0;108.3;87.4
06'2019;men's suit dry-cleaning;105.9;107.0;105.7;105.7;107.1;105.7;104.6;107.8;103.2;108.9;106.0;109.5;117.5;110.0;104.2;104.4
06'2019;men's low leather shoes;111.5;105.1;101.7;100.2;98.5;99.8;97.7;103.1;104.6;109.2;104.1;104.2;99.4;99.0;101.2;96.4
06'2019;women's low leather shoes;101.3;100.8;103.4;101.4;102.2;104.1;102.5;100.6;102.6;106.2;96.5;105.5;100.2;99.1;100.9;100.9
06'2019;resoling men's shoes;104.2;102.0;104.5;104.3;101.9;107.5;109.1;103.0;101.0;105.7;101.9;103.3;108.5;109.7;101.9;103.4
06'2019;sink fixture;104.3;112.6;102.3;91.4;117.2;101.5;100.7;104.5;112.9;99.7;104.2;107.0;96.6;106.2;99.8;108.0
06'2019;cold water by municipal water-system;102.7;100.6;104.5;100.0;100.9;104.4;102.3;103.6;103.6;102.7;100.3;102.3;101.2;104.9;101.8;101.7
06'2019;heating of dwellings;98.3;106.9;102.7;116.5;103.1;100.6;91.5;106.6;100.0;98.2;105.1;98.3;99.7;108.0;100.4;109.6
06'2019;hard coal;100.4;101.5;102.1;102.4;98.0;99.8;101.6;99.1;99.6;103.8;98.0;99.4;96.6;98.7;101.1;97.1
06'2019;hot water;105.1;102.2;99.6;99.9;102.2;102.4;99.7;101.1;97.8;104.6;102.5;101.1;111.0;105.3;102.9;97.8
06'2019;synthetic net curtain;105.7;105.3;99.2;110.9;104.1;102.4;99.2;103.3;102.7;103.3;104.4;107.7;115.0;109.0;101.2;102.5
06'2019;frotte cotton towel;99.6;98.7;99.7;101.9;100.3;106.1;96.2;95.0;101.5;99.7;95.1;108.9;109.3;94.3;102.0;104.5
06'2019;food mixer;99.9;104.5;97.8;102.3;101.5;105.1;102.1;98.0;102.8;97.9;102.1;98.5;97.9;107.7;99.5;97.3
06'2019;microwave oven;99.0;96.8;96.5;101.9;98.3;96.8;103.3;96.1;105.2;100.1;101.4;98.6;97.7;116.0;99.7;98.0
06'2019;porcelain soup plate;117.5;105.2;106.6;102.5;104.5;104.7;101.1;102.8;97.2;103.3;98.4;100.7;102.1;102.3;102.5;94.9
06'2019;washing powder;95.8;105.4;98.7;97.2;97.1;98.9;98.9;97.7;99.8;98.9;101.7;98.3;96.2;97.1;104.6;93.9
06'2019;doctor consultation;105.9;104.0;107.9;100.9;114.9;115.5;103.6;116.7;106.3;102.2;103.2;102.9;101.9;114.7;113.1;119.1
06'2019;petrol 95;102.7;103.9;102.4;103.7;103.5;102.7;103.9;104.4;103.7;103.1;102.3;103.3;103.0;103.1;102.5;103.3
06'2019;disel oil;101.9;103.1;102.8;102.6;103.0;102.6;102.6;103.4;103.6;102.6;102.4;103.2;103.0;102.8;102.4;103.1
06'2019;bus ticket;103.4;100.0;101.5;100.0;107.5;108.2;99.7;100.0;104.6;103.9;101.8;98.4;100.0;94.6;97.3;100.0
06'2019;taxi daily fare;103.4;104.6;102.3;101.7;99.5;106.2;101.3;100.0;101.6;103.4;100.0;102.7;101.7;102.5;101.0;103.8
06'2019;cinema ticket;100.6;94.3;99.1;105.6;108.6;101.6;103.8;109.7;101.0;104.7;83.9;100.3;101.1;101.9;102.9;103.4
06'2019;regional newspaper;107.1;107.5;106.6;105.8;104.8;109.1;105.8;105.7;109.3;104.0;111.5;0.0;107.3;113.2;99.6;106.7
06'2019;men's hair-cutting;109.3;104.7;109.0;104.5;118.1;102.3;104.2;102.7;105.0;121.8;104.0;118.3;109.8;106.0;109.2;110.7
06'2019;toilet soap;102.5;101.5;105.7;105.9;103.1;100.5;104.6;103.9;107.6;101.5;107.4;106.4;99.5;105.8;102.9;98.5
06'2019;tooth-paste;115.4;111.3;127.5;124.6;123.6;120.3;108.8;141.8;110.5;113.9;129.0;133.5;107.7;146.1;102.5;121.5
06'2019;segregated waste collection;108.6;119.1;132.0;122.3;115.0;123.5;122.7;128.7;144.7;115.8;107.9;109.6;118.5;120.9;114.5;106.6
06'2019;non-segregated waste collection;113.8;121.3;140.0;132.2;115.1;126.1;130.2;129.3;159.2;127.7;106.2;111.7;135.3;145.0;118.4;113.8
07'2019;rice;101.0;106.9;110.8;113.3;109.5;104.6;110.7;105.6;111.5;110.9;97.1;109.0;103.7;101.5;105.3;105.8
07'2019;wheat roll;108.5;109.3;110.3;115.9;112.0;110.2;112.8;107.8;112.5;109.3;116.7;115.0;123.7;102.4;112.2;109.3
07'2019;wheat-rye bread;110.4;110.9;104.6;110.6;114.2;110.8;115.0;116.4;112.5;109.8;116.6;110.2;111.2;113.1;113.0;113.8
07'2019;wheat flour;104.7;103.7;104.6;103.1;120.3;105.4;106.9;110.3;111.4;123.8;107.6;104.8;111.7;109.5;117.2;104.4
07'2019;pearl-barley groats;102.7;90.8;114.4;105.2;92.1;96.0;103.9;117.3;101.1;100.4;117.1;101.3;117.9;101.8;98.4;101.8
07'2019;roast-beef;101.8;107.2;99.2;97.1;95.4;101.8;97.6;102.7;105.2;102.4;100.3;99.7;98.7;101.1;99.0;101.5
07'2019;beef meat;102.6;100.2;101.6;101.6;100.9;106.2;102.6;103.8;106.3;101.7;96.7;101.8;106.2;100.0;99.2;98.0
07'2019;pork;111.8;121.2;117.6;112.9;114.7;112.7;115.2;106.6;108.0;115.5;113.1;112.8;118.0;115.9;115.1;116.5
07'2019;chicken;102.3;105.7;100.8;109.7;106.1;99.1;99.6;104.5;104.4;105.3;96.5;101.5;102.9;105.0;98.8;100.1
07'2019;pork ham;108.0;116.0;103.3;112.0;92.8;96.0;109.3;110.2;106.4;114.0;108.2;103.6;110.0;110.0;108.8;108.5
07'2019;dried sausage;105.0;113.1;100.5;94.3;105.5;111.5;105.5;105.4;102.3;101.1;109.8;112.4;126.3;105.3;103.4;113.1
07'2019;smoked sausage;103.1;111.2;106.4;116.0;118.9;111.7;100.5;108.9;101.5;112.1;119.0;107.3;102.4;106.3;108.2;101.7
07'2019;hake fish;103.6;110.1;106.1;104.0;99.3;99.4;106.4;109.5;102.4;107.3;88.4;100.9;109.6;106.8;108.7;92.1
07'2019;carp fish;0.0;0.0;0.0;0.0;0.0;0.0;0.0;0.0;0.0;0.0;0.0;0.0;0.0;0.0;0.0;0.0
07'2019;cows' milk fat 3.5%;95.5;98.9;96.7;98.0;101.2;99.3;100.4;103.4;97.5;98.6;99.6;97.5;97.6;100.7;97.0;98.0
07'2019;cows' milk fat 2.5%;101.9;100.0;104.1;97.7;102.0;103.5;101.6;103.2;100.0;102.6;98.8;99.6;98.8;98.1;100.4;101.7
07'2019;cottage cheese;101.0;102.1;100.1;106.5;104.5;100.1;102.2;101.6;100.6;98.4;105.6;106.4;99.1;111.8;95.0;101.4
07'2019;yellow cheese;107.2;100.2;96.6;106.5;106.3;106.3;104.8;102.8;102.5;99.8;101.4;111.2;99.3;102.0;105.0;99.4
07'2019;sour cream fat 18%;104.7;102.1;100.6;100.5;102.5;101.0;98.8;98.3;100.5;104.4;101.6;104.3;100.0;98.9;109.0;101.0
07'2019;eggs 1st class;0.0;0.0;0.0;0.0;0.0;0.0;0.0;0.0;0.0;0.0;0.0;0.0;0.0;0.0;0.0;0.0
07'2019;eggs 2nd class;0.0;0.0;0.0;0.0;0.0;0.0;0.0;0.0;0.0;0.0;0.0;0.0;0.0;0.0;0.0;0.0
07'2019;butter;86.0;86.1;84.4;94.5;94.6;78.4;85.3;82.2;86.7;84.0;87.5;83.9;92.2;83.0;93.4;84.0
07'2019;margarine;90.0;98.3;95.5;103.1;108.1;97.8;95.5;93.6;102.9;86.0;97.6;90.3;95.4;98.3;97.6;100.3
07'2019;rape oil;110.5;104.1;107.4;100.3;108.8;107.4;99.5;112.5;102.0;112.0;104.8;102.3;98.4;107.9;102.9;103.2
07'2019;apples;65.2;61.9;61.9;68.6;74.7;66.7;64.2;58.7;60.6;64.1;63.8;62.3;72.6;68.4;64.4;69.7
07'2019;oranges;101.0;100.0;100.0;97.1;116.8;96.0;90.3;89.5;101.8;100.2;88.7;92.7;95.4;106.1;98.2;107.4
07'2019;lemons;76.8;87.1;74.8;86.6;95.0;69.0;80.2;75.4;84.6;85.1;83.1;90.5;87.8;81.8;83.5;78.2
07'2019;carrots;95.3;105.3;101.5;109.4;106.1;98.0;100.6;97.8;91.9;103.8;94.4;101.1;96.1;101.6;106.9;107.3
07'2019;onions;170.3;142.2;157.9;151.1;172.0;191.0;192.5;171.9;188.0;147.8;173.9;186.4;163.9;132.1;166.3;152.8
07'2019;potatoes;194.4;202.9;205.1;199.4;213.2;246.8;203.2;189.1;205.8;191.1;183.5;250.4;210.4;211.0;242.1;198.7
07'2019;sugar;128.3;117.9;134.8;133.3;131.0;138.5;138.3;130.8;133.3;129.9;139.6;124.3;124.1;139.9;125.5;129.4
07'2019;chocolate;100.5;104.0;110.5;104.0;107.7;100.5;105.5;104.9;98.2;107.0;108.1;103.8;99.5;100.2;106.5;107.4
07'2019;coffee;96.3;102.8;96.5;97.5;103.2;100.8;98.5;106.3;100.8;101.2;99.7;98.5;96.2;104.5;107.1;102.1
07'2019;black tea;0.0;0.0;0.0;0.0;0.0;0.0;0.0;0.0;0.0;0.0;0.0;0.0;0.0;0.0;0.0;0.0
07'2019;apple juice;102.6;106.1;100.5;106.9;100.0;102.8;97.1;99.4;102.0;101.8;102.1;105.0;101.1;107.2;103.1;104.1
07'2019;beer;106.8;106.6;104.5;106.5;103.2;108.1;105.1;105.9;109.5;104.3;106.9;104.8;104.6;104.6;103.2;101.7
07'2019;cigarettes;99.4;99.7;99.5;99.4;99.2;98.9;99.2;99.6;99.0;99.2;99.0;99.1;99.9;99.1;99.4;98.9
07'2019;men's suit;103.9;99.4;113.1;94.3;94.3;98.5;93.8;105.7;101.0;100.8;98.0;101.5;107.4;116.1;105.8;94.8
07'2019;men's shirt;104.0;95.1;101.9;106.2;110.0;107.9;100.6;103.6;102.0;110.4;106.6;101.7;110.7;107.9;103.2;115.2
07'2019;men's cotton undershirt;97.5;95.9;99.3;99.5;97.9;103.3;95.8;103.2;103.3;101.4;101.6;99.1;105.2;115.6;102.7;94.5
07'2019;women's tights;104.6;111.3;104.5;111.8;108.3;105.0;103.3;106.6;105.5;103.1;98.8;103.5;103.0;102.3;103.4;90.6
07'2019;kid's trousers;110.2;85.0;95.3;102.2;83.0;85.5;98.2;116.3;96.9;96.6;99.6;99.1;95.0;106.0;104.8;83.8
07'2019;men's suit dry-cleaning;105.2;106.4;105.3;102.9;104.1;105.7;105.4;107.8;103.2;108.9;107.9;109.5;117.5;109.5;104.2;104.8
07'2019;men's low leather shoes;110.6;101.7;100.5;100.6;103.6;105.0;96.4;100.8;110.5;113.0;104.1;104.2;105.1;99.0;98.0;96.4
07'2019;women's low leather shoes;103.6;100.8;103.7;101.9;102.7;101.9;98.2;95.6;102.6;106.2;97.2;105.1;100.2;99.1;97.4;106.1
07'2019;resoling men's shoes;103.0;102.0;104.5;104.3;101.9;108.6;107.4;103.0;101.0;105.7;101.9;103.3;106.3;111.3;101.9;103.4
07'2019;sink fixture;106.3;111.1;101.8;90.8;117.3;93.6;103.6;104.5;112.8;99.7;104.3;98.5;97.6;106.4;99.2;108.0
07'2019;cold water by municipal water-system;105.2;101.2;104.2;101.0;101.5;104.7;101.7;102.0;102.9;102.7;100.9;102.9;101.2;103.8;101.0;103.0
07'2019;heating of dwellings;98.3;106.9;103.2;116.5;103.1;100.6;96.8;106.6;100.0;98.2;106.2;98.3;99.7;107.6;100.4;109.6
07'2019;hard coal;99.5;101.1;101.4;102.0;98.8;100.6;102.9;99.4;99.4;102.4;98.1;99.5;96.2;98.0;100.5;96.7
07'2019;hot water;105.0;102.2;100.8;99.9;102.2;103.9;100.1;98.3;97.8;104.6;102.6;104.5;110.5;105.3;102.8;97.8
07'2019;synthetic net curtain;103.6;105.7;99.8;110.5;102.2;103.4;103.8;103.3;101.7;103.3;111.8;107.4;113.6;109.9;102.5;98.0
07'2019;frotte cotton towel;99.1;99.5;98.5;104.0;100.3;104.9;97.5;118.6;99.6;97.9;96.2;105.0;109.3;94.7;101.8;110.6
07'2019;food mixer;95.9;102.6;98.0;105.2;100.7;105.7;99.8;100.8;100.8;104.1;101.0;96.5;97.1;110.8;99.2;104.0
07'2019;microwave oven;95.1;98.4;95.9;103.0;101.2;100.3;103.3;95.3;107.4;103.7;102.4;99.7;97.5;112.6;99.7;98.1
07'2019;porcelain soup plate;117.6;103.4;107.0;102.5;103.3;103.3;101.3;103.5;97.6;96.4;96.4;99.9;102.1;102.3;102.7;99.9
07'2019;washing powder;96.2;106.0;98.6;96.7;96.7;100.0;98.1;97.7;102.0;97.9;103.3;100.6;95.3;96.3;104.2;91.7
07'2019;doctor consultation;105.9;104.0;109.3;100.9;114.9;117.8;103.9;116.7;107.1;102.2;103.2;102.9;101.9;114.7;113.1;114.5
07'2019;petrol 95;101.0;102.3;100.6;102.5;101.2;101.2;101.8;102.2;101.8;101.6;100.8;100.8;101.0;101.2;101.0;102.2
07'2019;disel oil;100.2;101.4;100.8;101.4;100.8;100.8;101.4;101.8;101.0;101.6;100.0;100.6;100.8;101.0;100.8;102.0
07'2019;bus ticket;103.4;100.0;101.5;100.0;107.5;108.2;100.6;100.0;103.3;103.9;101.8;98.4;100.0;99.6;97.3;100.0
07'2019;taxi daily fare;103.4;104.6;103.2;101.7;96.8;105.8;101.4;100.0;101.6;103.4;100.5;102.7;101.7;102.5;100.0;103.8
07'2019;cinema ticket;100.1;94.3;98.7;105.6;108.6;102.1;103.5;109.7;101.0;104.7;83.9;100.3;101.1;101.9;102.9;103.4
07'2019;regional newspaper;107.1;107.5;106.6;105.8;104.4;109.1;105.0;106.1;109.3;104.0;111.1;0.0;107.3;112.8;99.6;106.3
07'2019;men's hair-cutting;109.3;104.6;109.0;104.5;118.1;104.2;106.1;102.7;108.6;121.8;105.8;118.9;109.8;106.0;109.2;114.2
07'2019;toilet soap;95.4;100.5;97.0;102.6;101.6;100.5;100.5;97.8;103.5;103.0;96.9;102.6;105.4;99.5;100.0;100.0
07'2019;tooth-paste;116.4;114.5;118.9;137.2;122.8;128.2;111.8;125.3;112.5;126.7;132.6;135.9;118.0;133.1;105.0;120.4
07'2019;segregated waste collection;108.6;119.1;136.7;122.3;124.8;123.5;127.8;135.1;147.7;115.8;107.9;113.9;118.5;120.9;121.5;115.8
07'2019;non-segregated waste collection;113.8;121.3;145.4;132.2;125.3;126.1;135.8;140.7;163.2;127.7;106.2;116.1;135.3;145.0;127.7;143.7
08'2019;rice;103.4;103.1;105.4;114.8;101.7;106.1;110.9;104.8;113.8;106.8;97.1;109.0;102.2;103.8;106.2;105.8
08'2019;wheat roll;102.0;109.3;107.7;110.9;112.0;108.0;112.8;114.3;109.8;109.3;111.9;115.0;123.7;104.8;110.0;114.3
08'2019;wheat-rye bread;110.0;111.8;109.0;110.5;112.9;110.0;110.6;115.5;111.5;105.1;118.8;110.2;111.2;114.0;111.6;113.3
08'2019;wheat flour;110.7;105.0;106.9;96.6;119.3;100.0;113.6;100.4;102.6;119.3;93.7;106.3;110.0;124.1;117.9;108.7
08'2019;pearl-barley groats;104.4;92.8;112.3;105.2;97.4;102.3;102.3;114.5;101.1;107.3;112.8;100.0;112.7;106.7;100.5;106.5
08'2019;roast-beef;100.1;105.4;99.5;95.5;97.4;102.5;96.6;101.0;105.1;101.9;100.9;97.5;98.7;102.1;99.1;98.9
08'2019;beef meat;102.0;102.4;104.3;99.5;96.0;104.5;100.0;102.9;99.4;102.5;98.7;102.0;101.2;106.3;95.3;98.5
08'2019;pork;110.9;114.7;113.9;112.8;117.6;112.0;115.6;104.4;108.4;112.2;111.2;108.5;119.1;113.3;113.9;115.9
08'2019;chicken;103.9;105.3;96.0;107.6;100.6;99.9;97.7;102.8;102.8;95.8;92.9;99.6;108.4;103.2;99.1;100.9
08'2019;pork ham;106.3;111.1;103.6;111.2;91.6;98.2;109.9;104.2;105.2;111.7;110.2;102.4;110.7;111.0;107.8;107.8
08'2019;dried sausage;105.4;113.4;103.2;92.7;101.6;93.9;105.9;106.3;109.2;97.3;111.8;116.6;116.0;108.2;103.0;113.7
08'2019;smoked sausage;110.4;110.2;106.6;120.1;119.3;113.7;104.7;112.2;102.0;115.0;115.6;108.9;116.0;106.2;107.8;106.0
08'2019;hake fish;103.6;109.1;105.8;103.0;104.2;104.6;109.3;103.4;106.2;107.2;89.3;104.4;102.0;110.0;108.7;94.6
08'2019;carp fish;0.0;0.0;0.0;0.0;0.0;0.0;0.0;0.0;0.0;0.0;0.0;0.0;0.0;0.0;0.0;0.0
08'2019;cows' milk fat 3.5%;99.6;100.4;97.1;99.0;102.4;99.3;100.0;104.3;99.3;102.5;97.6;98.5;94.8;95.4;98.1;99.6
08'2019;cows' milk fat 2.5%;105.0;98.4;100.4;100.0;99.6;102.7;102.7;104.1;99.3;100.4;97.2;99.2;100.4;102.0;104.0;100.8
08'2019;cottage cheese;101.5;104.0;101.2;102.2;104.1;100.4;105.1;103.1;100.9;96.4;102.1;109.4;100.2;109.6;97.1;102.9
08'2019;yellow cheese;107.4;102.9;101.0;106.9;107.0;105.2;104.7;105.6;104.6;102.5;105.5;115.0;104.4;102.3;104.2;99.7
08'2019;sour cream fat 18%;105.2;100.5;106.7;101.0;101.8;101.0;101.8;100.0;103.3;98.9;102.2;103.7;93.5;96.8;107.8;100.5
08'2019;eggs 1st class;0.0;0.0;0.0;0.0;0.0;0.0;0.0;0.0;0.0;0.0;0.0;0.0;0.0;0.0;0.0;0.0
08'2019;eggs 2nd class;0.0;0.0;0.0;0.0;0.0;0.0;0.0;0.0;0.0;0.0;0.0;0.0;0.0;0.0;0.0;0.0
08'2019;butter;88.7;83.2;86.3;89.7;92.1;80.8;81.4;83.5;86.0;76.9;90.5;83.8;94.8;82.1;91.5;79.6
08'2019;margarine;89.4;102.5;98.6;104.6;105.5;102.0;92.7;88.8;103.1;85.7;95.9;83.3;110.5;99.7;104.6;104.2
08'2019;rape oil;102.9;101.6;107.8;104.6;109.5;103.0;100.5;110.4;103.1;104.5;103.3;100.9;97.4;111.5;103.8;102.6
08'2019;apples;92.2;96.7;102.4;104.0;94.6;95.0;96.8;89.0;94.4;82.2;84.8;86.5;87.3;94.7;86.5;83.3
08'2019;oranges;91.0;97.0;98.5;93.5;111.3;91.7;99.2;99.3;92.7;93.4;87.9;90.7;94.8;91.6;94.6;102.9
08'2019;lemons;76.3;85.6;75.5;78.9;90.8;68.9;76.6;73.7;76.7;77.5;77.1;86.4;84.1;80.3;76.6;82.7
08'2019;carrots;104.9;117.1;114.4;104.8;116.0;96.5;109.1;103.2;108.8;113.2;95.1;113.0;105.9;112.1;113.4;108.5
08'2019;onions;156.5;147.8;145.7;153.8;132.7;134.7;151.0;170.5;152.4;150.2;162.2;170.7;124.4;150.2;164.2;154.8
08'2019;potatoes;198.6;203.0;211.1;202.1;200.0;211.6;204.7;215.0;244.1;192.3;169.4;239.2;207.1;200.0;234.5;187.8
08'2019;sugar;123.9;122.5;125.7;131.1;118.7;129.4;133.8;130.3;129.5;126.9;132.6;122.8;137.9;138.9;122.9;128.6
08'2019;chocolate;103.5;109.0;112.1;99.7;117.1;105.2;111.3;108.6;98.6;107.0;103.5;109.5;104.1;98.3;111.0;107.1
08'2019;coffee;98.4;102.1;98.4;104.8;105.0;101.5;96.7;105.8;100.3;98.5;100.5;97.0;90.0;106.1;105.1;102.0
08'2019;black tea;0.0;0.0;0.0;0.0;0.0;0.0;0.0;0.0;0.0;0.0;0.0;0.0;0.0;0.0;0.0;0.0
08'2019;apple juice;102.1;100.8;95.0;106.4;103.2;101.0;95.9;107.2;102.5;101.6;105.5;100.8;102.2;108.1;103.4;101.7
08'2019;beer;103.7;106.0;105.5;106.1;104.4;104.1;107.0;107.0;109.5;103.0;106.8;101.0;105.1;103.8;102.1;103.0
08'2019;cigarettes;99.6;99.7;99.7;99.3;99.4;99.1;99.2;99.8;99.5;99.6;99.4;99.4;99.9;99.1;99.4;99.4
08'2019;men's suit;103.9;96.2;113.1;98.5;94.3;102.7;94.8;103.5;101.0;100.8;97.9;105.7;107.4;107.5;104.7;94.6
08'2019;men's shirt;104.8;95.1;104.7;106.2;113.0;107.9;100.0;103.6;102.0;113.9;104.8;100.3;110.7;113.9;105.9;113.2
08'2019;men's cotton undershirt;97.7;96.4;101.7;99.2;97.9;107.3;97.3;105.2;103.6;104.2;101.7;102.8;105.2;113.4;101.6;92.9
08'2019;women's tights;104.6;111.3;104.5;110.7;108.3;105.0;103.6;111.0;105.0;104.2;98.8;100.0;103.0;101.6;107.2;90.1
08'2019;kid's trousers;109.5;99.1;94.3;103.0;75.5;85.4;95.7;96.1;95.2;96.6;97.8;100.4;101.6;129.3;105.7;77.6
08'2019;men's suit dry-cleaning;105.6;106.4;105.3;102.9;104.1;105.7;104.1;107.8;103.1;108.9;107.9;110.1;114.1;109.5;103.4;104.8
08'2019;men's low leather shoes;108.7;101.7;103.9;101.0;101.8;108.5;96.4;100.8;109.1;113.0;104.1;104.5;105.1;99.4;98.2;95.3
08'2019;women's low leather shoes;103.4;100.8;103.7;99.9;96.7;103.2;97.3;95.6;102.6;106.2;95.7;107.5;104.0;99.8;98.8;109.7
08'2019;resoling men's shoes;103.0;104.3;103.6;103.4;101.9;106.5;107.3;103.0;101.0;105.7;101.9;103.3;106.3;111.3;101.0;101.1
08'2019;sink fixture;102.7;105.9;101.6;88.0;118.9;93.6;103.2;98.2;100.1;101.2;100.2;96.5;99.9;107.7;101.0;106.6
08'2019;cold water by municipal water-system;104.8;101.2;104.2;101.0;101.3;103.2;102.0;102.0;102.9;102.7;101.2;102.5;101.2;103.8;101.3;102.2
08'2019;heating of dwellings;98.3;106.9;103.2;116.5;103.1;100.6;96.8;106.6;100.0;98.2;106.2;98.3;99.7;107.6;100.9;109.6
08'2019;hard coal;100.8;100.1;100.7;102.2;100.3;99.0;101.3;99.0;98.4;102.1;97.3;99.0;96.2;97.6;101.3;97.2
08'2019;hot water;105.5;101.8;101.8;99.9;102.2;103.2;101.1;100.1;98.5;104.6;102.6;104.2;110.5;105.3;102.6;102.3
08'2019;synthetic net curtain;108.4;106.0;100.7;110.5;104.4;103.4;103.8;103.3;100.5;103.1;108.5;106.8;113.6;110.7;102.9;101.9
08'2019;frotte cotton towel;98.6;99.8;98.6;101.1;101.1;102.8;97.9;95.0;99.2;99.3;96.2;103.4;113.7;89.8;101.9;104.1
08'2019;food mixer;99.8;102.0;99.3;103.8;103.8;104.1;97.1;107.3;98.7;105.5;98.5;96.7;97.4;101.0;100.3;98.5
08'2019;microwave oven;101.0;106.1;91.9;105.4;99.3;102.6;104.4;100.9;109.7;102.6;99.9;98.7;95.2;109.1;100.0;98.7
08'2019;porcelain soup plate;120.4;103.5;106.4;101.9;103.3;103.5;102.5;103.5;99.4;96.4;96.4;99.5;102.1;102.9;103.2;100.2
08'2019;washing powder;99.7;105.6;99.8;97.0;97.1;98.9;100.8;98.3;104.2;96.7;100.6;100.2;95.3;99.7;104.6;100.4
08'2019;doctor consultation;105.9;104.0;109.3;100.9;117.2;117.8;104.7;116.7;107.1;103.3;103.2;102.9;101.9;112.5;112.0;118.4
08'2019;petrol 95;100.4;101.4;100.4;101.6;100.2;100.4;101.0;102.2;100.8;101.0;99.8;99.8;100.0;100.2;100.6;102.2
08'2019;disel oil;100.6;100.8;100.8;101.2;100.2;100.8;101.4;102.4;100.4;101.6;100.0;100.2;100.2;100.6;101.6;102.4
08'2019;bus ticket;101.1;100.0;101.5;100.0;107.5;108.2;100.6;100.0;105.8;103.9;101.8;98.4;100.0;99.6;97.3;100.0
08'2019;taxi daily fare;103.8;103.5;103.2;101.7;96.8;105.8;103.0;100.0;101.6;105.2;100.5;103.1;101.7;101.8;101.4;103.8
08'2019;cinema ticket;104.1;94.3;100.8;105.6;108.6;102.6;103.5;109.7;101.0;104.7;83.6;100.3;101.1;101.9;103.5;103.4
08'2019;regional newspaper;107.1;107.5;106.6;105.7;105.1;109.1;106.7;106.1;109.3;103.2;111.1;0.0;107.3;112.3;104.7;107.5
08'2019;men's hair-cutting;109.3;104.6;109.0;106.8;123.7;103.0;106.6;102.7;108.6;124.1;105.8;117.8;109.8;104.8;109.8;112.0
08'2019;toilet soap;96.0;95.0;103.0;102.0;100.5;100.5;101.5;100.0;103.9;102.9;97.0;105.3;101.6;100.0;100.9;100.0
08'2019;tooth-paste;112.1;111.8;127.1;145.9;140.2;115.9;113.7;120.2;125.4;118.1;131.3;135.4;104.9;112.6;105.9;124.7
08'2019;segregated waste collection;115.7;119.1;139.9;131.9;124.8;129.0;139.9;130.9;147.7;115.8;107.9;113.9;118.5;120.9;125.0;117.4
08'2019;non-segregated waste collection;122.4;121.3;148.3;144.7;125.3;126.1;152.1;136.8;163.2;127.7;106.2;116.1;135.3;145.0;132.7;139.8
09'2019;rice;102.8;100.5;103.0;104.6;98.1;106.5;109.5;104.8;114.8;98.5;96.2;107.0;103.9;102.3;103.8;106.9
09'2019;wheat roll;102.0;109.1;113.2;113.0;103.7;108.0;112.5;112.0;109.8;109.3;106.7;112.2;122.0;102.3;109.8;109.3
09'2019;wheat-rye bread;106.6;110.9;105.4;110.4;110.5;110.0;109.6;111.6;111.5;122.2;116.5;108.7;110.2;113.5;108.2;111.4
09'2019;wheat flour;109.2;103.7;106.5;106.6;118.6;100.8;114.2;105.4;105.4;128.4;94.7;107.8;113.2;121.0;114.2;115.8
09'2019;pearl-barley groats;103.5;97.6;108.4;102.5;96.5;101.2;102.7;109.8;104.0;109.0;113.8;101.7;113.2;108.6;97.9;99.4
09'2019;roast-beef;102.2;104.6;100.0;96.2;101.5;100.6;95.7;101.0;105.1;101.9;103.1;99.5;98.7;100.0;99.4;103.0
09'2019;beef meat;101.8;99.3;104.7;97.9;93.4;106.1;100.0;102.9;104.8;102.5;97.7;100.4;102.7;103.0;96.9;97.5
09'2019;pork;111.7;113.7;114.6;108.2;110.3;111.5;115.9;113.6;104.1;112.2;110.4;107.5;114.1;109.9;110.1;116.5
09'2019;chicken;100.5;106.4;94.6;102.0;101.1;99.7;98.2;101.1;100.9;95.9;92.6;102.0;97.5;100.5;97.3;100.4
09'2019;pork ham;106.5;110.5;111.4;115.7;97.1;102.2;111.0;105.1;112.0;109.2;109.2;104.7;110.1;116.1;106.9;109.3
09'2019;dried sausage;105.3;112.2;100.7;96.1;110.8;99.9;105.2;103.2;109.4;102.6;111.3;122.7;120.5;105.6;104.8;115.9
09'2019;smoked sausage;107.5;109.0;109.2;119.9;117.9;112.8;102.7;113.6;105.6;118.9;111.0;114.7;106.2;109.1;107.6;105.7
09'2019;hake fish;103.9;103.2;105.3;103.4;106.2;106.9;109.1;99.9;103.3;108.6;93.9;104.1;109.9;109.6;107.5;94.9
09'2019;carp fish;0.0;0.0;0.0;0.0;0.0;0.0;0.0;0.0;0.0;0.0;0.0;0.0;0.0;0.0;0.0;0.0
09'2019;cows' milk fat 3.5%;99.3;100.0;98.5;100.7;100.0;101.5;100.7;107.9;100.4;100.0;100.4;97.5;93.9;99.6;101.1;104.0
09'2019;cows' milk fat 2.5%;103.0;98.8;98.4;102.3;104.6;101.9;100.8;101.8;100.4;98.3;96.8;99.6;98.0;100.0;103.6;104.9
09'2019;cottage cheese;101.6;103.4;99.4;103.4;104.3;101.3;105.0;99.6;100.9;101.0;102.5;108.7;100.2;110.1;98.7;100.9
09'2019;yellow cheese;108.9;105.7;94.0;101.6;104.8;103.9;99.9;98.2;105.6;92.5;105.8;102.1;101.1;98.6;102.7;99.8
09'2019;sour cream fat 18%;101.5;100.0;107.8;102.5;105.5;100.0;102.9;100.6;101.6;101.6;103.3;105.9;103.9;97.8;105.6;95.4
09'2019;eggs 1st class;0.0;0.0;0.0;0.0;0.0;0.0;0.0;0.0;0.0;0.0;0.0;0.0;0.0;0.0;0.0;0.0
09'2019;eggs 2nd class;0.0;0.0;0.0;0.0;0.0;0.0;0.0;0.0;0.0;0.0;0.0;0.0;0.0;0.0;0.0;0.0
09'2019;butter;87.6;82.8;86.7;93.1;85.5;78.7;85.8;78.2;85.4;87.9;87.3;84.1;91.9;82.1;92.8;79.0
09'2019;margarine;92.7;102.2;102.0;103.1;102.5;106.4;95.1;107.0;98.8;86.1;94.9;80.1;109.9;97.8;103.9;102.9
09'2019;rape oil;109.2;101.7;107.2;108.9;110.8;102.8;106.0;115.8;103.0;112.7;105.5;100.2;101.4;116.3;106.3;101.7
09'2019;apples;122.7;111.7;140.0;128.5;133.1;146.6;134.0;127.3;133.8;129.0;112.3;113.3;113.2;121.5;113.6;115.6
09'2019;oranges;90.3;96.1;99.7;101.6;103.4;95.6;93.6;87.1;97.4;91.4;90.2;95.3;94.2;96.7;100.0;103.4
09'2019;lemons;75.9;77.2;72.0;80.6;74.4;74.4;74.6;75.1;82.0;80.1;73.4;77.7;81.6;80.8;74.1;85.3
09'2019;carrots;97.3;109.3;97.2;109.6;108.6;88.1;101.9;101.2;93.0;93.1;99.6;102.7;98.6;102.6;107.3;104.2
09'2019;onions;153.5;147.3;137.0;146.9;151.0;139.1;139.4;144.6;143.2;151.7;166.1;144.1;136.3;145.3;130.8;139.3
09'2019;potatoes;188.4;190.2;189.3;209.6;211.4;195.2;189.7;197.9;224.4;183.6;172.9;221.0;192.5;180.0;206.3;179.6
09'2019;sugar;120.6;116.4;127.6;126.6;121.6;124.3;133.5;126.1;123.6;132.4;130.6;118.8;137.9;127.5;126.3;135.6
09'2019;chocolate;104.2;105.9;113.2;105.0;113.1;107.2;105.7;107.6;100.0;106.2;109.8;102.6;104.0;99.0;104.9;105.0
09'2019;coffee;96.0;100.8;98.9;99.0;96.5;102.4;99.2;104.5;100.1;98.2;97.3;98.7;93.1;105.8;101.7;102.5
09'2019;black tea;0.0;0.0;0.0;0.0;0.0;0.0;0.0;0.0;0.0;0.0;0.0;0.0;0.0;0.0;0.0;0.0
09'2019;apple juice;101.6;100.8;99.7;106.7;94.9;105.5;95.6;106.8;108.7;108.0;109.8;101.1;98.1;114.0;101.3;104.2
09'2019;beer;103.4;106.2;105.9;102.7;106.5;104.9;102.0;108.4;107.6;102.3;107.0;102.8;95.4;99.7;103.8;105.4
09'2019;cigarettes;99.6;99.7;99.6;98.6;99.1;99.1;99.2;99.8;99.6;99.7;99.4;99.5;99.7;99.6;100.1;99.6
09'2019;men's suit;99.5;96.2;110.3;94.3;96.3;105.0;101.1;98.8;101.0;104.1;99.0;112.4;106.6;106.1;105.8;94.5
09'2019;men's shirt;106.3;95.9;104.0;104.6;121.1;108.3;103.9;102.0;103.2;115.0;102.9;98.2;110.7;109.9;107.5;122.4
09'2019;men's cotton undershirt;97.7;96.5;98.0;100.3;107.0;99.6;99.0;103.9;103.6;104.2;100.1;102.5;100.4;111.7;104.1;94.7
09'2019;women's tights;105.4;111.0;102.3;110.7;108.3;105.0;107.7;105.4;104.6;105.5;101.1;104.4;105.6;101.5;102.7;91.2
09'2019;kid's trousers;114.1;108.8;105.9;102.3;87.3;90.0;96.0;95.0;93.8;93.0;104.7;109.8;89.4;99.5;106.7;88.1
09'2019;men's suit dry-cleaning;105.0;105.9;106.6;102.9;102.2;105.7;104.1;107.4;106.4;108.9;105.5;110.1;114.1;108.6;103.0;102.9
09'2019;men's low leather shoes;108.0;102.1;97.9;102.8;100.9;98.7;96.6;85.4;110.2;99.9;103.0;104.5;105.1;98.4;101.7;94.5
09'2019;women's low leather shoes;99.7;100.9;98.5;102.1;102.6;102.9;97.2;94.8;103.9;103.9;99.8;108.7;99.3;98.3;99.9;98.7
09'2019;resoling men's shoes;103.0;104.0;103.7;104.0;101.9;106.5;108.6;103.0;101.0;105.7;101.9;103.5;102.8;111.3;101.7;97.8
09'2019;sink fixture;108.9;108.3;101.8;88.0;117.7;92.1;102.1;98.7;100.1;99.9;97.9;100.1;95.4;110.1;101.8;103.3
09'2019;cold water by municipal water-system;104.6;101.2;104.2;101.0;101.7;103.2;101.7;100.3;102.9;102.7;101.2;102.5;100.7;103.8;101.5;105.1
09'2019;heating of dwellings;98.3;106.9;103.2;112.0;103.1;100.6;96.8;108.6;100.0;99.6;106.2;98.3;99.7;105.1;100.4;109.6
09'2019;hard coal;100.5;100.3;101.3;100.2;101.4;99.5;98.1;99.0;98.6;99.9;97.3;99.2;96.2;96.3;101.0;98.5
09'2019;hot water;103.7;101.7;102.1;100.2;104.0;103.2;100.2;99.2;98.5;105.3;102.6;104.2;111.7;105.1;102.3;102.3
09'2019;synthetic net curtain;108.4;103.7;101.4;110.9;97.4;103.4;103.6;103.3;101.4;103.1;109.3;103.8;108.7;110.9;103.7;100.8
09'2019;frotte cotton towel;98.6;97.6;106.2;104.8;112.5;102.8;96.2;98.4;99.0;93.8;98.1;104.4;112.8;91.1;101.7;109.0
09'2019;food mixer;97.1;99.5;99.0;100.9;101.0;106.3;97.1;109.3;98.7;101.3;99.4;99.2;99.5;102.3;97.7;97.7
09'2019;microwave oven;99.8;103.0;91.4;106.1;96.7;103.3;106.3;96.6;109.5;106.7;102.6;98.8;94.3;112.4;100.4;98.2
09'2019;porcelain soup plate;112.7;103.5;101.1;101.0;106.0;103.5;104.7;103.5;99.1;96.4;100.2;99.2;102.1;102.4;103.0;102.2
09'2019;washing powder;99.7;104.8;101.7;98.8;99.4;98.3;104.4;98.3;106.4;98.9;104.8;99.2;100.9;100.5;105.1;97.2
09'2019;doctor consultation;105.3;104.0;111.9;102.2;114.8;128.2;104.3;116.7;111.6;104.4;105.4;103.5;105.6;114.4;113.4;114.3
09'2019;petrol 95;97.7;97.7;97.5;98.2;97.7;97.9;97.9;98.8;97.7;98.0;97.5;97.7;97.7;97.5;97.3;98.4
09'2019;disel oil;99.2;99.0;98.6;99.4;99.0;99.2;99.0;100.0;99.2;99.2;99.2;98.6;98.2;98.6;99.2;99.8
09'2019;bus ticket;101.1;100.0;101.5;100.0;107.5;111.5;101.5;100.0;105.8;103.9;101.8;98.4;100.0;101.3;99.7;97.6
09'2019;taxi daily fare;105.2;102.9;103.2;101.7;96.8;105.8;103.0;100.8;101.6;104.2;100.5;103.9;100.0;101.2;101.9;105.8
09'2019;cinema ticket;100.2;104.7;99.9;105.6;104.0;102.6;103.8;103.6;101.6;104.0;87.3;100.3;101.1;101.0;104.1;99.1
09'2019;regional newspaper;110.0;110.8;107.0;104.0;106.6;106.8;109.8;106.1;109.3;103.2;111.1;0.0;107.2;112.3;107.0;107.5
09'2019;men's hair-cutting;110.3;104.2;110.9;106.8;123.7;103.0;106.4;102.7;108.6;123.4;105.8;118.8;109.8;104.8;111.3;109.0
09'2019;toilet soap;86.6;104.4;92.6;100.0;98.0;100.0;99.5;91.5;102.4;99.1;85.1;97.0;96.9;94.2;99.1;97.5
09'2019;tooth-paste;126.3;111.9;140.5;128.2;162.5;126.9;108.6;106.1;117.3;120.1;135.1;141.2;122.8;130.9;104.0;131.0
09'2019;segregated waste collection;126.9;119.1;138.5;131.9;124.8;129.0;139.9;130.9;147.7;121.2;107.9;118.2;127.9;120.9;132.5;117.4
09'2019;non-segregated waste collection;142.3;121.3;146.8;144.7;125.3;126.1;152.1;136.8;163.2;133.9;106.2;121.6;147.1;145.0;142.0;139.8
10'2019;rice;103.4;103.9;104.7;108.1;98.6;102.2;110.0;107.8;114.2;108.4;95.7;108.7;103.3;106.7;106.4;106.9
10'2019;wheat roll;102.0;104.3;100.0;110.6;103.6;103.8;112.5;105.7;112.2;104.4;109.1;109.5;109.8;100.0;105.8;111.6
10'2019;wheat-rye bread;103.5;108.8;104.0;107.3;109.1;109.5;109.4;104.2;112.3;119.0;114.5;108.3;114.8;112.5;104.9;109.9
10'2019;wheat flour;103.9;101.2;116.2;114.5;120.1;106.7;111.4;104.8;103.4;133.0;90.8;111.5;120.6;123.5;116.5;115.7
10'2019;pearl-barley groats;107.7;96.7;112.0;94.5;99.1;102.7;101.9;111.9;106.3;109.7;115.0;101.7;104.4;108.1;97.9;98.9
10'2019;roast-beef;103.5;99.8;100.9;97.7;99.8;103.8;97.8;101.0;109.7;96.6;98.2;100.2;98.7;101.8;100.5;104.6
10'2019;beef meat;101.1;98.3;104.8;98.4;95.2;105.6;98.7;99.6;104.5;104.0;91.7;104.3;103.6;94.1;93.4;95.9
10'2019;pork;113.1;114.1;113.4;111.6;110.3;109.7;113.6;111.7;109.7;107.4;110.4;112.9;112.9;111.1;108.0;112.5
10'2019;chicken;105.4;109.9;100.1;106.2;105.9;95.4;101.4;101.1;97.4;100.2;102.3;97.9;103.9;104.0;102.6;106.2
10'2019;pork ham;112.0;113.4;113.9;117.7;94.4;101.2;110.4;105.1;108.4;109.7;108.0;106.6;110.5;117.2;108.0;114.2
10'2019;dried sausage;109.0;112.3;109.1;96.5;105.3;108.4;109.6;105.9;110.8;107.1;111.7;123.2;115.5;102.5;104.8;115.2
10'2019;smoked sausage;108.4;111.6;109.3;118.1;115.8;109.4;107.3;112.5;106.8;115.6;112.5;117.9;104.1;109.4;108.0;108.9
10'2019;hake fish;101.4;103.2;105.6;102.8;103.5;107.5;110.2;107.7;102.9;108.3;94.5;110.3;108.1;108.7;106.5;100.6
10'2019;carp fish;0.0;0.0;0.0;0.0;0.0;0.0;0.0;0.0;0.0;0.0;0.0;0.0;0.0;0.0;0.0;0.0
10'2019;cows' milk fat 3.5%;101.8;97.2;99.3;101.0;96.6;100.4;99.7;102.6;101.4;99.0;101.2;98.2;95.6;99.6;100.0;104.0
10'2019;cows' milk fat 2.5%;98.9;100.4;105.3;101.9;102.9;101.1;101.1;98.6;99.6;98.7;103.0;99.6;99.2;98.1;103.1;108.8
10'2019;cottage cheese;104.3;101.6;98.4;107.4;105.7;99.6;106.6;100.9;104.7;101.9;100.8;105.6;100.2;106.3;99.6;102.6
10'2019;yellow cheese;106.2;102.1;93.6;90.9;105.9;104.3;98.5;100.0;99.5;92.9;103.6;97.8;97.6;102.9;102.8;102.9
10'2019;sour cream fat 18%;101.6;103.7;107.3;102.1;101.8;102.6;102.9;106.4;101.1;99.5;102.2;104.8;99.5;97.3;103.8;100.0
10'2019;eggs 1st class;0.0;0.0;0.0;0.0;0.0;0.0;0.0;0.0;0.0;0.0;0.0;0.0;0.0;0.0;0.0;0.0
10'2019;eggs 2nd class;0.0;0.0;0.0;0.0;0.0;0.0;0.0;0.0;0.0;0.0;0.0;0.0;0.0;0.0;0.0;0.0
10'2019;butter;85.2;82.6;85.7;88.4;83.7;78.6;86.1;84.3;84.8;89.9;89.1;84.4;93.2;85.2;87.7;79.3
10'2019;margarine;93.1;107.3;109.4;101.4;103.5;101.1;95.4;96.2;99.6;89.9;96.8;84.4;101.6;102.1;100.3;102.5
10'2019;rape oil;106.6;104.3;105.1;102.9;108.7;99.5;101.8;111.5;101.9;108.7;104.5;100.2;93.7;100.0;101.5;101.2
10'2019;apples;145.0;133.2;164.6;145.5;145.9;145.4;141.0;151.8;138.1;136.4;140.9;135.0;124.9;126.4;139.5;141.2
10'2019;oranges;100.6;95.1;99.4;101.6;88.4;96.8;95.5;91.2;99.5;86.5;92.5;97.1;92.9;88.5;103.8;111.4
10'2019;lemons;103.4;91.6;98.3;111.3;109.9;94.9;96.7;85.5;110.3;135.3;99.0;97.6;108.5;95.4;96.2;98.8
10'2019;carrots;87.7;102.8;91.4;95.4;100.0;78.4;93.5;91.9;86.7;92.8;98.6;90.2;89.5;89.8;97.5;96.5
10'2019;onions;129.6;144.3;137.8;124.5;131.7;119.6;141.7;144.4;123.5;129.1;154.5;129.3;121.4;134.5;119.1;138.1
10'2019;potatoes;178.0;183.6;186.0;181.1;182.2;187.1;173.6;185.8;208.1;186.1;192.9;198.3;196.2;166.0;200.0;196.6
10'2019;sugar;117.3;115.9;126.6;126.0;123.5;124.2;128.2;126.1;126.0;128.8;132.6;119.2;125.8;126.1;124.4;134.0
10'2019;chocolate;102.7;101.5;112.8;105.5;110.7;100.5;108.0;92.6;103.3;100.5;102.1;103.5;112.3;103.8;108.1;99.2
10'2019;coffee;94.1;104.3;96.8;102.6;106.8;105.0;97.1;110.6;100.4;98.7;99.3;99.9;94.3;104.6;100.5;107.4
10'2019;black tea;0.0;0.0;0.0;0.0;0.0;0.0;0.0;0.0;0.0;0.0;0.0;0.0;0.0;0.0;0.0;0.0
10'2019;apple juice;105.1;101.5;97.8;101.3;96.2;101.0;97.8;114.6;98.8;107.0;104.7;101.3;98.1;106.5;98.0;101.3
10'2019;beer;101.7;100.3;106.1;103.3;101.4;103.8;102.0;108.1;102.4;99.3;108.2;103.2;100.0;101.4;99.7;104.7
10'2019;cigarettes;99.5;99.9;99.6;100.0;99.9;99.4;99.7;100.8;100.6;99.7;99.4;99.5;99.8;99.8;100.2;100.9
10'2019;men's suit;99.5;116.7;109.1;94.3;99.1;105.6;101.1;101.0;101.4;104.1;97.3;106.1;106.6;95.0;103.8;94.5
10'2019;men's shirt;104.1;109.3;104.0;104.6;119.6;108.3;101.5;104.9;103.0;109.9;99.9;109.0;110.7;110.0;107.4;122.4
10'2019;men's cotton undershirt;96.6;91.7;95.7;97.2;106.6;100.6;96.9;103.2;102.6;102.7;103.2;104.6;100.4;114.1;106.1;94.7
10'2019;women's tights;105.4;104.6;106.5;101.9;108.2;107.1;108.2;103.3;100.8;105.3;102.0;102.7;105.8;100.1;106.7;90.7
10'2019;kid's trousers;110.2;104.0;108.8;105.6;98.8;95.3;95.9;107.9;98.6;89.2;104.7;113.9;100.9;103.8;101.8;99.8
10'2019;men's suit dry-cleaning;105.0;104.2;106.6;102.9;106.7;107.6;104.0;108.0;106.4;108.9;106.6;108.5;114.1;109.2;103.0;102.9
10'2019;men's low leather shoes;97.7;101.9;103.5;103.3;105.1;102.3;100.9;84.0;110.2;104.9;100.9;103.5;99.4;98.4;99.4;93.4
10'2019;women's low leather shoes;107.5;99.5;97.5;102.5;100.5;103.0;98.3;94.8;103.9;105.1;99.8;105.8;99.3;96.9;99.4;105.4
10'2019;resoling men's shoes;103.0;104.7;105.2;102.9;100.0;109.2;111.9;103.0;101.0;105.7;101.9;105.0;100.8;111.3;104.5;97.8
10'2019;sink fixture;106.6;105.8;101.2;89.3;120.8;92.0;102.9;99.6;97.7;99.5;100.3;98.5;95.4;110.1;102.7;102.8
10'2019;cold water by municipal water-system;104.6;101.2;104.2;101.9;101.7;103.2;101.7;100.3;102.9;102.7;100.9;102.5;101.5;104.4;101.5;105.1
10'2019;heating of dwellings;98.3;108.3;101.3;102.2;103.6;100.6;95.6;108.6;101.2;99.8;103.8;98.3;101.1;104.7;102.9;109.6
10'2019;hard coal;100.6;100.9;100.9;99.8;101.4;98.2;97.2;99.6;98.7;96.7;98.2;98.8;95.6;96.1;100.2;97.2
10'2019;hot water;102.6;102.0;101.7;101.6;104.0;101.1;101.5;100.4;98.1;105.3;101.8;104.6;111.9;103.7;102.3;102.3
10'2019;synthetic net curtain;110.0;103.8;102.0;109.4;98.3;103.4;103.9;103.3;101.3;101.2;101.8;98.9;118.2;111.3;104.1;87.2
10'2019;frotte cotton towel;96.7;98.6;107.8;101.9;111.4;100.8;98.4;94.9;97.0;94.8;99.4;105.5;111.3;96.3;101.7;106.8
10'2019;food mixer;98.2;100.5;98.0;102.8;103.2;110.0;96.8;111.7;98.7;103.2;98.6;98.2;106.6;103.4;96.9;105.8
10'2019;microwave oven;101.4;97.3;95.1;108.2;99.2;103.1;104.3;96.6;101.7;105.0;107.3;100.0;97.1;114.1;102.8;101.3
10'2019;porcelain soup plate;107.1;101.4;98.6;108.1;102.9;102.1;110.9;103.5;99.1;97.6;102.2;105.1;102.1;103.2;103.3;96.0
10'2019;washing powder;98.8;104.6;98.3;98.6;98.4;98.0;102.5;93.7;101.8;98.3;104.0;97.0;101.3;96.1;104.3;96.6
10'2019;doctor consultation;106.4;106.0;111.9;102.2;114.8;126.0;105.4;116.7;106.7;103.3;105.4;103.5;105.6;119.2;113.2;114.3
10'2019;petrol 95;96.7;96.3;96.5;96.9;96.7;96.5;96.7;97.5;96.9;96.7;96.3;96.9;97.4;95.9;96.5;97.1
10'2019;disel oil;96.7;96.5;95.9;96.7;97.1;96.3;96.5;97.9;96.5;96.5;96.9;96.3;95.9;95.4;96.3;97.5
10'2019;bus ticket;101.1;100.0;101.5;100.0;107.5;103.5;101.5;98.2;105.8;102.1;101.8;98.4;100.0;101.3;102.3;97.6
10'2019;taxi daily fare;103.2;102.9;103.2;101.7;100.7;104.6;103.0;100.8;101.6;103.6;100.9;105.8;104.2;101.2;101.9;105.8
10'2019;cinema ticket;100.1;104.7;98.8;105.6;102.5;102.6;102.1;103.6;101.6;104.0;87.6;100.7;101.1;102.0;104.1;99.1
10'2019;regional newspaper;110.0;110.8;107.0;104.4;106.2;108.2;109.8;102.8;109.3;103.2;111.5;0.0;107.6;112.3;104.5;107.9
10'2019;men's hair-cutting;113.8;105.1;110.9;106.8;120.0;98.8;106.9;102.7;106.9;121.3;105.8;121.1;109.8;105.3;110.7;107.0
10'2019;toilet soap;105.4;97.7;102.9;101.0;99.5;100.0;105.0;101.5;103.9;102.8;104.0;104.5;98.5;98.6;102.3;100.0
10'2019;tooth-paste;108.1;110.0;134.3;127.2;122.4;117.2;105.1;109.9;123.2;108.8;119.0;111.8;109.7;105.2;103.6;122.0
10'2019;segregated waste collection;129.2;119.1;138.5;131.9;124.8;133.3;142.9;130.9;147.7;129.3;107.9;118.2;127.9;124.7;132.5;117.4
10'2019;non-segregated waste collection;143.8;121.3;146.8;144.7;125.3;132.4;155.0;136.8;163.2;144.5;109.7;121.6;147.1;154.0;142.0;139.8
11'2019;rice;102.6;99.7;106.1;104.1;99.4;101.9;107.3;112.0;114.5;108.6;97.9;111.3;103.3;106.9;105.9;109.6
11'2019;wheat roll;100.0;108.7;97.6;110.6;107.3;101.9;109.8;100.0;104.5;100.0;104.2;104.5;109.8;102.3;103.8;116.3
11'2019;wheat-rye bread;102.1;111.9;103.2;105.9;103.2;109.0;105.7;103.1;107.0;108.7;112.0;107.3;114.2;111.0;104.5;112.3
11'2019;wheat flour;107.1;111.9;114.1;123.3;116.5;104.0;112.5;125.4;105.6;132.6;105.5;106.6;117.1;120.0;119.0;112.2
11'2019;pearl-barley groats;105.6;106.8;104.9;94.1;98.2;103.5;102.6;120.1;107.7;107.6;113.3;103.0;116.4;107.3;101.1;100.6
11'2019;roast-beef;106.7;99.6;99.8;98.2;102.0;101.0;97.0;100.4;102.8;98.0;97.9;99.2;100.0;99.3;102.0;102.8
11'2019;beef meat;102.2;99.7;103.3;98.3;99.2;107.3;100.9;102.9;101.5;108.1;92.4;102.8;107.8;111.1;99.3;96.1
11'2019;pork;114.8;116.8;116.9;113.4;108.9;110.0;117.0;120.7;117.0;113.4;110.5;114.7;116.1;113.9;115.6;110.6
11'2019;chicken;106.7;112.2;100.9;108.0;104.5;102.3;104.1;104.3;103.6;101.1;100.5;103.3;103.0;109.8;101.7;107.6
11'2019;pork ham;110.5;111.8;112.8;116.3;99.6;103.8;110.3;105.1;107.6;108.6;108.3;105.9;107.6;115.3;107.0;113.1
11'2019;dried sausage;108.7;112.0;108.0;97.7;112.0;115.8;111.7;106.8;117.6;108.3;113.1;119.0;114.7;105.4;111.7;114.7
11'2019;smoked sausage;111.7;111.2;110.4;123.2;120.1;112.0;107.9;111.4;107.7;113.9;113.6;116.5;107.4;112.0;102.6;107.3
11'2019;hake fish;100.7;102.4;106.1;102.5;103.0;108.2;112.3;108.6;104.1;107.5;100.6;111.0;113.6;107.3;106.4;100.6
11'2019;carp fish;88.3;100.4;97.3;113.6;99.8;104.5;95.1;84.2;103.0;97.7;105.7;103.3;100.0;101.3;97.4;109.1
11'2019;cows' milk fat 3.5%;104.7;99.6;99.6;100.0;102.3;101.1;100.4;106.9;101.1;100.0;104.5;101.1;95.7;103.2;103.4;102.4
11'2019;cows' milk fat 2.5%;101.5;98.8;102.8;103.1;102.5;103.0;102.3;98.6;99.3;100.0;100.0;98.1;96.4;99.2;105.3;105.3
11'2019;cottage cheese;103.6;100.6;101.7;111.9;107.0;100.4;104.6;100.1;100.9;100.8;105.5;109.9;99.7;112.0;102.3;105.3
11'2019;yellow cheese;100.8;102.1;98.6;99.7;102.5;104.9;97.9;107.4;94.1;95.1;103.6;95.2;96.7;96.8;104.0;101.7
11'2019;sour cream fat 18%;104.1;101.0;106.7;104.7;103.0;104.9;102.9;102.8;96.3;99.5;102.2;100.5;99.5;98.9;102.7;99.0
11'2019;eggs 1st class;0.0;0.0;0.0;0.0;0.0;0.0;0.0;0.0;0.0;0.0;0.0;0.0;0.0;0.0;0.0;0.0
11'2019;eggs 2nd class;0.0;0.0;0.0;0.0;0.0;0.0;0.0;0.0;0.0;0.0;0.0;0.0;0.0;0.0;0.0;0.0
11'2019;butter;87.9;86.9;85.1;88.8;83.5;79.4;87.7;78.2;87.4;87.5;92.6;82.6;88.8;86.9;89.7;81.8
11'2019;margarine;96.3;102.3;103.8;101.7;106.5;103.4;95.8;99.7;97.7;84.7;101.3;83.3;99.5;97.2;106.4;107.5
11'2019;rape oil;105.5;97.3;105.1;103.9;108.0;101.4;105.7;108.7;100.2;108.2;104.7;103.3;102.4;105.1;97.4;109.2
11'2019;apples;170.8;161.9;170.3;157.3;162.4;183.4;162.9;175.9;146.2;147.3;144.0;147.3;131.6;143.0;155.8;155.9
11'2019;oranges;104.3;102.0;104.5;97.9;101.3;104.9;104.7;94.1;102.2;95.5;103.6;96.3;100.0;92.1;102.8;102.5
11'2019;lemons;112.0;109.2;110.4;106.5;131.8;115.4;107.8;95.7;118.9;107.7;103.7;106.4;105.7;111.9;106.8;109.1
11'2019;carrots;81.0;101.1;87.7;98.1;86.5;74.9;87.3;88.3;77.5;89.8;90.9;89.7;94.2;95.2;93.2;97.0
11'2019;onions;127.6;141.4;120.4;117.9;114.8;97.3;116.6;115.1;110.2;108.9;132.1;119.0;109.1;129.7;109.1;125.3
11'2019;potatoes;182.6;172.6;181.5;179.0;167.4;177.5;167.3;186.5;193.0;174.3;156.6;192.1;190.8;157.6;179.7;173.9
11'2019;sugar;127.4;117.5;130.8;115.8;118.3;127.4;128.7;124.4;128.6;134.6;127.5;124.0;125.8;124.8;127.6;136.1
11'2019;chocolate;101.7;108.9;108.3;104.9;106.3;105.5;109.3;100.3;104.3;103.1;97.4;101.3;99.7;105.0;102.8;104.8
11'2019;coffee;98.1;102.2;96.5;97.2;103.8;102.8;99.1;109.2;98.0;98.3;100.7;98.7;93.5;105.2;100.7;101.7
11'2019;black tea;0.0;0.0;0.0;0.0;0.0;0.0;0.0;0.0;0.0;0.0;0.0;0.0;0.0;0.0;0.0;0.0
11'2019;apple juice;105.9;106.4;96.9;104.4;99.5;104.5;100.0;104.3;102.2;106.0;102.6;103.8;96.8;101.5;93.9;101.3
11'2019;beer;102.7;106.3;106.4;105.0;104.9;101.0;102.3;105.2;104.6;103.7;105.4;103.9;102.8;103.8;102.1;104.8
11'2019;cigarettes;101.2;101.7;99.8;102.0;101.2;100.8;100.6;105.3;101.2;102.0;101.0;101.4;100.9;100.5;102.2;102.7
11'2019;men's suit;96.9;120.4;109.1;100.9;96.6;101.8;100.3;75.9;101.9;103.3;98.7;102.6;106.6;100.1;102.4;99.1
11'2019;men's shirt;104.3;108.4;104.0;102.9;119.3;108.0;104.3;95.7;103.1;109.9;100.2;103.9;110.7;110.5;107.4;122.4
11'2019;men's cotton undershirt;100.1;92.3;96.4;99.1;106.6;101.3;95.8;103.2;103.6;103.7;98.8;107.7;100.4;114.1;103.5;94.4
11'2019;women's tights;107.3;104.9;107.5;101.7;105.1;107.6;106.6;100.9;102.2;107.6;102.0;101.0;105.8;100.1;106.7;89.2
11'2019;kid's trousers;109.1;104.2;96.9;103.4;76.1;97.8;99.0;101.1;102.7;88.7;112.8;110.8;104.6;102.9;102.6;90.5
11'2019;men's suit dry-cleaning;105.6;104.8;107.8;102.9;106.7;106.8;104.4;108.0;105.9;106.6;106.6;108.4;114.1;105.5;102.5;102.5
11'2019;men's low leather shoes;101.2;101.6;100.6;103.3;97.5;101.2;96.4;86.0;106.5;103.9;101.1;103.3;91.2;98.4;99.1;96.3
11'2019;women's low leather shoes;106.1;99.5;97.1;110.4;102.3;106.2;98.9;91.2;103.9;105.1;98.6;110.8;99.3;96.9;99.3;104.6
11'2019;resoling men's shoes;103.0;104.7;105.1;102.9;100.0;108.2;111.2;103.0;101.0;105.7;101.9;112.6;101.6;111.3;103.8;100.8
11'2019;sink fixture;104.0;104.3;101.1;95.8;110.9;90.2;102.6;97.4;101.4;100.5;97.7;97.6;95.4;111.6;102.0;102.8
11'2019;cold water by municipal water-system;103.9;102.6;104.5;101.9;101.7;103.2;101.9;101.0;101.9;102.7;100.9;102.3;101.5;104.4;101.5;105.1
11'2019;heating of dwellings;98.3;105.8;102.0;106.0;100.4;100.6;96.6;108.6;101.2;99.8;103.8;98.1;102.4;104.7;102.9;108.8
11'2019;hard coal;100.1;100.7;100.5;100.4;101.6;98.3;98.3;100.5;98.1;96.8;98.6;99.7;96.7;97.1;100.6;97.6
11'2019;hot water;102.8;102.0;101.8;106.7;102.8;102.2;101.5;98.5;100.7;105.3;101.8;104.0;112.2;103.7;103.7;102.7
11'2019;synthetic net curtain;109.7;104.1;96.6;108.5;95.5;103.4;103.5;106.7;101.3;101.2;102.9;98.9;118.2;111.3;105.0;100.2
11'2019;frotte cotton towel;98.7;97.1;109.2;101.2;110.3;100.8;101.6;93.5;94.3;95.2;99.4;103.9;111.3;105.6;97.9;104.0
11'2019;food mixer;101.4;101.2;100.6;103.1;100.5;104.5;96.8;112.5;99.1;103.1;96.4;99.1;109.9;105.0;99.2;107.0
11'2019;microwave oven;100.0;95.3;97.9;109.2;98.6;104.0;103.8;98.7;100.3;104.7;103.7;99.7;94.6;114.1;102.2;102.2
11'2019;porcelain soup plate;110.9;100.3;95.8;108.8;100.4;105.3;108.7;103.5;99.1;98.5;99.7;107.2;102.1;99.6;102.8;97.1
11'2019;washing powder;96.7;103.0;100.2;96.3;99.5;100.6;102.1;90.4;100.7;96.7;101.9;92.8;102.2;96.8;103.3;102.8
11'2019;doctor consultation;107.9;105.9;113.1;102.2;109.3;125.4;105.8;116.7;105.8;103.3;105.4;102.3;105.6;119.2;111.7;115.7
11'2019;petrol 95;97.1;96.3;97.0;97.6;96.5;97.0;97.1;97.0;97.4;96.7;96.9;97.4;98.2;96.5;96.7;97.4
11'2019;disel oil;93.7;93.5;93.9;94.0;94.2;93.6;93.6;93.2;93.8;93.6;94.0;94.1;93.8;93.1;93.4;93.8
11'2019;bus ticket;101.1;100.0;101.5;100.0;107.5;103.5;101.5;98.2;105.8;102.1;101.8;100.0;100.0;101.3;104.8;97.6
11'2019;taxi daily fare;102.9;101.9;103.1;101.7;100.7;104.6;102.0;100.8;101.6;103.6;101.3;105.8;100.0;100.6;101.9;106.6
11'2019;cinema ticket;96.5;104.9;98.0;105.6;100.3;101.1;97.9;103.6;101.6;104.0;88.1;104.3;86.6;102.0;104.3;100.4
11'2019;regional newspaper;110.0;111.1;115.0;103.2;105.4;106.8;109.8;109.7;108.5;103.6;111.5;0.0;107.6;112.3;102.2;107.9
11'2019;men's hair-cutting;116.2;106.0;110.8;106.8;122.7;98.8;106.3;102.7;108.5;122.0;105.8;117.2;111.8;104.8;110.7;108.8
11'2019;toilet soap;104.5;100.5;106.5;103.1;111.5;104.9;109.7;105.5;106.3;102.8;111.8;104.0;103.1;105.0;108.5;107.0
11'2019;tooth-paste;108.3;110.5;120.0;119.7;133.0;115.7;117.0;110.6;115.1;112.9;122.8;128.6;100.8;107.7;106.9;130.8
11'2019;segregated waste collection;129.2;119.1;138.5;131.9;124.8;133.3;142.9;130.9;149.5;129.3;107.9;118.2;127.9;124.7;132.5;117.4
11'2019;non-segregated waste collection;143.8;121.3;147.7;144.7;125.3;132.4;155.0;136.8;165.6;144.5;109.7;121.6;147.1;154.0;142.0;139.8
12'2019;rice;97.1;102.6;106.4;107.5;97.5;104.3;106.0;110.5;113.8;105.3;97.7;111.9;100.0;108.6;104.5;104.0
12'2019;wheat roll;101.9;108.7;97.6;110.6;105.4;98.1;107.0;103.6;104.5;104.3;110.9;109.1;107.1;102.3;105.7;120.5
12'2019;wheat-rye bread;103.8;110.9;104.8;103.6;104.0;104.7;106.9;105.2;105.2;108.6;110.4;108.3;112.7;105.6;105.6;109.1
12'2019;wheat flour;113.8;108.4;116.3;112.4;112.0;99.2;115.4;108.4;108.6;131.0;100.7;107.9;114.9;114.6;118.8;125.2
12'2019;pearl-barley groats;105.1;104.7;108.0;94.6;99.6;99.6;100.0;120.2;108.4;103.2;103.3;101.7;117.0;105.0;103.2;108.3
12'2019;roast-beef;107.3;103.3;99.6;98.8;99.3;101.3;97.2;102.1;98.5;96.6;98.7;101.7;99.6;99.3;102.2;105.4
12'2019;beef meat;103.0;103.0;102.3;99.3;96.5;106.9;103.3;103.4;101.1;106.1;94.0;107.8;111.2;97.0;99.0;96.2
12'2019;pork;122.2;126.6;128.6;128.9;120.7;120.9;126.7;120.3;119.1;131.2;116.2;125.6;124.4;129.8;123.9;120.1
12'2019;chicken;112.2;116.0;107.4;105.5;107.6;120.6;106.5;108.8;106.7;112.3;109.7;105.8;105.1;108.3;104.8;106.5
12'2019;pork ham;112.9;112.1;112.8;120.4;96.2;111.2;108.6;107.7;108.2;120.9;107.0;111.7;126.0;125.5;110.2;113.6
12'2019;dried sausage;110.7;113.5;108.3;101.8;105.8;114.1;115.6;114.0;116.7;110.1;113.1;116.8;111.8;113.8;114.0;117.3
12'2019;smoked sausage;115.9;114.1;113.2;127.4;114.4;111.0;110.7;105.5;112.3;120.9;107.9;112.9;115.1;110.1;111.7;117.9
12'2019;hake fish;101.0;105.4;105.5;103.3;105.0;110.2;116.2;100.8;105.9;107.0;107.0;107.4;108.9;111.0;105.6;104.4
12'2019;carp fish;96.3;95.2;98.8;91.7;101.5;96.7;101.5;95.1;101.3;102.3;104.6;96.0;120.1;99.3;97.5;105.9
12'2019;cows' milk fat 3.5%;102.2;100.4;98.9;100.3;104.7;102.6;102.8;104.9;101.8;105.3;106.6;105.2;102.4;103.6;103.0;100.0
12'2019;cows' milk fat 2.5%;101.8;102.0;107.8;101.5;104.5;102.6;102.7;106.7;101.1;108.6;102.5;101.6;101.3;102.7;105.3;106.4
12'2019;cottage cheese;107.6;102.3;103.9;103.2;106.1;103.9;104.2;100.4;97.9;98.1;102.4;109.3;99.0;107.4;104.1;109.4
12'2019;yellow cheese;97.1;101.6;100.5;99.2;98.6;105.3;106.3;100.2;98.8;93.8;100.0;96.3;98.0;98.3;102.1;105.1
12'2019;sour cream fat 18%;103.1;103.1;112.7;104.1;97.6;110.0;102.3;107.9;100.5;99.5;108.5;107.2;99.5;95.6;101.1;101.5
12'2019;eggs 1st class;0.0;0.0;0.0;0.0;0.0;0.0;0.0;0.0;0.0;0.0;0.0;0.0;0.0;0.0;0.0;0.0
12'2019;eggs 2nd class;0.0;0.0;0.0;0.0;0.0;0.0;0.0;0.0;0.0;0.0;0.0;0.0;0.0;0.0;0.0;0.0
12'2019;butter;91.9;84.4;88.1;85.9;82.3;84.3;86.5;83.5;83.8;87.5;87.6;85.3;87.8;88.3;90.1;82.9
12'2019;margarine;98.4;102.9;110.4;104.5;106.5;104.7;101.6;119.5;95.3;86.6;98.2;96.9;100.3;94.9;110.4;107.9
12'2019;rape oil;108.3;104.9;108.8;102.4;106.0;107.2;101.4;113.9;105.0;113.0;109.3;112.5;104.1;112.1;102.3;110.5
12'2019;apples;162.8;156.6;168.1;155.7;148.7;175.7;168.7;175.2;158.4;157.6;157.1;146.0;139.4;157.8;160.3;172.8
12'2019;oranges;103.2;104.2;105.8;101.7;110.9;110.4;110.5;103.2;96.3;98.0;113.3;102.5;90.9;105.0;108.1;109.4
12'2019;lemons;124.7;103.1;111.3;95.6;119.7;116.0;110.4;96.1;97.0;110.2;108.0;123.5;113.3;118.0;115.4;110.9
12'2019;carrots;81.3;96.9;93.0;92.5;88.1;78.7;90.7;88.8;80.9;91.3;92.9;90.5;88.2;94.3;98.9;100.7
12'2019;onions;109.6;127.9;110.8;122.1;110.5;100.4;111.9;104.5;100.0;111.9;129.5;111.9;83.5;110.3;104.8;116.6
12'2019;potatoes;162.9;163.4;172.3;161.7;165.6;157.3;154.1;163.9;177.4;166.7;148.3;170.1;153.5;148.8;160.7;159.2
12'2019;sugar;123.4;121.2;125.0;117.8;122.6;122.5;117.7;122.6;119.2;126.6;125.0;125.2;137.9;118.9;122.7;133.0
12'2019;chocolate;100.7;103.9;102.9;105.7;98.9;101.0;110.1;101.8;101.6;99.7;97.4;104.1;99.0;98.0;108.7;102.6
12'2019;coffee;96.7;98.0;92.3;98.6;106.9;98.6;98.7;109.4;100.3;99.3;97.6;98.9;91.7;109.1;98.3;106.6
12'2019;black tea;0.0;0.0;0.0;0.0;0.0;0.0;0.0;0.0;0.0;0.0;0.0;0.0;0.0;0.0;0.0;0.0
12'2019;apple juice;105.1;99.7;108.4;107.0;98.7;96.6;104.8;100.3;100.7;102.4;112.4;108.2;105.7;101.0;95.9;99.5
12'2019;beer;100.3;107.1;108.0;102.6;104.7;100.7;104.8;103.1;103.8;108.0;108.6;101.8;105.7;107.1;100.3;100.0
12'2019;cigarettes;101.6;102.7;101.3;102.2;102.0;101.4;100.9;105.3;101.2;102.8;104.4;100.9;101.2;101.5;102.6;104.0
12'2019;men's suit;92.6;120.4;102.3;104.7;96.6;101.5;94.3;69.6;104.6;101.3;95.4;100.8;106.6;108.5;104.1;99.7
12'2019;men's shirt;104.8;108.4;104.0;104.0;120.0;101.3;101.4;85.8;104.2;110.9;100.2;99.9;111.7;110.5;106.1;119.9
12'2019;men's cotton undershirt;100.4;94.1;98.1;98.9;107.0;99.3;96.2;103.2;103.9;100.0;100.7;109.3;113.0;108.7;103.6;98.0
12'2019;women's tights;108.9;108.9;106.9;108.7;115.7;107.6;106.7;103.7;100.2;107.6;104.8;101.3;105.8;99.9;106.1;91.2
12'2019;kid's trousers;118.3;105.9;108.9;102.0;97.8;95.0;96.6;111.1;106.0;88.7;114.4;113.2;101.6;118.0;102.4;92.5
12'2019;men's suit dry-cleaning;105.6;104.8;107.1;102.9;104.0;105.9;104.2;108.0;107.4;107.8;106.6;107.6;114.1;105.5;103.2;102.9
12'2019;men's low leather shoes;103.4;98.5;95.4;101.9;104.4;101.6;96.1;86.0;111.4;103.1;98.3;103.3;99.4;100.9;99.3;93.6
12'2019;women's low leather shoes;111.1;104.3;97.1;111.7;115.7;103.7;100.1;98.4;104.8;105.1;98.6;110.2;99.3;100.6;99.4;104.4
12'2019;resoling men's shoes;103.0;104.7;105.6;102.9;100.0;109.5;112.3;103.0;101.0;105.7;101.9;117.2;101.6;108.9;103.8;100.8
12'2019;sink fixture;105.1;104.9;95.4;93.9;108.2;92.4;107.0;99.7;101.4;100.1;99.5;100.1;89.0;107.4;100.9;103.4
12'2019;cold water by municipal water-system;103.9;102.6;104.5;101.9;101.7;103.2;101.9;101.0;101.9;102.7;100.9;102.3;101.5;104.4;101.5;105.1
12'2019;heating of dwellings;98.3;105.8;102.0;106.0;101.1;101.4;96.6;108.6;101.2;98.6;103.8;98.1;102.4;104.7;102.9;108.3
12'2019;hard coal;100.4;101.0;100.2;99.5;102.2;99.2;98.2;100.0;98.0;97.5;98.5;99.5;94.0;97.2;100.5;96.7
12'2019;hot water;102.8;102.0;101.8;106.7;105.1;102.2;101.5;97.9;100.7;102.5;101.8;104.0;112.2;103.7;103.7;102.7
12'2019;synthetic net curtain;108.6;105.0;108.4;108.9;94.8;103.4;102.2;108.0;101.4;104.0;101.6;99.6;120.4;110.4;105.1;86.9
12'2019;frotte cotton towel;97.6;99.3;106.3;98.8;110.9;100.8;101.3;91.0;95.1;93.2;99.4;101.3;115.0;104.1;101.3;104.0
12'2019;food mixer;103.6;95.6;101.2;101.2;98.5;102.4;94.9;125.8;105.9;101.5;105.7;103.7;103.8;106.2;98.8;108.8
12'2019;microwave oven;101.2;98.9;103.0;111.6;99.3;100.5;101.8;94.2;99.5;102.4;104.8;98.3;97.8;105.3;103.8;101.0
12'2019;porcelain soup plate;114.1;101.1;95.0;110.8;100.4;105.4;107.5;103.2;102.4;95.9;101.8;106.8;102.1;99.6;102.7;97.9
12'2019;washing powder;98.4;103.0;100.6;92.8;98.2;102.7;102.1;85.1;100.0;97.6;101.5;95.8;102.2;96.4;97.7;104.4
12'2019;doctor consultation;107.9;105.9;113.1;104.9;109.3;125.4;107.1;114.2;105.8;103.3;106.8;102.3;109.3;119.2;111.7;115.7
12'2019;petrol 95;101.2;100.2;101.0;100.8;100.0;102.9;100.6;100.6;102.0;101.2;101.6;103.1;104.0;101.6;100.6;100.6
12'2019;disel oil;98.3;98.3;98.2;98.6;97.9;98.6;97.7;99.4;99.4;99.2;98.1;99.4;99.8;97.9;97.1;96.8
12'2019;bus ticket;101.1;100.0;101.5;100.0;107.5;110.2;101.5;98.2;110.4;102.1;101.8;100.0;100.0;100.0;104.8;97.6
12'2019;taxi daily fare;102.9;101.9;104.9;100.6;92.1;105.5;102.0;101.3;101.6;102.4;101.3;105.4;100.0;100.6;102.6;107.1
12'2019;cinema ticket;96.4;112.4;98.1;105.6;100.6;101.7;97.9;104.0;101.6;102.0;87.7;104.3;86.6;102.0;104.3;101.8
12'2019;regional newspaper;110.0;111.1;116.8;102.4;107.1;106.8;109.8;106.1;108.5;104.0;111.5;0.0;107.6;111.8;102.2;109.6
12'2019;men's hair-cutting;117.8;106.0;112.3;106.8;122.7;99.3;107.1;102.7;108.5;120.0;106.4;116.4;111.8;103.7;111.0;107.3
12'2019;toilet soap;105.9;98.6;109.0;102.0;105.4;103.4;108.7;105.5;105.3;102.8;108.5;102.4;105.8;101.4;101.9;104.4
12'2019;tooth-paste;108.1;114.2;118.7;120.7;122.6;121.3;106.6;136.0;112.2;110.5;123.2;121.9;120.1;128.7;109.3;132.8
12'2019;segregated waste collection;129.2;119.1;155.9;131.9;124.8;133.3;142.9;130.9;149.5;129.3;113.4;118.2;127.9;124.7;132.5;117.4
12'2019;non-segregated waste collection;143.8;121.3;147.5;144.7;125.3;132.4;155.0;136.8;165.6;144.5;118.0;121.6;147.1;154.0;142.0;139.8
